id,thread_id,source,subreddit,post_or_comment,url,created_utc,created_date,score,num_comments,text
post_1pqiqvw,1pqiqvw,reddit,apple,post,https://www.reddit.com/r/apple/comments/1pqiqvw/apple_quietly_discontinued_flyover_city_tours_in/,1766143468.0,2025-12-19 05:24:28,933.0,83.0,Apple Quietly Discontinued Flyover City Tours in Apple Maps
comment_1pqiqvw_0,1pqiqvw,reddit,apple,comment,https://www.reddit.com/r/apple/comments/1pqiqvw/apple_quietly_discontinued_flyover_city_tours_in/,1766143468.0,2025-12-19 05:24:28,,,I would rather have the ability to drive a route in Maps. Apple Street View or whatever it's called is much superior to Google and would easily allow such a feature as you can basically do it now with tapping
comment_1pqiqvw_1,1pqiqvw,reddit,apple,comment,https://www.reddit.com/r/apple/comments/1pqiqvw/apple_quietly_discontinued_flyover_city_tours_in/,1766143468.0,2025-12-19 05:24:28,,,"&gt;Apple Maps no longer offers a Flyover feature that provides users with automated tours of notable landmarks in major cities. The Flyover option appears to have been nixed around when iOS 26 launched, but its removal went largely unnoticed.

&gt;Flyover city tours were introduced in 2014 with iOS 8 and OS X Yosemite, using Flyover imagery to generate an aerial tour. Most cities with Flyover imagery supported the tour feature, but it may not have been used often since Apple was able to quietly discontinue it.

&gt;Flyover imagery has not been removed and over 350 cities continue to have 3D Flyover imagery that highlights landmarks, parks, important buildings, and more with a bird's-eye view.

&gt;Apple uses imagery collected with small military-grade planes that created detailed maps of buildings from above for Flyover. The feature is not available in some areas due to privacy and security concerns.

&gt;Flyover city tours used to be accessible by tapping on the Flyover icon when searching for a city, but that option has now been removed."
comment_1pqiqvw_2,1pqiqvw,reddit,apple,comment,https://www.reddit.com/r/apple/comments/1pqiqvw/apple_quietly_discontinued_flyover_city_tours_in/,1766143468.0,2025-12-19 05:24:28,,,I liked the idea but it was painfully slow. I wish I could skip forward
comment_1pqiqvw_3,1pqiqvw,reddit,apple,comment,https://www.reddit.com/r/apple/comments/1pqiqvw/apple_quietly_discontinued_flyover_city_tours_in/,1766143468.0,2025-12-19 05:24:28,,,"I've noticed a while ago that the feature was gone, but it always felt like a gimmick. It is kinda cool that you can 3D render some cities with such fidelity, and flyover showcased that, but it's always been completely useless otherwise."
comment_1pqiqvw_4,1pqiqvw,reddit,apple,comment,https://www.reddit.com/r/apple/comments/1pqiqvw/apple_quietly_discontinued_flyover_city_tours_in/,1766143468.0,2025-12-19 05:24:28,,,Noooooooo I liked this stupid feature.
comment_1pqiqvw_5,1pqiqvw,reddit,apple,comment,https://www.reddit.com/r/apple/comments/1pqiqvw/apple_quietly_discontinued_flyover_city_tours_in/,1766143468.0,2025-12-19 05:24:28,,,"as a map nerd, this saddens me… but it was about as useful as an ashtray on a motorcycle."
comment_1pqiqvw_6,1pqiqvw,reddit,apple,comment,https://www.reddit.com/r/apple/comments/1pqiqvw/apple_quietly_discontinued_flyover_city_tours_in/,1766143468.0,2025-12-19 05:24:28,,,Pretty sure this feature was just a tech demo for the 3d mappings they had. They no longer need it.
comment_1pqiqvw_7,1pqiqvw,reddit,apple,comment,https://www.reddit.com/r/apple/comments/1pqiqvw/apple_quietly_discontinued_flyover_city_tours_in/,1766143468.0,2025-12-19 05:24:28,,,I really hate how every year they announce a lot of new features and suddenly they quietly take them out. It serves only stupid promoting purposes. I wish they kept it simple and don’t add a ton of useless stuff.
comment_1pqiqvw_8,1pqiqvw,reddit,apple,comment,https://www.reddit.com/r/apple/comments/1pqiqvw/apple_quietly_discontinued_flyover_city_tours_in/,1766143468.0,2025-12-19 05:24:28,,,That’s so sad!!
comment_1pqiqvw_9,1pqiqvw,reddit,apple,comment,https://www.reddit.com/r/apple/comments/1pqiqvw/apple_quietly_discontinued_flyover_city_tours_in/,1766143468.0,2025-12-19 05:24:28,,,"I'd never even heard of this feature, so no wonder they were able to quietly discontinue it!"
comment_1pqiqvw_10,1pqiqvw,reddit,apple,comment,https://www.reddit.com/r/apple/comments/1pqiqvw/apple_quietly_discontinued_flyover_city_tours_in/,1766143468.0,2025-12-19 05:24:28,,,can you guys tell me about this kind of stuff before it's discontinued?
comment_1pqiqvw_11,1pqiqvw,reddit,apple,comment,https://www.reddit.com/r/apple/comments/1pqiqvw/apple_quietly_discontinued_flyover_city_tours_in/,1766143468.0,2025-12-19 05:24:28,,,"I've checked back pretty often whether this feature was still available because i've always found it such a funny useless addition. I remember it being there at least in one of the earlier ios 26 beta's, maybe even release, but it's also very possible this was a server side change disabling access on every version."
comment_1pqiqvw_12,1pqiqvw,reddit,apple,comment,https://www.reddit.com/r/apple/comments/1pqiqvw/apple_quietly_discontinued_flyover_city_tours_in/,1766143468.0,2025-12-19 05:24:28,,,Quietly is the new Slams ironically.
comment_1pqiqvw_13,1pqiqvw,reddit,apple,comment,https://www.reddit.com/r/apple/comments/1pqiqvw/apple_quietly_discontinued_flyover_city_tours_in/,1766143468.0,2025-12-19 05:24:28,,,"I enjoyed this because it gave you access to a hidden augmented reality mode, where you could start the tour and immediately pause it, and then just pan around the city using your device as it shows you the 3D city around you moving perfectly in time with your hand.

You could also drag to a new location and “look around” from that new perspective.

It came out around the time that Google Earth VR started being a thing, and I’m surprised it never went any further."
comment_1pqiqvw_14,1pqiqvw,reddit,apple,comment,https://www.reddit.com/r/apple/comments/1pqiqvw/apple_quietly_discontinued_flyover_city_tours_in/,1766143468.0,2025-12-19 05:24:28,,,"quickest bake ad hoc hurry lavish lip squeeze advise public jar

 *This post was mass deleted and anonymized with [Redact](https://redact.dev/home)*"
comment_1pqiqvw_15,1pqiqvw,reddit,apple,comment,https://www.reddit.com/r/apple/comments/1pqiqvw/apple_quietly_discontinued_flyover_city_tours_in/,1766143468.0,2025-12-19 05:24:28,,,"the new lane by lane direction is still only available in selected cities in the US. What are they doing with maps, it has been 4-5 years since they announce this"
comment_1pqiqvw_16,1pqiqvw,reddit,apple,comment,https://www.reddit.com/r/apple/comments/1pqiqvw/apple_quietly_discontinued_flyover_city_tours_in/,1766143468.0,2025-12-19 05:24:28,,,"So this is not the same thing as the Aerials screensaver on my AppleTV right?  I love that, would be bummed if it was gone"
comment_1pqiqvw_17,1pqiqvw,reddit,apple,comment,https://www.reddit.com/r/apple/comments/1pqiqvw/apple_quietly_discontinued_flyover_city_tours_in/,1766143468.0,2025-12-19 05:24:28,,,Did they stop street view too? Two years ago the Apple cars were going through every street and nothing.  Then last year their set up came through again.  Now a year after that and we still don’t have any street view.  Does it take three years to put them together or what?
post_1pgh00h,1pgh00h,reddit,apple,post,https://www.reddit.com/r/apple/comments/1pgh00h/made_an_affordable_app_to_add_alarms_to_reminders/,1765109803.0,2025-12-07 06:16:43,5.0,30.0,"Made an affordable app to add alarms to reminders and calendar events

I made this app Cannot Ignore because now in iOS 26 we finally have the ability to schedule proper alarms in the future. Meaning now, for an event, you don’t have to just get a single buzz and notification banner: You can get a full-blown alarm that takes over your whole screen.

https://apps.apple.com/us/app/cannot-ignore-super-alarms/id6755636605

You might say, well, I’ll just schedule it with the clock app. NOPE. You can set it to reoccur on a week day every week, but that’s it. You can’t schedule a single alarm on a certain day for an important event.

You might say, yeah, well, surely Reminders and Calendar have this built in. NOPE. Their alerts are just those notification banners.

More features of the app:
* Cannot Ignore can sync with your Calendar and Reminders, or just certain calendars or certain Reminders lists. 
* Or you can import them individually, instead of syncing all of them, or add individual one-off alarms that aren’t in your Calendar or Reminders (honestly, that’s the only part I wanted, except a friend convinced me that he loved having alarms automatically syncing ALL his events, saying it helped his ADHD, so I went with that.)
* You can make the syncing to Calendars and Reminders automatic by connecting a Shortcuts automation to run the syncing in the background at a time of your choosing. (this part is a huge technical challenge, because Apple doesn’t like to give developers the ability to continually run silently in the background, for good reasons, but it does make things like this tricky.)
* You can choose a custom sound for your alarm (I used the “I get knocked down, but I get up again” clip I recorded of the YouTube video on my phone).
* You can set a custom sound as a default sound for all apps in Settings.
* You can attach links to the events, so that there is a big button to open the link to send you to a Zoom meeting or Map directions URL. (These are automatically added from Calendar and Reminders)
* In settings, you can make it so that synced/imported events get an alarm n number of minutes before the actual event. So you can set that to 1 minute, 12 minutes, etc. There is a textfield for that.
* And of course you can edit the time and information of any event you create or import.

There are other apps taking advantage of AlarmKit in iOS 26. Some have features that I don’t, I have some features that they don’t. But probably a big differentiator is that this is a pretty good set of features that costs only $1 up front. And feel free to ping me if you need help getting a reimbursement if you don’t like the app, at hello@cephalopod.studio.

Thanks, and hope y’all enjoy.

Edit:

As folks have mentioned, iOS 26.2, which is probably dropping soon, adds the ability to mark a Reminder as “urgent” which then triggers a full-screen alarm.

So, no automatic adding to a calendar. No automatically adding alarms to lists of Reminders. No custom setting a time before a given reminder or calendar event for an alarm. No custom sounds, etc. So a bit Sherlocked, but still a lot of conveniences."
comment_1pgh00h_0,1pgh00h,reddit,apple,comment,https://www.reddit.com/r/apple/comments/1pgh00h/made_an_affordable_app_to_add_alarms_to_reminders/,1765109803.0,2025-12-07 06:16:43,,,You may have been partially sherlocked as 26.2 adds the ability to tie an alarm to a reminder.
comment_1pgh00h_1,1pgh00h,reddit,apple,comment,https://www.reddit.com/r/apple/comments/1pgh00h/made_an_affordable_app_to_add_alarms_to_reminders/,1765109803.0,2025-12-07 06:16:43,,,Didn’t apple just add this functionality to the reminders with latest ios?
comment_1pgh00h_2,1pgh00h,reddit,apple,comment,https://www.reddit.com/r/apple/comments/1pgh00h/made_an_affordable_app_to_add_alarms_to_reminders/,1765109803.0,2025-12-07 06:16:43,,,Dudes fighting for his life trying to say this is relevant once 26.2 drops
comment_1pgh00h_3,1pgh00h,reddit,apple,comment,https://www.reddit.com/r/apple/comments/1pgh00h/made_an_affordable_app_to_add_alarms_to_reminders/,1765109803.0,2025-12-07 06:16:43,,,Yeah this is completely irrelevant when 26.2 drops. :(
comment_1pgh00h_4,1pgh00h,reddit,apple,comment,https://www.reddit.com/r/apple/comments/1pgh00h/made_an_affordable_app_to_add_alarms_to_reminders/,1765109803.0,2025-12-07 06:16:43,,,"Oof, I think this is unfortunate timing. iOS 26.2 adds this to reminders."
comment_1pgh00h_5,1pgh00h,reddit,apple,comment,https://www.reddit.com/r/apple/comments/1pgh00h/made_an_affordable_app_to_add_alarms_to_reminders/,1765109803.0,2025-12-07 06:16:43,,,Let me true before paying.
comment_1pgh00h_6,1pgh00h,reddit,apple,comment,https://www.reddit.com/r/apple/comments/1pgh00h/made_an_affordable_app_to_add_alarms_to_reminders/,1765109803.0,2025-12-07 06:16:43,,,"Very cool app, great work!"
comment_1pgh00h_7,1pgh00h,reddit,apple,comment,https://www.reddit.com/r/apple/comments/1pgh00h/made_an_affordable_app_to_add_alarms_to_reminders/,1765109803.0,2025-12-07 06:16:43,,,"Thank you for this! Instant buy, as it's cheap and something I've always wanted."
comment_1pgh00h_8,1pgh00h,reddit,apple,comment,https://www.reddit.com/r/apple/comments/1pgh00h/made_an_affordable_app_to_add_alarms_to_reminders/,1765109803.0,2025-12-07 06:16:43,,,"Bought it. Looks great. Have some ideas for improvements.

\- When I import events from a calender, it should check if it has configured travel time, as sometimes I need to prepare/leave before the actual event in the calendar

\- It would be nice to have ability to add or import a tag from the calendar here as well, so I can list what alarms I have for specific tag"
comment_1pgh00h_9,1pgh00h,reddit,apple,comment,https://www.reddit.com/r/apple/comments/1pgh00h/made_an_affordable_app_to_add_alarms_to_reminders/,1765109803.0,2025-12-07 06:16:43,,,"Totally hear you on that, but the flexibility your app offers sounds killer. The syncing options are a game changer, especially for people with a busy calendar. Sometimes you just need that extra nudge to actually get stuff done, and your app seems like it delivers."
comment_1pgh00h_10,1pgh00h,reddit,apple,comment,https://www.reddit.com/r/apple/comments/1pgh00h/made_an_affordable_app_to_add_alarms_to_reminders/,1765109803.0,2025-12-07 06:16:43,,,"Heck, I'm probably going to pick kt up because it's just a dollar with no other iAP or subscriptions.. even if I don't end up using it much, I'm willing to give the author the dollar just for that."
comment_1pgh00h_11,1pgh00h,reddit,apple,comment,https://www.reddit.com/r/apple/comments/1pgh00h/made_an_affordable_app_to_add_alarms_to_reminders/,1765109803.0,2025-12-07 06:16:43,,,"Holy hell dude! Nice job! This is something I wanted for years, never thought it was possible on iOS. I tried my hand at making it for Android and ended up stonewalled by Google’s rigid policies about background services blocking my Alarm service from running constantly without system approval."
post_1paorgu,1paorgu,reddit,apple,post,https://www.reddit.com/r/apple/comments/1paorgu/apple_developing_these_5_new_satellite_features/,1764525532.0,2025-11-30 11:58:52,561.0,193.0,"Apple Developing These 5 New Satellite Features for iPhone

# Summary

The article describes five new satellite features that Apple is developing for the iPhone. These features include Apple Maps via satellite, photos in Messages via satellite, natural usage of satellite connectivity from indoors, satellite over 5G, and a satellite API framework for third-party apps."
comment_1paorgu_0,1paorgu,reddit,apple,comment,https://www.reddit.com/r/apple/comments/1paorgu/apple_developing_these_5_new_satellite_features/,1764525532.0,2025-11-30 11:58:52,,,"What happened to weather over satellite? I was really looking forward to that, great feature to have while extended camping / backpacking"
comment_1paorgu_1,1paorgu,reddit,apple,comment,https://www.reddit.com/r/apple/comments/1paorgu/apple_developing_these_5_new_satellite_features/,1764525532.0,2025-11-30 11:58:52,,,"The thing is, this will never be better than Starlink direct to cell (or Amazon Leo’s system, in a couple years). Starlinks just orbit lower and there’s more of them, compared to the satellites Apple uses which orbit a lot higher."
comment_1paorgu_2,1paorgu,reddit,apple,comment,https://www.reddit.com/r/apple/comments/1paorgu/apple_developing_these_5_new_satellite_features/,1764525532.0,2025-11-30 11:58:52,,,is it reliable for anyone? i was at the beach a month or two ago with no cell service so i tried it for some messages and it just did not really work well at all.
comment_1paorgu_3,1paorgu,reddit,apple,comment,https://www.reddit.com/r/apple/comments/1paorgu/apple_developing_these_5_new_satellite_features/,1764525532.0,2025-11-30 11:58:52,,,"This actually sounds huge. Offline Apple Maps navigation over satellite and sending photos via Messages without cell/Wi-Fi would be a massive upgrade for travel, hikers, or anyone in low-coverage areas."
comment_1paorgu_4,1paorgu,reddit,apple,comment,https://www.reddit.com/r/apple/comments/1paorgu/apple_developing_these_5_new_satellite_features/,1764525532.0,2025-11-30 11:58:52,,,"Apple are planning on putting the carriers out of business.

It's *much* cheaper to put up a satellite constellation (ie Starlink) than it is to cover the ground in cables and radios. It's getting to the point where there will be enough bandwidth. And they're obviously working hard on satellite ""stuff"".

I promise you. Apple connectivity - $10/month or included with ""Apple One"". No third party needed."
comment_1paorgu_5,1paorgu,reddit,apple,comment,https://www.reddit.com/r/apple/comments/1paorgu/apple_developing_these_5_new_satellite_features/,1764525532.0,2025-11-30 11:58:52,,,"Still waiting for *any* satellite features to be available in my country (Nordics). 

Seems like Apple promised the availability would expand quite a while ago."
comment_1paorgu_6,1paorgu,reddit,apple,comment,https://www.reddit.com/r/apple/comments/1paorgu/apple_developing_these_5_new_satellite_features/,1764525532.0,2025-11-30 11:58:52,,,"Apple: ""Oh gosh, with photos over satellite we have to charge monthly for satellite connectivity!""

Me: ""But I don't want to send photos that way, I just want emergency and maybe brief text messages over satellite and not pay another subscription.""

Apple: ""Oh and you can connect while inside buildings! It's so useful and well worth the fee!""

Me: facepalm."
comment_1paorgu_7,1paorgu,reddit,apple,comment,https://www.reddit.com/r/apple/comments/1paorgu/apple_developing_these_5_new_satellite_features/,1764525532.0,2025-11-30 11:58:52,,,Still waiting for FaceTime Audio Via Satellite.
comment_1paorgu_8,1paorgu,reddit,apple,comment,https://www.reddit.com/r/apple/comments/1paorgu/apple_developing_these_5_new_satellite_features/,1764525532.0,2025-11-30 11:58:52,,,"Can someone tell me if location sharing will be supported? If not, how will the transporter get a lock on any of us to beam us off this planet?"
comment_1paorgu_9,1paorgu,reddit,apple,comment,https://www.reddit.com/r/apple/comments/1paorgu/apple_developing_these_5_new_satellite_features/,1764525532.0,2025-11-30 11:58:52,,,How’s this stuff free?!
comment_1paorgu_10,1paorgu,reddit,apple,comment,https://www.reddit.com/r/apple/comments/1paorgu/apple_developing_these_5_new_satellite_features/,1764525532.0,2025-11-30 11:58:52,,,As long as I can avoid Starlink and every Musk company I am game.
comment_1paorgu_11,1paorgu,reddit,apple,comment,https://www.reddit.com/r/apple/comments/1paorgu/apple_developing_these_5_new_satellite_features/,1764525532.0,2025-11-30 11:58:52,,,I wonder if any of this is going to be paywalled like the original satellite connectivity was planned to be
comment_1paorgu_12,1paorgu,reddit,apple,comment,https://www.reddit.com/r/apple/comments/1paorgu/apple_developing_these_5_new_satellite_features/,1764525532.0,2025-11-30 11:58:52,,,Is there a reason to post three-week-old MacRumors posts? Please do not.
comment_1paorgu_13,1paorgu,reddit,apple,comment,https://www.reddit.com/r/apple/comments/1paorgu/apple_developing_these_5_new_satellite_features/,1764525532.0,2025-11-30 11:58:52,,,what i want is group iMessage via satellite
comment_1paorgu_14,1paorgu,reddit,apple,comment,https://www.reddit.com/r/apple/comments/1paorgu/apple_developing_these_5_new_satellite_features/,1764525532.0,2025-11-30 11:58:52,,,What I really don’t understand is how much it costs.
post_1pa1e9w,1pa1e9w,reddit,apple,post,https://www.reddit.com/r/apple/comments/1pa1e9w/the_eu_says_apple_maps_may_be_big_enough_to_be/,1764454499.0,2025-11-29 16:14:59,1003.0,355.0,The EU says Apple Maps may be big enough to be considered a DMA gatekeeper
comment_1pa1e9w_0,1pa1e9w,reddit,apple,comment,https://www.reddit.com/r/apple/comments/1pa1e9w/the_eu_says_apple_maps_may_be_big_enough_to_be/,1764454499.0,2025-11-29 16:14:59,,,"The EU hasn't said anything yet, after the initial ""designated gatekeepers"" companies have the responsibility to *self-report* when they reach the thresholds,  I believe this applies to any companies that meet the threshold not just the big tech gang.

Apple has reported that Maps and Ads have reached the threshold, and the EU has acknowledged receiving the report.

The EU will decide if they designate these services gatekeepers or not, by about February.  Then they will say something."
comment_1pa1e9w_1,1pa1e9w,reddit,apple,comment,https://www.reddit.com/r/apple/comments/1pa1e9w/the_eu_says_apple_maps_may_be_big_enough_to_be/,1764454499.0,2025-11-29 16:14:59,,,"Bit misleading title.

Services with certain amount of users require the company to report them to EU, who then decide whether to designate it a gatekeeper or not. Apple notified EU that maps and ads reach these thresholds and will also provide statement on why they still shouldn’t be considered gatekeepers, main reason being low amount of users in EU."
comment_1pa1e9w_2,1pa1e9w,reddit,apple,comment,https://www.reddit.com/r/apple/comments/1pa1e9w/the_eu_says_apple_maps_may_be_big_enough_to_be/,1764454499.0,2025-11-29 16:14:59,,,at this point by next week the EU will designate the Apple Polishing Cloth a gatekeeper
comment_1pa1e9w_3,1pa1e9w,reddit,apple,comment,https://www.reddit.com/r/apple/comments/1pa1e9w/the_eu_says_apple_maps_may_be_big_enough_to_be/,1764454499.0,2025-11-29 16:14:59,,,"At this point, it feels like the EU have it out for Apple, specially."
comment_1pa1e9w_4,1pa1e9w,reddit,apple,comment,https://www.reddit.com/r/apple/comments/1pa1e9w/the_eu_says_apple_maps_may_be_big_enough_to_be/,1764454499.0,2025-11-29 16:14:59,,,At this point I have to wonder if Apple fans are literate. The article \*literally\* says APPLE reached out to the EU to let them know Maps had reach DMA thresholds and you guys are STILL complaining about how the EU is being unfair.
comment_1pa1e9w_5,1pa1e9w,reddit,apple,comment,https://www.reddit.com/r/apple/comments/1pa1e9w/the_eu_says_apple_maps_may_be_big_enough_to_be/,1764454499.0,2025-11-29 16:14:59,,,It’s not only Apple like the usual commenters make it up in the comments. All the corpo-anti-consumer-fucks are treated as gate-keepers by EU. Google and playstore are treated the same. It’s honestly one of the biggest perks of being in EU.
comment_1pa1e9w_6,1pa1e9w,reddit,apple,comment,https://www.reddit.com/r/apple/comments/1pa1e9w/the_eu_says_apple_maps_may_be_big_enough_to_be/,1764454499.0,2025-11-29 16:14:59,,,this comment section is so full of actual chuds boohoo God forbid a government care about its people and the consumer wah wah
comment_1pa1e9w_7,1pa1e9w,reddit,apple,comment,https://www.reddit.com/r/apple/comments/1pa1e9w/the_eu_says_apple_maps_may_be_big_enough_to_be/,1764454499.0,2025-11-29 16:14:59,,,"Doubt this will lead to anything since you can already change the default map app, althou in CarPlay its very frustrating if you rely on your Calendar app to redirect to your destination, since it defaults to Apple Maps and sometimes you get a pop-up saying ""Open Google maps""."
comment_1pa1e9w_8,1pa1e9w,reddit,apple,comment,https://www.reddit.com/r/apple/comments/1pa1e9w/the_eu_says_apple_maps_may_be_big_enough_to_be/,1764454499.0,2025-11-29 16:14:59,,,EU can go and suck a big fat one for once
comment_1pa1e9w_9,1pa1e9w,reddit,apple,comment,https://www.reddit.com/r/apple/comments/1pa1e9w/the_eu_says_apple_maps_may_be_big_enough_to_be/,1764454499.0,2025-11-29 16:14:59,,,At a certain point people are just going to stop doing business with the EU because it’s going to be too much of a hassle
comment_1pa1e9w_10,1pa1e9w,reddit,apple,comment,https://www.reddit.com/r/apple/comments/1pa1e9w/the_eu_says_apple_maps_may_be_big_enough_to_be/,1764454499.0,2025-11-29 16:14:59,,,"Honestly not surprising. Apple Maps is baked into every iPhone, default for tons of system features, and tied into things like CarPlay and Siri."
comment_1pa1e9w_11,1pa1e9w,reddit,apple,comment,https://www.reddit.com/r/apple/comments/1pa1e9w/the_eu_says_apple_maps_may_be_big_enough_to_be/,1764454499.0,2025-11-29 16:14:59,,,"Typical EU again.

We won’t develop shit but we will tax &amp; fine everyone who will develop… 

They haven’t uttered any word against spotify"
comment_1pa1e9w_12,1pa1e9w,reddit,apple,comment,https://www.reddit.com/r/apple/comments/1pa1e9w/the_eu_says_apple_maps_may_be_big_enough_to_be/,1764454499.0,2025-11-29 16:14:59,,,Gatekeeper to what exactly? Google Maps? But Google Maps is also a gatekeeper.
comment_1pa1e9w_13,1pa1e9w,reddit,apple,comment,https://www.reddit.com/r/apple/comments/1pa1e9w/the_eu_says_apple_maps_may_be_big_enough_to_be/,1764454499.0,2025-11-29 16:14:59,,,"Apple maps is pretty bad outside of the US.   Google really, really dominates globally."
comment_1pa1e9w_14,1pa1e9w,reddit,apple,comment,https://www.reddit.com/r/apple/comments/1pa1e9w/the_eu_says_apple_maps_may_be_big_enough_to_be/,1764454499.0,2025-11-29 16:14:59,,,Good. At least antitrust means something somewhere.
comment_1pa1e9w_15,1pa1e9w,reddit,apple,comment,https://www.reddit.com/r/apple/comments/1pa1e9w/the_eu_says_apple_maps_may_be_big_enough_to_be/,1764454499.0,2025-11-29 16:14:59,,,"At this point, I’m getting tired of EU. Some foolish part of me wants to Apple to just remove themselves from the region entirely. Have fun with controlling Android."
comment_1pa1e9w_16,1pa1e9w,reddit,apple,comment,https://www.reddit.com/r/apple/comments/1pa1e9w/the_eu_says_apple_maps_may_be_big_enough_to_be/,1764454499.0,2025-11-29 16:14:59,,,American tech companies are the EU's biggest funding source.
comment_1pa1e9w_17,1pa1e9w,reddit,apple,comment,https://www.reddit.com/r/apple/comments/1pa1e9w/the_eu_says_apple_maps_may_be_big_enough_to_be/,1764454499.0,2025-11-29 16:14:59,,,Does the EU ever do anything that actually helps European people?
comment_1pa1e9w_18,1pa1e9w,reddit,apple,comment,https://www.reddit.com/r/apple/comments/1pa1e9w/the_eu_says_apple_maps_may_be_big_enough_to_be/,1764454499.0,2025-11-29 16:14:59,,,"what's the end goal here, more bureaucracy for big tech?"
comment_1pa1e9w_19,1pa1e9w,reddit,apple,comment,https://www.reddit.com/r/apple/comments/1pa1e9w/the_eu_says_apple_maps_may_be_big_enough_to_be/,1764454499.0,2025-11-29 16:14:59,,,"Apple Maps is shit and you have numerous options on the phone.  Like the bug in the app that it downloads 20 GB and you can remove it without a full wipe. 

tf does the EU have to go after Apple for this?"
comment_1pa1e9w_20,1pa1e9w,reddit,apple,comment,https://www.reddit.com/r/apple/comments/1pa1e9w/the_eu_says_apple_maps_may_be_big_enough_to_be/,1764454499.0,2025-11-29 16:14:59,,,https://preview.redd.it/ec3p2i61ba4g1.jpeg?width=800&amp;format=pjpg&amp;auto=webp&amp;s=84c013663dc0682d8b0d8850c4cf57b059bbe778
comment_1pa1e9w_21,1pa1e9w,reddit,apple,comment,https://www.reddit.com/r/apple/comments/1pa1e9w/the_eu_says_apple_maps_may_be_big_enough_to_be/,1764454499.0,2025-11-29 16:14:59,,,What’s the EUs hard on for Apple? I get predatory practices and stuff but this is insane
post_1p8gdql,1p8gdql,reddit,apple,post,https://www.reddit.com/r/apple/comments/1p8gdql/apple_has_notified_the_eu_that_its_core_platform/,1764287198.0,2025-11-27 17:46:38,226.0,37.0,"Apple has notified the EU that its core platform services, Apple Ads and Apple Maps, meet the Digital Markets Act thresholds"
comment_1p8gdql_0,1p8gdql,reddit,apple,comment,https://www.reddit.com/r/apple/comments/1p8gdql/apple_has_notified_the_eu_that_its_core_platform/,1764287198.0,2025-11-27 17:46:38,,,"""Apple notified the Commission that Apple Ads and Apple Maps meet DMA thresholds. The Commission has 45 working days to decide on their gatekeeper status; if designated, Apple must comply within six months."""
comment_1p8gdql_1,1p8gdql,reddit,apple,comment,https://www.reddit.com/r/apple/comments/1p8gdql/apple_has_notified_the_eu_that_its_core_platform/,1764287198.0,2025-11-27 17:46:38,,,"I read the article and still can’t work out if “meet the thresholds” means Apple are claiming not to be a gatekeeper, or are confirming that they are a gatekeeper 😅"
comment_1p8gdql_2,1p8gdql,reddit,apple,comment,https://www.reddit.com/r/apple/comments/1p8gdql/apple_has_notified_the_eu_that_its_core_platform/,1764287198.0,2025-11-27 17:46:38,,,Not surprising.
comment_1p8gdql_3,1p8gdql,reddit,apple,comment,https://www.reddit.com/r/apple/comments/1p8gdql/apple_has_notified_the_eu_that_its_core_platform/,1764287198.0,2025-11-27 17:46:38,,,"Not sure how Apple Ads and Apple Maps meet this threshold but iMessage doesn't. 

Something doesn't add up."
comment_1p8gdql_4,1p8gdql,reddit,apple,comment,https://www.reddit.com/r/apple/comments/1p8gdql/apple_has_notified_the_eu_that_its_core_platform/,1764287198.0,2025-11-27 17:46:38,,,"Oh boy, excited for the EU to “help” the rest of us again…"
comment_1p8gdql_5,1p8gdql,reddit,apple,comment,https://www.reddit.com/r/apple/comments/1p8gdql/apple_has_notified_the_eu_that_its_core_platform/,1764287198.0,2025-11-27 17:46:38,,,Who uses Apple Maps in Europe lmao it’s complete shit
comment_1p8gdql_6,1p8gdql,reddit,apple,comment,https://www.reddit.com/r/apple/comments/1p8gdql/apple_has_notified_the_eu_that_its_core_platform/,1764287198.0,2025-11-27 17:46:38,,,"We’ll all know how much full of shit the EU are, if the try to designate *fucking Maps* a gatekeeper!"
comment_1p8gdql_7,1p8gdql,reddit,apple,comment,https://www.reddit.com/r/apple/comments/1p8gdql/apple_has_notified_the_eu_that_its_core_platform/,1764287198.0,2025-11-27 17:46:38,,,"""We've investigated ourselves and found no wrong doing."""
post_1ogl1dq,1ogl1dq,reddit,apple,post,https://www.reddit.com/r/apple/comments/1ogl1dq/apple_reportedly_moving_ahead_with_ads_in_maps_app/,1761486414.0,2025-10-26 08:46:54,2377.0,1017.0,Apple Reportedly Moving Ahead With Ads in Maps App
comment_1ogl1dq_0,1ogl1dq,reddit,apple,comment,https://www.reddit.com/r/apple/comments/1ogl1dq/apple_reportedly_moving_ahead_with_ads_in_maps_app/,1761486414.0,2025-10-26 08:46:54,,,Ads in Google Maps really tanked that app for me I’d hate to see this in Apple Maps
comment_1ogl1dq_1,1ogl1dq,reddit,apple,comment,https://www.reddit.com/r/apple/comments/1ogl1dq/apple_reportedly_moving_ahead_with_ads_in_maps_app/,1761486414.0,2025-10-26 08:46:54,,,I'm reportedly moving away from Apple Maps
comment_1ogl1dq_2,1ogl1dq,reddit,apple,comment,https://www.reddit.com/r/apple/comments/1ogl1dq/apple_reportedly_moving_ahead_with_ads_in_maps_app/,1761486414.0,2025-10-26 08:46:54,,,"When I first join the Apple ecosystem, I liked the fact that paying a premium meant no ads anywhere.

Apple now wants to charge a premium AND show you ads?"
comment_1ogl1dq_3,1ogl1dq,reddit,apple,comment,https://www.reddit.com/r/apple/comments/1ogl1dq/apple_reportedly_moving_ahead_with_ads_in_maps_app/,1761486414.0,2025-10-26 08:46:54,,,Apple’s becoming completely unrecognizable from the company I used to be such a fan of.
comment_1ogl1dq_4,1ogl1dq,reddit,apple,comment,https://www.reddit.com/r/apple/comments/1ogl1dq/apple_reportedly_moving_ahead_with_ads_in_maps_app/,1761486414.0,2025-10-26 08:46:54,,,"I’m a customer, not the product. Too many companies want us to be both."
comment_1ogl1dq_5,1ogl1dq,reddit,apple,comment,https://www.reddit.com/r/apple/comments/1ogl1dq/apple_reportedly_moving_ahead_with_ads_in_maps_app/,1761486414.0,2025-10-26 08:46:54,,,Should be illegal to have ads on anything that’s used on car displays
comment_1ogl1dq_6,1ogl1dq,reddit,apple,comment,https://www.reddit.com/r/apple/comments/1ogl1dq/apple_reportedly_moving_ahead_with_ads_in_maps_app/,1761486414.0,2025-10-26 08:46:54,,,"FFS, I am using Apple Maps exactly because it’s not full of shit like the Google version and I hate ad companies."
comment_1ogl1dq_7,1ogl1dq,reddit,apple,comment,https://www.reddit.com/r/apple/comments/1ogl1dq/apple_reportedly_moving_ahead_with_ads_in_maps_app/,1761486414.0,2025-10-26 08:46:54,,,"Ads, ads, ads. Is this the best capitalism can do? This is all so dumb.

It makes me want to live on a fucking farm…"
comment_1ogl1dq_8,1ogl1dq,reddit,apple,comment,https://www.reddit.com/r/apple/comments/1ogl1dq/apple_reportedly_moving_ahead_with_ads_in_maps_app/,1761486414.0,2025-10-26 08:46:54,,,Apple losing its aura like this is crazy
comment_1ogl1dq_9,1ogl1dq,reddit,apple,comment,https://www.reddit.com/r/apple/comments/1ogl1dq/apple_reportedly_moving_ahead_with_ads_in_maps_app/,1761486414.0,2025-10-26 08:46:54,,,Oof.
comment_1ogl1dq_10,1ogl1dq,reddit,apple,comment,https://www.reddit.com/r/apple/comments/1ogl1dq/apple_reportedly_moving_ahead_with_ads_in_maps_app/,1761486414.0,2025-10-26 08:46:54,,,"I mean, I use Apple Maps instead of Google Maps because it doesn’t have ads even though it’s a worse app. 

If there’s ads and they’re intrusive , might as well go back to google maps., we’ll see."
comment_1ogl1dq_11,1ogl1dq,reddit,apple,comment,https://www.reddit.com/r/apple/comments/1ogl1dq/apple_reportedly_moving_ahead_with_ads_in_maps_app/,1761486414.0,2025-10-26 08:46:54,,,"Stuff like this is completely off brand for Apple. If they start doing stuff like this, my other disappointments with their ecosystem might be enough to switch to a more open platform.

The walled garden only works when it’s nice inside."
comment_1ogl1dq_12,1ogl1dq,reddit,apple,comment,https://www.reddit.com/r/apple/comments/1ogl1dq/apple_reportedly_moving_ahead_with_ads_in_maps_app/,1761486414.0,2025-10-26 08:46:54,,,WTAF I cannot believe this NOOOOOOOOOOOOOOOOOOOO.
comment_1ogl1dq_13,1ogl1dq,reddit,apple,comment,https://www.reddit.com/r/apple/comments/1ogl1dq/apple_reportedly_moving_ahead_with_ads_in_maps_app/,1761486414.0,2025-10-26 08:46:54,,,"It's exhausting how these services just keep getting worse.

OpenStreetMaps is an option, there are several clients available on iOS. If you only need turn navigation it may be enough."
comment_1ogl1dq_14,1ogl1dq,reddit,apple,comment,https://www.reddit.com/r/apple/comments/1ogl1dq/apple_reportedly_moving_ahead_with_ads_in_maps_app/,1761486414.0,2025-10-26 08:46:54,,,"I’m so tired of these companies putting ads everywhere and tracking me. I honestly can’t wait for the GrapheneOS team to release their own phone with the OEM partner. 

I’m done with these companies."
comment_1ogl1dq_15,1ogl1dq,reddit,apple,comment,https://www.reddit.com/r/apple/comments/1ogl1dq/apple_reportedly_moving_ahead_with_ads_in_maps_app/,1761486414.0,2025-10-26 08:46:54,,,Enshittification remains undefeated.
comment_1ogl1dq_16,1ogl1dq,reddit,apple,comment,https://www.reddit.com/r/apple/comments/1ogl1dq/apple_reportedly_moving_ahead_with_ads_in_maps_app/,1761486414.0,2025-10-26 08:46:54,,,Now put ads in the measure app.
comment_1ogl1dq_17,1ogl1dq,reddit,apple,comment,https://www.reddit.com/r/apple/comments/1ogl1dq/apple_reportedly_moving_ahead_with_ads_in_maps_app/,1761486414.0,2025-10-26 08:46:54,,,Everyday is like a free fall into some consumer distopiyan nightmare where everything wants to f you in some way
comment_1ogl1dq_18,1ogl1dq,reddit,apple,comment,https://www.reddit.com/r/apple/comments/1ogl1dq/apple_reportedly_moving_ahead_with_ads_in_maps_app/,1761486414.0,2025-10-26 08:46:54,,,"Let them know if you hate this idea:

https://www.apple.com/feedback/maps-ios-ipados/"
comment_1ogl1dq_19,1ogl1dq,reddit,apple,comment,https://www.reddit.com/r/apple/comments/1ogl1dq/apple_reportedly_moving_ahead_with_ads_in_maps_app/,1761486414.0,2025-10-26 08:46:54,,,Ads are getting ridiculous these days. Amazon Prime Video has ads even though I paid for it for years. They just decided to do it or pull another $3 from me every month. Can’t even watch a baseball game without them projecting an ad in the pitcher mound. YouTube has become excessive with ads. There’s got to be a better way because this ain’t it.
comment_1ogl1dq_20,1ogl1dq,reddit,apple,comment,https://www.reddit.com/r/apple/comments/1ogl1dq/apple_reportedly_moving_ahead_with_ads_in_maps_app/,1761486414.0,2025-10-26 08:46:54,,,This the exact thing we are looking to avoid by using Apple.
comment_1ogl1dq_21,1ogl1dq,reddit,apple,comment,https://www.reddit.com/r/apple/comments/1ogl1dq/apple_reportedly_moving_ahead_with_ads_in_maps_app/,1761486414.0,2025-10-26 08:46:54,,,"I used to always stand up for Apple by saying- you pay the apple tax on everything, but at least it’s not full of adds.

Well, I’m now trying to figure out why the “apple tax” is worth it"
comment_1ogl1dq_22,1ogl1dq,reddit,apple,comment,https://www.reddit.com/r/apple/comments/1ogl1dq/apple_reportedly_moving_ahead_with_ads_in_maps_app/,1761486414.0,2025-10-26 08:46:54,,,"""Gurman warned that the move risks some amount of consumer backlash.""

ALOT of backlash."
comment_1ogl1dq_23,1ogl1dq,reddit,apple,comment,https://www.reddit.com/r/apple/comments/1ogl1dq/apple_reportedly_moving_ahead_with_ads_in_maps_app/,1761486414.0,2025-10-26 08:46:54,,,Do not make we go back to google maps. I’ll fucking do it.
comment_1ogl1dq_24,1ogl1dq,reddit,apple,comment,https://www.reddit.com/r/apple/comments/1ogl1dq/apple_reportedly_moving_ahead_with_ads_in_maps_app/,1761486414.0,2025-10-26 08:46:54,,,"The first time I see an add, I’ll be back using Google Maps."
comment_1ogl1dq_25,1ogl1dq,reddit,apple,comment,https://www.reddit.com/r/apple/comments/1ogl1dq/apple_reportedly_moving_ahead_with_ads_in_maps_app/,1761486414.0,2025-10-26 08:46:54,,,"When they relaxed the rules on ads in notifications, you knew it was just the beginning.  Fuck Tim Apple."
comment_1ogl1dq_26,1ogl1dq,reddit,apple,comment,https://www.reddit.com/r/apple/comments/1ogl1dq/apple_reportedly_moving_ahead_with_ads_in_maps_app/,1761486414.0,2025-10-26 08:46:54,,,"I'll catch downvotes for this, but I'm sure I'll live with it:

Google Maps doesn't give me ads, and has been reliable, so I'll stick with what works."
comment_1ogl1dq_27,1ogl1dq,reddit,apple,comment,https://www.reddit.com/r/apple/comments/1ogl1dq/apple_reportedly_moving_ahead_with_ads_in_maps_app/,1761486414.0,2025-10-26 08:46:54,,,Dumb move and it will turn more users away from the app and potentially away from Apple completely.
comment_1ogl1dq_28,1ogl1dq,reddit,apple,comment,https://www.reddit.com/r/apple/comments/1ogl1dq/apple_reportedly_moving_ahead_with_ads_in_maps_app/,1761486414.0,2025-10-26 08:46:54,,,Can’t wait to just use Google Maps exclusively
comment_1ogl1dq_29,1ogl1dq,reddit,apple,comment,https://www.reddit.com/r/apple/comments/1ogl1dq/apple_reportedly_moving_ahead_with_ads_in_maps_app/,1761486414.0,2025-10-26 08:46:54,,,"At that point, why should I prefer Apple Maps to Google Maps?"
comment_1ogl1dq_30,1ogl1dq,reddit,apple,comment,https://www.reddit.com/r/apple/comments/1ogl1dq/apple_reportedly_moving_ahead_with_ads_in_maps_app/,1761486414.0,2025-10-26 08:46:54,,,Greed has finally won
comment_1ogl1dq_31,1ogl1dq,reddit,apple,comment,https://www.reddit.com/r/apple/comments/1ogl1dq/apple_reportedly_moving_ahead_with_ads_in_maps_app/,1761486414.0,2025-10-26 08:46:54,,,So fucking tired of everything having ads. Boo 😒
comment_1ogl1dq_32,1ogl1dq,reddit,apple,comment,https://www.reddit.com/r/apple/comments/1ogl1dq/apple_reportedly_moving_ahead_with_ads_in_maps_app/,1761486414.0,2025-10-26 08:46:54,,,"Aren’t they winning the trillionaire game already? Why are they lifting up the couch cushions looking for coins? This is so disappointing from Apple. Google and Samsung I get because tackiness is their brand, but Apple? Come on Tim."
comment_1ogl1dq_33,1ogl1dq,reddit,apple,comment,https://www.reddit.com/r/apple/comments/1ogl1dq/apple_reportedly_moving_ahead_with_ads_in_maps_app/,1761486414.0,2025-10-26 08:46:54,,,"I think that Tim Cook has been the only barrier to all of the OS platforms being an ad filled mess, and they will be everywhere once he's gone. Music and TV are prime targets for enshitification.

When ads do come to all the other apps, I would hope they are less intrusive like the ones in App Store and not completely obnoxious like the ones in News and the paid News+ subscription, but I don't believe that will be the case."
comment_1ogl1dq_34,1ogl1dq,reddit,apple,comment,https://www.reddit.com/r/apple/comments/1ogl1dq/apple_reportedly_moving_ahead_with_ads_in_maps_app/,1761486414.0,2025-10-26 08:46:54,,,This was why I used Apple products. I pay upfront to not be advertised to.
comment_1ogl1dq_35,1ogl1dq,reddit,apple,comment,https://www.reddit.com/r/apple/comments/1ogl1dq/apple_reportedly_moving_ahead_with_ads_in_maps_app/,1761486414.0,2025-10-26 08:46:54,,,Apple I will switch to android so fast. Don’t put ads on my phone or I’m out
comment_1ogl1dq_36,1ogl1dq,reddit,apple,comment,https://www.reddit.com/r/apple/comments/1ogl1dq/apple_reportedly_moving_ahead_with_ads_in_maps_app/,1761486414.0,2025-10-26 08:46:54,,,I’m so ad fatigued.
comment_1ogl1dq_37,1ogl1dq,reddit,apple,comment,https://www.reddit.com/r/apple/comments/1ogl1dq/apple_reportedly_moving_ahead_with_ads_in_maps_app/,1761486414.0,2025-10-26 08:46:54,,,Christ are these fucking companies not rich enough?
comment_1ogl1dq_38,1ogl1dq,reddit,apple,comment,https://www.reddit.com/r/apple/comments/1ogl1dq/apple_reportedly_moving_ahead_with_ads_in_maps_app/,1761486414.0,2025-10-26 08:46:54,,,"Is this why my parents still use paper maps and the 'ol Atlas books?

Getting pretty used to just scrolling past any ""sponsored"" item in apps/sites/search."
comment_1ogl1dq_39,1ogl1dq,reddit,apple,comment,https://www.reddit.com/r/apple/comments/1ogl1dq/apple_reportedly_moving_ahead_with_ads_in_maps_app/,1761486414.0,2025-10-26 08:46:54,,,"Apple Maps is not even used nearly enough to warrant ads. They need to work on getting better data points and ditch Yelp. 

My biggest issue is Apple used to be a hardware company that’s slowly turning into Google the ad revenue company. I pay for Apple News+ but I still see ads in the News app."
comment_1ogl1dq_40,1ogl1dq,reddit,apple,comment,https://www.reddit.com/r/apple/comments/1ogl1dq/apple_reportedly_moving_ahead_with_ads_in_maps_app/,1761486414.0,2025-10-26 08:46:54,,,Fuck these people. Everyone should start using DNS based ad blockers.
comment_1ogl1dq_41,1ogl1dq,reddit,apple,comment,https://www.reddit.com/r/apple/comments/1ogl1dq/apple_reportedly_moving_ahead_with_ads_in_maps_app/,1761486414.0,2025-10-26 08:46:54,,,I am so fucking sick of these bastard project managers
comment_1ogl1dq_42,1ogl1dq,reddit,apple,comment,https://www.reddit.com/r/apple/comments/1ogl1dq/apple_reportedly_moving_ahead_with_ads_in_maps_app/,1761486414.0,2025-10-26 08:46:54,,,"This is disgusting. The biggest selling point for a lot of people is appple is not an ads company like google. The more they start to use my data to sell ads the more they lose the argument.  And with that will go their reputation for privacy because ads and privacy are competing company philosophies. 


Disgusting move."
comment_1ogl1dq_43,1ogl1dq,reddit,apple,comment,https://www.reddit.com/r/apple/comments/1ogl1dq/apple_reportedly_moving_ahead_with_ads_in_maps_app/,1761486414.0,2025-10-26 08:46:54,,,They still need to get rid of Yelp.
comment_1ogl1dq_44,1ogl1dq,reddit,apple,comment,https://www.reddit.com/r/apple/comments/1ogl1dq/apple_reportedly_moving_ahead_with_ads_in_maps_app/,1761486414.0,2025-10-26 08:46:54,,,"Who the fuck actually clicks on ads. In the 35 years I’ve used the internet I’ve literally never have clicked on a cold call ad and bought something from it. Why is this the number one shitificaiton method.

The only time I’ve ever had remote interest in sponsored/ad content is when what is being served to me is ultra specific to my query… i.e the way Amazon does it when you’re looking for a product… and even then. No.

Maps? No, I don’t want to sift through fucking garbage, especially when I already have my destination in mind.

You can’t even pump gas now without some asshole on a screen trying to sell you something. It’s just a constant barrage of shit shoved in our faces constantly. Even driving now on my fucking dashboard I’m seeing an ads for something like WindowsDirect on the song title next to my speedometer when listening to FM. They’ve literally replaced transmitted song titles over FM with ads now.

I’m surprised we can still turn our TVs off instead of seeing a slideshow of ads instead. It’s a perfectly big and empty screen, I’m sure some asshole is trying to figure that one out too.

I’m fucking tired of this bullshit."
comment_1ogl1dq_45,1ogl1dq,reddit,apple,comment,https://www.reddit.com/r/apple/comments/1ogl1dq/apple_reportedly_moving_ahead_with_ads_in_maps_app/,1761486414.0,2025-10-26 08:46:54,,,One of the biggest benefits to Apple for me is the lack of ads. I don’t get ads everywhere on my Apple TV like fire stick users do. Yet here we are. Hope something can change their minds.
comment_1ogl1dq_46,1ogl1dq,reddit,apple,comment,https://www.reddit.com/r/apple/comments/1ogl1dq/apple_reportedly_moving_ahead_with_ads_in_maps_app/,1761486414.0,2025-10-26 08:46:54,,,"This would be horrible , couldn’t imagine getting ads while I’m trying to drive and read directions. Would have to move full time to Waze or something similar"
comment_1ogl1dq_47,1ogl1dq,reddit,apple,comment,https://www.reddit.com/r/apple/comments/1ogl1dq/apple_reportedly_moving_ahead_with_ads_in_maps_app/,1761486414.0,2025-10-26 08:46:54,,,"I can &amp; will just delete that app. Ads are malware portals, so no. Just no."
comment_1ogl1dq_48,1ogl1dq,reddit,apple,comment,https://www.reddit.com/r/apple/comments/1ogl1dq/apple_reportedly_moving_ahead_with_ads_in_maps_app/,1761486414.0,2025-10-26 08:46:54,,,Guess it’s back to printing out directions 😞
comment_1ogl1dq_49,1ogl1dq,reddit,apple,comment,https://www.reddit.com/r/apple/comments/1ogl1dq/apple_reportedly_moving_ahead_with_ads_in_maps_app/,1761486414.0,2025-10-26 08:46:54,,,Google's map app is better for finding stuff in a location that Apple's. so I have no real reason to use it.
post_1o18hjl,1o18hjl,reddit,apple,post,https://www.reddit.com/r/apple/comments/1o18hjl/apple_vs_google_product_launch_timeline_20052025/,1759924864.0,2025-10-08 07:01:04,0.0,14.0,"Apple vs Google Product Launch Timeline (2005-2025)

# Apple vs Google Product Launch Timeline (2005-2025)

## Table 1: Product Launches (2005-2012)

| Product/Service Category | Google Launch | Apple Launch | Who Launched First? |
|-------------------------|---------------|--------------|-------------------|
| **Maps/Navigation** | Google Maps: Feb 2005 | Apple Maps: Sept 2012 | **Google** (7.5 years earlier) |
| **Email Services** | Gmail: April 2004 | iCloud Mail: Oct 2011&lt;br&gt;(MobileMe: July 2008) | **Google** (7 years earlier) |
| **Web Browsers** | Chrome: Sept 2008 | Safari: Jan 2003 | **Apple** (5.5 years earlier) |
| **Video Platforms** | YouTube (acquired): Nov 2006 | iTunes Store Videos: Oct 2005 | **Apple** (1 year earlier) |
| **Smartphones** | Android OS: Sept 2008&lt;br&gt;(HTC Dream/G1) | iPhone: June 2007 | **Apple** (1.25 years earlier) |
| **Cloud Storage/Sync** | Google Drive: April 2012 | iCloud: Oct 2011&lt;br&gt;(MobileMe: July 2008) | **Apple** (6 months earlier for iCloud) |
| **App Stores** | Google Play (Android Market): Oct 2008 | App Store: July 2008 | **Apple** (3 months earlier) |
| **Voice Assistants** | Google Now: July 2012 | Siri: Oct 2011 | **Apple** (9 months earlier) |
| **Tablets** | Nexus 7: July 2012 | iPad: April 2010 | **Apple** (2 years earlier) |
| **Street View/360° Maps** | Street View: May 2007 | Look Around: Sept 2019 | **Google** (12 years earlier) |
| **Social Networks** | Google+: June 2011&lt;br&gt;(shut down 2019) | Ping: Sept 2010&lt;br&gt;(shut down 2012) | **Apple** (9 months earlier) |

## Table 2: Product Launches (2013-2025)

| Product/Service Category | Google Launch | Apple Launch | Who Launched First? |
|-------------------------|---------------|--------------|-------------------|
| **Mobile Payments** | Android Pay: Sept 2015&lt;br&gt;Google Pay: Feb 2018 | Apple Pay: Oct 2014 | **Apple** (1 year earlier) |
| **Smart Speakers** | Google Home: Nov 2016 | HomePod: Feb 2018 | **Google** (1.5 years earlier) |
| **Voice Assistants (Enhanced)** | Google Assistant: May 2016 | Siri (continued evolution) | **Google** (new generation) |
| **Tracking Tags** | Find My Device Network: April 2024 | AirTags: April 2021 | **Apple** (3 years earlier) |
| **Smartwatches** | Android Wear: March 2014&lt;br&gt;(Wear OS: 2018) | Apple Watch: April 2015 | **Google** (1 year earlier) |
| **Streaming Devices** | Chromecast: July 2013 | Apple TV (4th gen): Oct 2015 | **Google** (2+ years earlier) |
| **Photo Storage/Management** | Google Photos: May 2015 | iCloud Photos: Sept 2014 | **Apple** (8 months earlier) |
| **Music Streaming** | Google Play Music All Access: May 2013&lt;br&gt;YouTube Music: 2015 | Apple Music: June 2015 | **Google** (2 years earlier) |
| **Augmented Reality** | ARCore: Aug 2017 | ARKit: Sept 2017 | **Google** (1 month earlier) |
| **Digital Wellbeing/Screen Time** | Digital Wellbeing: May 2018 | Screen Time: Sept 2018 | **Google** (4 months earlier) |
| **Wireless Earbuds** | Pixel Buds: Nov 2017 | AirPods: Dec 2016 | **Apple** (1 year earlier) |
| **Password Managers (Integrated)** | Google Password Manager: ~2013-14 | iCloud Keychain: Sept 2013 | **Apple** (similar timing) |
| **Video Calling Apps** | Google Duo: Aug 2016&lt;br&gt;Google Meet: 2017 | FaceTime: June 2010 | **Apple** (6 years earlier) |
| **Cloud Gaming** | Stadia: Nov 2019&lt;br&gt;(shut down 2023) | Apple Arcade: Sept 2019 | **Apple** (2 months earlier) |
| **AI Assistants (Advanced)** | Gemini/Bard: March 2023 | Apple Intelligence: June 2024 | **Google** (1.25 years earlier) |


# Pre-2012 Apple: The Daring Pioneer

(*) iPhone (2007) - completely revolutionized smartphones
(*) App Store (2008) - created an entirely new economy
(*) iPad (2010) - defined the modern tablet category
(*) FaceTime (2010) - made video calling mainstream
(*) Siri (2011) - brought voice assistants to consumers, albeit badly

These weren't just ""refined"" versions of existing products - they were category-defining innovations that forced Google (and everyone else) to respond.

# Post-2012 Apple: The Follower
Almost every Apple product launch after 2012 was a response to Google or other competitors:

(*) Apple Music (2015) - after Spotify and Google Play Music
(*) Apple Pay (2014) - only 1 year before Google, but mobile payments already existed
(*) HomePod (2018) - 1.5 years after Google Home and even later than Amazon Echo (2014)
(*) Apple Watch (2015) - after Android Wear and Pebble
(*) Apple Intelligence (2024) - over a year after ChatGPT/Bard/Gemini went mainstream

The only genuinely pioneering post-2012 product is arguably AirPods (2016), which defined the truly wireless earbud category, and AirTags (2021).
Something fundamental changed at Apple around 2012. I wonder what that was.

(~) ClaudeAI was used for source data"
comment_1o18hjl_0,1o18hjl,reddit,apple,comment,https://www.reddit.com/r/apple/comments/1o18hjl/apple_vs_google_product_launch_timeline_20052025/,1759924864.0,2025-10-08 07:01:04,,,"Video calling was already mainstream before FaceTime.

Also, please don’t use AI to source data."
comment_1o18hjl_1,1o18hjl,reddit,apple,comment,https://www.reddit.com/r/apple/comments/1o18hjl/apple_vs_google_product_launch_timeline_20052025/,1759924864.0,2025-10-08 07:01:04,,,"It might be worth noting that, while Look Around may have been launched in 2019, it's still only available in 86 cities worldwide: https://www.apple.com/ios/feature-availability/#maps-look-around

It's rumoured to expand to cover almost all of the globe some time this year, but a) this isn't the first year this has been rumoured and b) that's been available on google maps since the year dot.

As a feature it really does feel like something they introduced to say ""look, we have this too!"" without wanting to put the actual work in to implement it."
comment_1o18hjl_2,1o18hjl,reddit,apple,comment,https://www.reddit.com/r/apple/comments/1o18hjl/apple_vs_google_product_launch_timeline_20052025/,1759924864.0,2025-10-08 07:01:04,,,"You forgot about Google Wallet, which later became Android Pay and now Google Pay, though it only worked on some Nexus phones for some reason."
comment_1o18hjl_3,1o18hjl,reddit,apple,comment,https://www.reddit.com/r/apple/comments/1o18hjl/apple_vs_google_product_launch_timeline_20052025/,1759924864.0,2025-10-08 07:01:04,,,realtime translation.. i know google has had it for years and apple recently introduced it
comment_1o18hjl_4,1o18hjl,reddit,apple,comment,https://www.reddit.com/r/apple/comments/1o18hjl/apple_vs_google_product_launch_timeline_20052025/,1759924864.0,2025-10-08 07:01:04,,,"Uhh, [Mac.com](http://Mac.com) was launched in 2000 and offered email lol."
comment_1o18hjl_5,1o18hjl,reddit,apple,comment,https://www.reddit.com/r/apple/comments/1o18hjl/apple_vs_google_product_launch_timeline_20052025/,1759924864.0,2025-10-08 07:01:04,,,Ok.
post_1nrormq,1nrormq,reddit,apple,post,https://www.reddit.com/r/apple/comments/1nrormq/iphone_17_pro_max_ios26_is_actually_crazy_battery/,1758957074.0,2025-09-27 02:11:14,3020.0,699.0,"iPhone 17 Pro Max | iOS26 Is Actually Crazy Battery Nightmare | Power Consumption Deep Dive

&gt;[iPhone 17 Pro Max | iOS26 Is Actually Crazy Battery Nightmare | Power Consumption Deep Dive](https://www.reddit.com/r/iPhone17Pro/comments/1nrc5zi/iphone_17_pro_max_ios26_is_actually_crazy_battery/)  
by[u/MarionberryDear6170](https://www.reddit.com/user/MarionberryDear6170/) in[iPhone17Pro](https://www.reddit.com/r/iPhone17Pro/)

20250927 Edit: I’m really appreciate that you have sp much attention on this Deep Dive Review. But most importantly, you have to let Apple seeing this. Please send whatever bothered you to Apple🙏

Go to your web browser and type this&gt; applefeedback://

This will lead you to Apple Feedback app. You’re welcome.

  
————-

Original Post:

**Why I’m posting THIS**

This is a deep dive analysis about how iOS 26 Liquid Glass animation is total battery killer, even on iPhone 17 Pro Max.

**Here’s a video I recorded exposing how Liquid Glass in iOS 26 eats up your phone’s battery.**

[iPhone 17 Pro Max | iOS26 Is Crazy Battery Nightmare | Power Consumption Deep Dive](https://www.youtube.com/watch?v=6ZbYeL-h5yI)

**TL;DR**

On my both 15 Pro Max and 17 Pro Max (iOS 26 official release), UI interactions (Control/Notification Center pull-downs, starting screen recording, Safari startup/page loads, etc.) repeatedly spike to **\~10–14W**, causing drain and heat.

***Put it simply: constantly swiping the Control Center can drain as much power as playing a full 3D game on your phone.(You're welcome to try it yourself if you want, to see if your phone would heat up fast.)***

Low Power Mode (LPM) consistently caps those spikes near **\~5W**, improving practical battery life (and I'll share the real world results with you).

Without LPM, from 100% → \~19–20%, I got only ***\~5h46m–6h30m SOT*** on 17PM. But with LPM on, I got ***6h SOT with still 60% battery remaining***, and ***10h SOT from 100% → \~19–20%*** on 17PM.

My take: parts of iOS 26’s UI (“Liquid Glass”) are power-hungry; 17PM thermals just hide it better vs 15PM.

For example,

* **scrolling down Control Center would get 8w\~9w. With ""Reduce Transparency"" On, it spikes up to 14W.**
* **Doing Screen Recording itself with HDR format is getting 5w\~6w now. (That means idling, If you started scrolling through Homepage it would go up to 9w\~11w.)**
* **Using Apple Maps and starting the navigation would get peak 8w\~9w in 1\~2 sec.**
* **Recording Videos in 4K30 HDR would get around continuously 6W.**
* **Taking Screenshot(HDR) would get peak 7w\~ crazy 17w**

\_  
/ Edit: I really appreciate that my Deep Dive Review got so much attention, but just to be clear, we still need to make sure Apple hears this so they can fix the real problems. If you’re on the beta OS, please don’t forget to send them Feedback."
comment_1nrormq_0,1nrormq,reddit,apple,comment,https://www.reddit.com/r/apple/comments/1nrormq/iphone_17_pro_max_ios26_is_actually_crazy_battery/,1758957074.0,2025-09-27 02:11:14,,,"For a full, fair comparison, you really need to do this side-by-side with an equivalent phone which *isn't* running ios 26. Right now you've identified that the UI animations are taking a lot of power, but the real question is *how much more power are they taking than the ios 18 animations*?"
comment_1nrormq_1,1nrormq,reddit,apple,comment,https://www.reddit.com/r/apple/comments/1nrormq/iphone_17_pro_max_ios26_is_actually_crazy_battery/,1758957074.0,2025-09-27 02:11:14,,,Pulling down the control center really spikes higher than recording 4k HDR? That’s hilarious. Might just   have to switch my 17 pro to low power mode to see the difference myself
comment_1nrormq_2,1nrormq,reddit,apple,comment,https://www.reddit.com/r/apple/comments/1nrormq/iphone_17_pro_max_ios26_is_actually_crazy_battery/,1758957074.0,2025-09-27 02:11:14,,,Why would turning reduce transparency on make it more power hungry? That doesn't make sense to me at all.
comment_1nrormq_3,1nrormq,reddit,apple,comment,https://www.reddit.com/r/apple/comments/1nrormq/iphone_17_pro_max_ios26_is_actually_crazy_battery/,1758957074.0,2025-09-27 02:11:14,,,I would guess this is why the XS didn't get 26. The battery is already weak as can be while the 11 is regarded as a bit better off.
comment_1nrormq_4,1nrormq,reddit,apple,comment,https://www.reddit.com/r/apple/comments/1nrormq/iphone_17_pro_max_ios26_is_actually_crazy_battery/,1758957074.0,2025-09-27 02:11:14,,,Did you measure this against iOS 18? I’d like to see percentages and now and before comparisons
comment_1nrormq_5,1nrormq,reddit,apple,comment,https://www.reddit.com/r/apple/comments/1nrormq/iphone_17_pro_max_ios26_is_actually_crazy_battery/,1758957074.0,2025-09-27 02:11:14,,,Apple putting the most powerful chip ever made for a smartphone just for users to put their phones in low power mode. 😆
comment_1nrormq_6,1nrormq,reddit,apple,comment,https://www.reddit.com/r/apple/comments/1nrormq/iphone_17_pro_max_ios26_is_actually_crazy_battery/,1758957074.0,2025-09-27 02:11:14,,,"Battery life on my 13 base model with a new battery from earlier this year has been atrocious. 

The whole of iOS 26 is half baked and the UI decisions are baffling. I noticed that some actions (taps, mainly) cause an HDR boost under your finger for that shiny glass effect. Completely useless, 99% of people won’t even notice it — and it definitely causes battery drain. 

Really wish I’d have stayed on 18. I’ll ride it out with low power mode in the meantime."
comment_1nrormq_7,1nrormq,reddit,apple,comment,https://www.reddit.com/r/apple/comments/1nrormq/iphone_17_pro_max_ios26_is_actually_crazy_battery/,1758957074.0,2025-09-27 02:11:14,,,"So basically they need to focus in the upcoming update, which is 26.1, on optimizing system to be less battery hungry. That’s why my 16 pro get warm doing basically nothing and just looking and Home Screen."
comment_1nrormq_8,1nrormq,reddit,apple,comment,https://www.reddit.com/r/apple/comments/1nrormq/iphone_17_pro_max_ios26_is_actually_crazy_battery/,1758957074.0,2025-09-27 02:11:14,,,For everyone saying optimisations is the answer… there is no getting around the fact that the glass effects like these are GPU intensive and require a decent chunk of compute to pull off… didn’t windows vista have the same issue way back?
comment_1nrormq_9,1nrormq,reddit,apple,comment,https://www.reddit.com/r/apple/comments/1nrormq/iphone_17_pro_max_ios26_is_actually_crazy_battery/,1758957074.0,2025-09-27 02:11:14,,,Why would power consumption increase with ‘Reduce Transparency’ on? I’ve had this on to decrease the amount of Liquid Glass everywhere 🤨
comment_1nrormq_10,1nrormq,reddit,apple,comment,https://www.reddit.com/r/apple/comments/1nrormq/iphone_17_pro_max_ios26_is_actually_crazy_battery/,1758957074.0,2025-09-27 02:11:14,,,Is it just me or you can’t drill down into hourly battery usage in iOS 26 anymore? Like on the battery graph in settings previously I’m sure I could click on each bar and it would show the battery % used that hour by each app.
comment_1nrormq_11,1nrormq,reddit,apple,comment,https://www.reddit.com/r/apple/comments/1nrormq/iphone_17_pro_max_ios26_is_actually_crazy_battery/,1758957074.0,2025-09-27 02:11:14,,,"Guys the dynamic background wallpapers for iMessages has been heating and draining my battery full time! On 15pm, has anyone else been having the same problem?"
comment_1nrormq_12,1nrormq,reddit,apple,comment,https://www.reddit.com/r/apple/comments/1nrormq/iphone_17_pro_max_ios26_is_actually_crazy_battery/,1758957074.0,2025-09-27 02:11:14,,,"I love myself a beautiful UI, but it shouldn’t come at the cost of power efficiency"
comment_1nrormq_13,1nrormq,reddit,apple,comment,https://www.reddit.com/r/apple/comments/1nrormq/iphone_17_pro_max_ios26_is_actually_crazy_battery/,1758957074.0,2025-09-27 02:11:14,,,"Thanks for posting this. I have a new 17 pro max and i knew that the new OS is causing battery issues. Apple’s typical explanation of “indexing” doesn’t explain the drain at all. 

iOS 26 is a horrible unoptimised mess."
comment_1nrormq_14,1nrormq,reddit,apple,comment,https://www.reddit.com/r/apple/comments/1nrormq/iphone_17_pro_max_ios26_is_actually_crazy_battery/,1758957074.0,2025-09-27 02:11:14,,,"I had a similar impression, but I don’t have any data to confirm it. I bought the regular 17 and charged it to 80% yesterday. I didn’t use it much since I haven’t had time to transfer everything to the new device yet. I just tried changing the background and checked my sleep score. By this morning, the battery was already down to about 20%."
comment_1nrormq_15,1nrormq,reddit,apple,comment,https://www.reddit.com/r/apple/comments/1nrormq/iphone_17_pro_max_ios26_is_actually_crazy_battery/,1758957074.0,2025-09-27 02:11:14,,,"I don’t understand why they push this UI so hard. I immediately noticed the drain on my 16 Pro. They could tone it down a lot with all the refractions and surely still have a frosted glass look.

To the suggestions this is only after a new OS install, its a state of fact this OS version drains a lot more than any before. It’s obvious with all the real time graphical effects, albeit simple and small, they tax the GPU like proven.


I’ve now been on this OS for a couple of weeks. The battery empties way faster than before. This is not simply the indexing part."
comment_1nrormq_16,1nrormq,reddit,apple,comment,https://www.reddit.com/r/apple/comments/1nrormq/iphone_17_pro_max_ios26_is_actually_crazy_battery/,1758957074.0,2025-09-27 02:11:14,,,Great video. People said it was causing drain on this sub and everyone called them crazy. Well here’s your proof… once again Apple releasing crappy software that nobody asked for.
comment_1nrormq_17,1nrormq,reddit,apple,comment,https://www.reddit.com/r/apple/comments/1nrormq/iphone_17_pro_max_ios26_is_actually_crazy_battery/,1758957074.0,2025-09-27 02:11:14,,,I can actually see the lag and battery draining after update on my 16 pro max.
comment_1nrormq_18,1nrormq,reddit,apple,comment,https://www.reddit.com/r/apple/comments/1nrormq/iphone_17_pro_max_ios26_is_actually_crazy_battery/,1758957074.0,2025-09-27 02:11:14,,,Liquid glass is the hand wave to pull our attention away from Apple Intelligence missing… Not surprised engineers haven’t sorted the kinks out yet. I’ll stick with iOS 18 until apps don’t work.
comment_1nrormq_19,1nrormq,reddit,apple,comment,https://www.reddit.com/r/apple/comments/1nrormq/iphone_17_pro_max_ios26_is_actually_crazy_battery/,1758957074.0,2025-09-27 02:11:14,,,"It’s my mac that’s been killed by the latest OS. Constantly have it on charge now. Convinced there’s a memory leak as after a while the fan kicks up on full and it gets so hot, then the battery drops off a cliff"
comment_1nrormq_20,1nrormq,reddit,apple,comment,https://www.reddit.com/r/apple/comments/1nrormq/iphone_17_pro_max_ios26_is_actually_crazy_battery/,1758957074.0,2025-09-27 02:11:14,,,"Now you know why they added ""adaptive power mode"". They want everyone to use that to mask the horrible power draw of iOS 26."
comment_1nrormq_21,1nrormq,reddit,apple,comment,https://www.reddit.com/r/apple/comments/1nrormq/iphone_17_pro_max_ios26_is_actually_crazy_battery/,1758957074.0,2025-09-27 02:11:14,,,First major OS in a while I plan to avoid for as long as possible.
comment_1nrormq_22,1nrormq,reddit,apple,comment,https://www.reddit.com/r/apple/comments/1nrormq/iphone_17_pro_max_ios26_is_actually_crazy_battery/,1758957074.0,2025-09-27 02:11:14,,,"My iPhone 15 Pro Max can’t make it through the day without a charge mid day. This is ridiculous. At 88 percent battery health. No gaming, barely any usage. Multiple hours on airplane mode and low battery mode."
comment_1nrormq_23,1nrormq,reddit,apple,comment,https://www.reddit.com/r/apple/comments/1nrormq/iphone_17_pro_max_ios26_is_actually_crazy_battery/,1758957074.0,2025-09-27 02:11:14,,,"So, what setting could we change or turn off to make the battery lasts longer if downgrade is too late ?"
comment_1nrormq_24,1nrormq,reddit,apple,comment,https://www.reddit.com/r/apple/comments/1nrormq/iphone_17_pro_max_ios26_is_actually_crazy_battery/,1758957074.0,2025-09-27 02:11:14,,,Yeah I am on a normal iPhone 16 and very happy with the battery. I am not upgrading any time soon
comment_1nrormq_25,1nrormq,reddit,apple,comment,https://www.reddit.com/r/apple/comments/1nrormq/iphone_17_pro_max_ios26_is_actually_crazy_battery/,1758957074.0,2025-09-27 02:11:14,,,Huh… is this why my phone was hot to the touch and lost battery while charging during a 6 hour road trip then? Maps got my phone so hot that it stopped charging multiple times
comment_1nrormq_26,1nrormq,reddit,apple,comment,https://www.reddit.com/r/apple/comments/1nrormq/iphone_17_pro_max_ios26_is_actually_crazy_battery/,1758957074.0,2025-09-27 02:11:14,,,"I’m getting better battery life BY FAR on my 17PM…so if that means once they get the OS running more efficiently that the battery life will improve even further, I’m stoked!"
comment_1nrormq_27,1nrormq,reddit,apple,comment,https://www.reddit.com/r/apple/comments/1nrormq/iphone_17_pro_max_ios26_is_actually_crazy_battery/,1758957074.0,2025-09-27 02:11:14,,,So reduced transparency makes it worse? I had assumed since it basically removed the glass it would help a bunch. I remember battery guides telling people to use that lol
comment_1nrormq_28,1nrormq,reddit,apple,comment,https://www.reddit.com/r/apple/comments/1nrormq/iphone_17_pro_max_ios26_is_actually_crazy_battery/,1758957074.0,2025-09-27 02:11:14,,,"I looked at the efficiency per GSMArena's tests and it shows some pretty wild results, notably worse on browsing &amp; phone calls.

|Phone|iOS|Battery Size|Browsing Efficiency|Calls Efficiency|Videos Efficiency|Gaming Efficiency|
|:-|:-|:-|:-|:-|:-|:-|
|iPhone 17 Pro Max|Launch iOS 26|18.76 WHr (physical SIM)|50 Min / WHr|78 Min / WHr|82 Min / WHr|39 Min / WHr|
|iPhone 16 Pro Max|Launch iOS 18|18.169 WHr|55 Min/ WHr|99 Min/ WHr|75 Min / WHr|33 Min/ WHr|

 Videos, gaming, and calls don't use Liquid Glass much, but browsing likely would. All use Wi-Fi, no cellular, streaming video, etc.

The lack of controlled iOS versions makes this tougher, as it there could be a lot of hardware differences, too.

Sources:

[https://youtu.be/MZtvR7f9i3k?t=398](https://youtu.be/MZtvR7f9i3k?t=398)

[Apple iPhone 17 Pro Max review: Lab tests - display, battery life, charging speed, speakers](https://www.gsmarena.com/apple_iphone_17_pro_max-review-2884p3.php)

The 17 Pro Max is the physical SIM version and I used Apple's typical 3.88V for the WHr conversion as I couldn't find any teardowns."
comment_1nrormq_29,1nrormq,reddit,apple,comment,https://www.reddit.com/r/apple/comments/1nrormq/iphone_17_pro_max_ios26_is_actually_crazy_battery/,1758957074.0,2025-09-27 02:11:14,,,Liquid Glass? More like Liquid Gasoline the way it’s burning through that battery.
comment_1nrormq_30,1nrormq,reddit,apple,comment,https://www.reddit.com/r/apple/comments/1nrormq/iphone_17_pro_max_ios26_is_actually_crazy_battery/,1758957074.0,2025-09-27 02:11:14,,,What the heck is going on with Apple programmers lately? Apple used to be known for its strong software – I’m even starting to worry about the security features on my phone after this.
comment_1nrormq_31,1nrormq,reddit,apple,comment,https://www.reddit.com/r/apple/comments/1nrormq/iphone_17_pro_max_ios26_is_actually_crazy_battery/,1758957074.0,2025-09-27 02:11:14,,,Can you show the power drainage on the Apple Watch Ultra on watchOS 26 also please ? I think mine lasted better before update …
comment_1nrormq_32,1nrormq,reddit,apple,comment,https://www.reddit.com/r/apple/comments/1nrormq/iphone_17_pro_max_ios26_is_actually_crazy_battery/,1758957074.0,2025-09-27 02:11:14,,,"Does the control centre thing affect older iPhones without pro motion, I tried the control centre thing and didn’t see much difference. Assuming it’s because I’ve got an older iPhone"
comment_1nrormq_33,1nrormq,reddit,apple,comment,https://www.reddit.com/r/apple/comments/1nrormq/iphone_17_pro_max_ios26_is_actually_crazy_battery/,1758957074.0,2025-09-27 02:11:14,,,All those stupid animations and transitions are so pointless if it’s eating up the battery ffs
comment_1nrormq_34,1nrormq,reddit,apple,comment,https://www.reddit.com/r/apple/comments/1nrormq/iphone_17_pro_max_ios26_is_actually_crazy_battery/,1758957074.0,2025-09-27 02:11:14,,,"I got a new battery for my iPhone 14PM about three months ago, I’m still at 100% capacity. Before iOS 26, my phone would last the whole day. Ever since I updated, my phone needs to be charged about an hour or two before I go to bed. I still use all the same apps, nothing’s changed but the OS."
comment_1nrormq_35,1nrormq,reddit,apple,comment,https://www.reddit.com/r/apple/comments/1nrormq/iphone_17_pro_max_ios26_is_actually_crazy_battery/,1758957074.0,2025-09-27 02:11:14,,,My battery is absolutely fucked now with iOS26. It also takes so much longer to charge my phone I have noticed.
comment_1nrormq_36,1nrormq,reddit,apple,comment,https://www.reddit.com/r/apple/comments/1nrormq/iphone_17_pro_max_ios26_is_actually_crazy_battery/,1758957074.0,2025-09-27 02:11:14,,,"This video also explains the same issue 

https://youtu.be/0eCUkYJ8A98"
comment_1nrormq_37,1nrormq,reddit,apple,comment,https://www.reddit.com/r/apple/comments/1nrormq/iphone_17_pro_max_ios26_is_actually_crazy_battery/,1758957074.0,2025-09-27 02:11:14,,,"I have a used iPhone 14 Pro Max that’s scratched up like crazy and a slightly cracked screen at work and tested iOS 26.0 on it.

Plugged in with a 5 watt charger at 22% and swiping down the Control Center, turning on tinted (Glass) mode and bringing down the Lock Screen ACTUALLY drains the battery from 22% to just 20% in 2 minutes. That’s fucking crazy, lmao.

What the hell, Apple? What kind of unoptimized mess is this?

Edit: WTF??? So if you turn on Low Power Mode on any iPhone, the entire OS lags like shit and is extremely choppy if you also turn on Tinted (Glass) icons. That's because LPM enforces a 5 watt TDP limit but that's not enough power to render the entire GUI for Liquid Glass. Yikes, lmao."
comment_1nrormq_38,1nrormq,reddit,apple,comment,https://www.reddit.com/r/apple/comments/1nrormq/iphone_17_pro_max_ios26_is_actually_crazy_battery/,1758957074.0,2025-09-27 02:11:14,,,"So if I would take allt of screen shots, my battery would be a disaster?"
comment_1nrormq_39,1nrormq,reddit,apple,comment,https://www.reddit.com/r/apple/comments/1nrormq/iphone_17_pro_max_ios26_is_actually_crazy_battery/,1758957074.0,2025-09-27 02:11:14,,,It surprises me. I don’t think Liquid Glass should be much more computer intensive than any other blur effect they were doing previously
comment_1nrormq_40,1nrormq,reddit,apple,comment,https://www.reddit.com/r/apple/comments/1nrormq/iphone_17_pro_max_ios26_is_actually_crazy_battery/,1758957074.0,2025-09-27 02:11:14,,,In my case this has been the first iPhone PM I’ve had to charge in the middle of the day or near the end of the day. Funnily enough I came from a Z Fold 7 and had similar battery life only I have two displays. I was so excited to come back to iPhone this year and I love the look of the 17 Pro line but I’m slightly considering returning it and waiting until next year to see if they fixed some of this nonsense.
comment_1nrormq_41,1nrormq,reddit,apple,comment,https://www.reddit.com/r/apple/comments/1nrormq/iphone_17_pro_max_ios26_is_actually_crazy_battery/,1758957074.0,2025-09-27 02:11:14,,,I’m more pissed about how it slows down and eats the battery of my Apple Watch s10. Why does a watch need a ui overhaul that affects its performance?
comment_1nrormq_42,1nrormq,reddit,apple,comment,https://www.reddit.com/r/apple/comments/1nrormq/iphone_17_pro_max_ios26_is_actually_crazy_battery/,1758957074.0,2025-09-27 02:11:14,,,"So interesting that reduce transparency increases draw. Funny enough I am on an old 13 pro and just got a new battery installed. And it seems to be fine but I am used to my battery hitting 20% before noon. Now it lasts the whole day.

So the recommendation is leave reduce transparency off? What about reduce motion?"
comment_1nrormq_43,1nrormq,reddit,apple,comment,https://www.reddit.com/r/apple/comments/1nrormq/iphone_17_pro_max_ios26_is_actually_crazy_battery/,1758957074.0,2025-09-27 02:11:14,,,My 17 pro is draining faster than my 5 year old 13 pro with 72% battery health. Kinda nuts. this is now my 3rd day of owning so the indexing in the background should be done already.
comment_1nrormq_44,1nrormq,reddit,apple,comment,https://www.reddit.com/r/apple/comments/1nrormq/iphone_17_pro_max_ios26_is_actually_crazy_battery/,1758957074.0,2025-09-27 02:11:14,,,"Beta tester in Cupertino, most relaxing job in the world."
comment_1nrormq_45,1nrormq,reddit,apple,comment,https://www.reddit.com/r/apple/comments/1nrormq/iphone_17_pro_max_ios26_is_actually_crazy_battery/,1758957074.0,2025-09-27 02:11:14,,,I’m inclined to agree with all of this. My 13 mini is absolutely dying on iOS26
comment_1nrormq_46,1nrormq,reddit,apple,comment,https://www.reddit.com/r/apple/comments/1nrormq/iphone_17_pro_max_ios26_is_actually_crazy_battery/,1758957074.0,2025-09-27 02:11:14,,,"I have noticed a significant power consumption from my iPhone 17 pro max aswell its absolutely awful, but once i only used it for one hour and the rest was background or screen idle. 10 hours later, the phone was at 42%. It’s like it never stopped running a power hungry app lol"
comment_1nrormq_47,1nrormq,reddit,apple,comment,https://www.reddit.com/r/apple/comments/1nrormq/iphone_17_pro_max_ios26_is_actually_crazy_battery/,1758957074.0,2025-09-27 02:11:14,,,"Thanks a lot for this post, I was on the verge of updating my 15PM to iOS 26 since everyone praises it, no way I'm doing it now until this issue is not fixed."
comment_1nrormq_48,1nrormq,reddit,apple,comment,https://www.reddit.com/r/apple/comments/1nrormq/iphone_17_pro_max_ios26_is_actually_crazy_battery/,1758957074.0,2025-09-27 02:11:14,,,"I got this 16P on iOS 26 and I knew something was wrong. It kept dying before the old 13.

Didn’t expect things to be so bad on the newest too tho"
comment_1nrormq_49,1nrormq,reddit,apple,comment,https://www.reddit.com/r/apple/comments/1nrormq/iphone_17_pro_max_ios26_is_actually_crazy_battery/,1758957074.0,2025-09-27 02:11:14,,,"This will get optimized around iOS 26.3 or 26.4
Same things happens every year so I dont think this year will be different. Most of major features are implemented in x.2 and later its just optimization"
post_1nh0txe,1nh0txe,reddit,apple,post,https://www.reddit.com/r/apple/comments/1nh0txe/why_i_left_my_iphone_and_why_im_leaving_apple/,1757879091.0,2025-09-14 14:44:51,0.0,104.0,"Why I Left My iPhone and Why I’m Leaving Apple

I want to be clear up front: this is just my opinion and I know everyone is entitled to their own. I’m not here to tell anyone what phone to use or to bash Apple as a whole. I just wanted to share my experience and hear about others’ thoughts on privacy with Apple.

For a long time, I liked Apple’s branding as the “privacy-first” tech company. But the $95 million lawsuit surrounding Siri really shook my trust. If Apple had been more transparent about its limits, I might not have cared. But because privacy is such a big part of their image, the lawsuit raised real concerns for me.

That’s when I left my iPhone for a dumb phone. I’m more worried about privacy now than ever. I don’t fully understand metadata, but I do know I was constantly feeding information into my Maps app. It learned the places I frequented and could predict where I was heading just based on the time of day. That felt too invasive.

And while it’s almost a meme at this point, I can’t shake the moments when it feels like companies are listening in. Maybe it’s just the yellow punch buggy effect, but after the Siri lawsuit, I no longer trust Apple enough to brush those things off.

I’m not saying Apple makes bad products. They make excellent hardware and software. But for me, I’d rather trade convenience for peace of mind. That’s why I went back to a dumb phone, and eventually I’ll move my Mac over to Linux after I finish my dissertation.

Again, this is just my perspective. I’d really like to know if others have had similar concerns or different experiences with Apple’s approach to privacy.

Link to [lawsuit](https://www.cbsnews.com/news/apple-siri-settlement-95-million-lopez-how-to-file-claim/).

Edit: to those of you who think I use anything from Google including their search engine you're wrong if you don't care about the privacy aspect cool no need to comment. I'm just sharing my experience and perceptions of Apple's privacy, which I think is not as ironclad as we perceive it to be. If you don't care about Apple doing whatever with your data or any privacy concerns skip over this post. It's just that simple and we've all heard those jokes. ""It's not a airport. You don't have to announce your departure."" Just sharing my experience and the joke is very unoriginal at this point.

  
Edit: Barrage me with downvotes I welcome it it's the reddit hive mind"
comment_1nh0txe_0,1nh0txe,reddit,apple,comment,https://www.reddit.com/r/apple/comments/1nh0txe/why_i_left_my_iphone_and_why_im_leaving_apple/,1757879091.0,2025-09-14 14:44:51,,,"I respect it, but even with a dumb phone, you're feeding your location data via tower pings to your carrier (and the nsa). It's more like trading convenience for the illusion of peace of mind to me. 

  
Regarding the siri lawsuit, my understanding is the plantif didn't prove anything. Apple simply settled the lawsuit because 95 milly is couch change to them rather than litigate.

But trust is a hard thing to recapture. But understand this: Unless your plan is to go live in the woods various multi letter US agencies have the ability to listen to you regardless of your choice of phone."
comment_1nh0txe_1,1nh0txe,reddit,apple,comment,https://www.reddit.com/r/apple/comments/1nh0txe/why_i_left_my_iphone_and_why_im_leaving_apple/,1757879091.0,2025-09-14 14:44:51,,,"&gt;I don’t fully understand metadata, but I do know I was constantly feeding information into my Maps app. It learned the places I frequented and could predict where I was heading just based on the time of day. That felt too invasive.

Are you familiar with how cell towers work? At least you also get access your location data in Maps. On a dumb phone, everyone but you gets access to it. The phone company has it, the police can get it, and it can be purchased by a variety of third parties."
comment_1nh0txe_2,1nh0txe,reddit,apple,comment,https://www.reddit.com/r/apple/comments/1nh0txe/why_i_left_my_iphone_and_why_im_leaving_apple/,1757879091.0,2025-09-14 14:44:51,,,https://preview.redd.it/536p4uinv6pf1.png?width=1588&amp;format=png&amp;auto=webp&amp;s=09e39ca0a7c42a8e1ab237f89c8f55f9b8f0defd
comment_1nh0txe_3,1nh0txe,reddit,apple,comment,https://www.reddit.com/r/apple/comments/1nh0txe/why_i_left_my_iphone_and_why_im_leaving_apple/,1757879091.0,2025-09-14 14:44:51,,,"Good luck. I trust Apple more than Google.  And  most of us cant or wont do what you do. 

Life is too complicated to try this kind of extreme tech switches and get used to them.  Our privacy is gone unless you live mostly off grid."
comment_1nh0txe_4,1nh0txe,reddit,apple,comment,https://www.reddit.com/r/apple/comments/1nh0txe/why_i_left_my_iphone_and_why_im_leaving_apple/,1757879091.0,2025-09-14 14:44:51,,,Good luck virtue signaling with a dumb phone.
comment_1nh0txe_5,1nh0txe,reddit,apple,comment,https://www.reddit.com/r/apple/comments/1nh0txe/why_i_left_my_iphone_and_why_im_leaving_apple/,1757879091.0,2025-09-14 14:44:51,,,Probably the [most valid data](https://www.apple.com/legal/transparency/) is looking at their transparency of subpoenas they responded to. Governments can’t get data out of Apple because they don’t have the ability to access it. If you read these write-ups you’ll have a better understanding of what data Apple can see.
comment_1nh0txe_6,1nh0txe,reddit,apple,comment,https://www.reddit.com/r/apple/comments/1nh0txe/why_i_left_my_iphone_and_why_im_leaving_apple/,1757879091.0,2025-09-14 14:44:51,,,"It's bullshit because they know juries are too stupid to understand basic fact.

Maps location learning is on device."
comment_1nh0txe_7,1nh0txe,reddit,apple,comment,https://www.reddit.com/r/apple/comments/1nh0txe/why_i_left_my_iphone_and_why_im_leaving_apple/,1757879091.0,2025-09-14 14:44:51,,,Going to start printing off Mapquest directions again?
comment_1nh0txe_8,1nh0txe,reddit,apple,comment,https://www.reddit.com/r/apple/comments/1nh0txe/why_i_left_my_iphone_and_why_im_leaving_apple/,1757879091.0,2025-09-14 14:44:51,,,This reads like a poorly generated AI opinion. Are you sure you didn’t use Apple Intelligence to create this?
comment_1nh0txe_9,1nh0txe,reddit,apple,comment,https://www.reddit.com/r/apple/comments/1nh0txe/why_i_left_my_iphone_and_why_im_leaving_apple/,1757879091.0,2025-09-14 14:44:51,,,Okay have fun
comment_1nh0txe_10,1nh0txe,reddit,apple,comment,https://www.reddit.com/r/apple/comments/1nh0txe/why_i_left_my_iphone_and_why_im_leaving_apple/,1757879091.0,2025-09-14 14:44:51,,,This isn’t an airport you don’t need to announce your departure
comment_1nh0txe_11,1nh0txe,reddit,apple,comment,https://www.reddit.com/r/apple/comments/1nh0txe/why_i_left_my_iphone_and_why_im_leaving_apple/,1757879091.0,2025-09-14 14:44:51,,,"I tried so many times to save my privacy, but in the end life is already too complicated and my spying phone makes my life easier in many ways like navigation, bureaucracy, job, education, listen to music, watching films, etc."
comment_1nh0txe_12,1nh0txe,reddit,apple,comment,https://www.reddit.com/r/apple/comments/1nh0txe/why_i_left_my_iphone_and_why_im_leaving_apple/,1757879091.0,2025-09-14 14:44:51,,,"Have fun on the dumb phone. 

Remember a few months from now:  you chose this."
comment_1nh0txe_13,1nh0txe,reddit,apple,comment,https://www.reddit.com/r/apple/comments/1nh0txe/why_i_left_my_iphone_and_why_im_leaving_apple/,1757879091.0,2025-09-14 14:44:51,,,"At least you realized there is no way to avoid this without going back to Reagan era technology. I'm curious how you made this post, though, without using a system that has less privacy."
comment_1nh0txe_14,1nh0txe,reddit,apple,comment,https://www.reddit.com/r/apple/comments/1nh0txe/why_i_left_my_iphone_and_why_im_leaving_apple/,1757879091.0,2025-09-14 14:44:51,,,I swear Reddit is just company Ai bots posting rants at this point
comment_1nh0txe_15,1nh0txe,reddit,apple,comment,https://www.reddit.com/r/apple/comments/1nh0txe/why_i_left_my_iphone_and_why_im_leaving_apple/,1757879091.0,2025-09-14 14:44:51,,,Good luck.
comment_1nh0txe_16,1nh0txe,reddit,apple,comment,https://www.reddit.com/r/apple/comments/1nh0txe/why_i_left_my_iphone_and_why_im_leaving_apple/,1757879091.0,2025-09-14 14:44:51,,,"If the Siri incident worries you that much, I suggest you don’t look into the privacy aspects of all other phones."
comment_1nh0txe_17,1nh0txe,reddit,apple,comment,https://www.reddit.com/r/apple/comments/1nh0txe/why_i_left_my_iphone_and_why_im_leaving_apple/,1757879091.0,2025-09-14 14:44:51,,,"For years, I listened to and followed tips and advice from people who take online privacy seriously. I came to the realisation that it isn’t feasible long term for me and my family. These days, I focus more on balancing convenience, security, and privacy. Apple is the only company that does this best across a wide variety of software and hardware in their ecosystem

I still take practical precautions. I lean on Apple’s privacy stacks like Hide My Email, sign-in with Apple, iCloud Keychain and passkeys, keep the TV offline and use AppleTV streaming box instead. I use Advanced Data Protection for iCloud, Mail Privacy Protection, App Tracking Transparency and iCloud Private Relay. Stolen Device Protection and a strong alphabet and number passcode. It’s already well secured unless I’m a high-profile person of interest then using your method is probably better alternative"
comment_1nh0txe_18,1nh0txe,reddit,apple,comment,https://www.reddit.com/r/apple/comments/1nh0txe/why_i_left_my_iphone_and_why_im_leaving_apple/,1757879091.0,2025-09-14 14:44:51,,,"So now you’re on a dumb phone? That’s great, good for you. You go throw that baby out with the bath water. 

OP: still uses Reddit and cries about privacy LMAO"
comment_1nh0txe_19,1nh0txe,reddit,apple,comment,https://www.reddit.com/r/apple/comments/1nh0txe/why_i_left_my_iphone_and_why_im_leaving_apple/,1757879091.0,2025-09-14 14:44:51,,,"It’s interesting that you choose lightphone when it’s based on Android, and they make it really hard to know this or what’s actually running on the phone. Never mind that it’s also difficult to find their privacy policy. Or to find out if they use secure chips and memory management techniques. 

Qurious what your using for maps now? Since you could have just not used maps. Or used an alternative. 

The Siri thing seems to be all noise no substance also"
comment_1nh0txe_20,1nh0txe,reddit,apple,comment,https://www.reddit.com/r/apple/comments/1nh0txe/why_i_left_my_iphone_and_why_im_leaving_apple/,1757879091.0,2025-09-14 14:44:51,,,Goodbye and good…
comment_1nh0txe_21,1nh0txe,reddit,apple,comment,https://www.reddit.com/r/apple/comments/1nh0txe/why_i_left_my_iphone_and_why_im_leaving_apple/,1757879091.0,2025-09-14 14:44:51,,,… and then you posted on Reddit . 😂
comment_1nh0txe_22,1nh0txe,reddit,apple,comment,https://www.reddit.com/r/apple/comments/1nh0txe/why_i_left_my_iphone_and_why_im_leaving_apple/,1757879091.0,2025-09-14 14:44:51,,,"Watch TV?
Get gas?
Have a credit card?
Shop online?
Ever been to a store?
Drive a car?
Have home security?
Live around other houses?
Use email?

This is a very basic list⬆️

No one cares about YOU. They care about what you DO. 🤷🏾‍♂️"
comment_1nh0txe_23,1nh0txe,reddit,apple,comment,https://www.reddit.com/r/apple/comments/1nh0txe/why_i_left_my_iphone_and_why_im_leaving_apple/,1757879091.0,2025-09-14 14:44:51,,,Cool story
comment_1nh0txe_24,1nh0txe,reddit,apple,comment,https://www.reddit.com/r/apple/comments/1nh0txe/why_i_left_my_iphone_and_why_im_leaving_apple/,1757879091.0,2025-09-14 14:44:51,,,"You do you and it's completely understandable you value privacy at all costs.

Some people can let go of smaller privacy matters while others will not be able to let it go and that's okay."
comment_1nh0txe_25,1nh0txe,reddit,apple,comment,https://www.reddit.com/r/apple/comments/1nh0txe/why_i_left_my_iphone_and_why_im_leaving_apple/,1757879091.0,2025-09-14 14:44:51,,,Adíos
comment_1nh0txe_26,1nh0txe,reddit,apple,comment,https://www.reddit.com/r/apple/comments/1nh0txe/why_i_left_my_iphone_and_why_im_leaving_apple/,1757879091.0,2025-09-14 14:44:51,,,Bye
comment_1nh0txe_27,1nh0txe,reddit,apple,comment,https://www.reddit.com/r/apple/comments/1nh0txe/why_i_left_my_iphone_and_why_im_leaving_apple/,1757879091.0,2025-09-14 14:44:51,,,Sir. This isn’t the airport. You don’t need to announce your departure. Just leave.
comment_1nh0txe_28,1nh0txe,reddit,apple,comment,https://www.reddit.com/r/apple/comments/1nh0txe/why_i_left_my_iphone_and_why_im_leaving_apple/,1757879091.0,2025-09-14 14:44:51,,,"You can shut off the predictive destinations, if you want to."
comment_1nh0txe_29,1nh0txe,reddit,apple,comment,https://www.reddit.com/r/apple/comments/1nh0txe/why_i_left_my_iphone_and_why_im_leaving_apple/,1757879091.0,2025-09-14 14:44:51,,,"The US government is watching you, no matter what kind of phone you own.  The era of privacy is over."
comment_1nh0txe_30,1nh0txe,reddit,apple,comment,https://www.reddit.com/r/apple/comments/1nh0txe/why_i_left_my_iphone_and_why_im_leaving_apple/,1757879091.0,2025-09-14 14:44:51,,,"Good luck with that. I could not function without a fully functioning phone and computer. 

The lawsuit seems sketchy. When Syria was in the news a lot a while back it would trigger one of my devices to listen. Being targeted for ads could come from a variety of sources much more likely than Apple surreptitiously funneling eavesdropped convos to ad agencies. 

It just feels like tinfoil hat territory, but to each their own."
comment_1nh0txe_31,1nh0txe,reddit,apple,comment,https://www.reddit.com/r/apple/comments/1nh0txe/why_i_left_my_iphone_and_why_im_leaving_apple/,1757879091.0,2025-09-14 14:44:51,,,"I DON'T want privacy.

I feel like Apple holding my information is better than me holding it.

So I'm glad Apple has shitty privacy policies."
comment_1nh0txe_32,1nh0txe,reddit,apple,comment,https://www.reddit.com/r/apple/comments/1nh0txe/why_i_left_my_iphone_and_why_im_leaving_apple/,1757879091.0,2025-09-14 14:44:51,,,An exceptionally naive reason to leave.
comment_1nh0txe_33,1nh0txe,reddit,apple,comment,https://www.reddit.com/r/apple/comments/1nh0txe/why_i_left_my_iphone_and_why_im_leaving_apple/,1757879091.0,2025-09-14 14:44:51,,,Personally I would go for a Pixel and install GrapheneOS instead of going for a light phone but as long as it reaches your end goal then props to ya
comment_1nh0txe_34,1nh0txe,reddit,apple,comment,https://www.reddit.com/r/apple/comments/1nh0txe/why_i_left_my_iphone_and_why_im_leaving_apple/,1757879091.0,2025-09-14 14:44:51,,,"Man, are you in for a rude awakening when you find out just how much information ""dumb"" phones collect."
comment_1nh0txe_35,1nh0txe,reddit,apple,comment,https://www.reddit.com/r/apple/comments/1nh0txe/why_i_left_my_iphone_and_why_im_leaving_apple/,1757879091.0,2025-09-14 14:44:51,,,"I can only applaud you for being conscious about your privacy. Apple is by no means a 'privacy-first' company, although they do their best in a business world that thinks otherwise. From all the big tech companies they probably respect their users privacy the most. But it's a thin line, you can't have up to date GPS services with realtime traffic control if you don't have a server which can dispatch that information based on your location and where you're going too. Apple and app developers also like some user data just to know when their apps crash and what kind of features are used and which aren't. Stuff like that. Most companies do offer some way to enable/disable what kind of data they gather on you through settings and most have received fines high enough to make even billionaires think twice that, generally speaking, these settings are respected. If you tell Google not to keep your search history, they won't.

&gt;I’m more worried about privacy now than ever. I don’t fully understand metadata,

Understanding how metadata works is crucial if you want to make informed decisions about your privacy in this online world. Simply put, it's data about your data. And that's where the problem lies, because you can't really opt out. In order for a service to work some information has to be known. Whatsapp needs to know who you're talking too and needs information about your network to be able to deliver the message. Just like a mail-man needs the address to deliver his letters.

But that data also tells a story if you look at it analytically. If 2 people are on the same IP address, they are on the same network obviously, so in close physical proximity, they might know each other or share similar interests. That network location can be precisely mapped to a physical location by someone else entirely who is less privacy minded and tagged himself on that location on Instagram. That opens up the whole data set Google has on that place, from street view to a list of everyone who has ever set foot in that place and used one of their services. Your usage data also tells how many times you're on that network and how long those visits last, so it's fairly easy to correlate those patterns to general behavioral patters to find out work places, homes, etc. 

Each data set on its own is not really that impressive, but if you start correlating things together you can really build up a profile even if the data itself is anonymized. You can basically estimate how many visitors that location has and correlating that with public tax records can tell you how profitable that business actually is. Heck, it wouldn't be that hard to estimate the probability of tax fraud that way. It can get scary.

And data is sold and bought everywhere by all kind of companies all the time, not seldom it's a part of their revenue stream. That's why Europe is enforcing such strict rules. In the end, if you have enough data points about something you can start to make fairly accurate assumptions and use those for whatever goals you like. The problem arises due to the sheer volume by which this happens today and how those insights are used to manipulate public opinion whether for commercial use, political motives, crime, ...

A dumb phone will make you less traceable and you will generate less data, but that won't keep you safe. No-one is interested in you as an individual, except in some very specific cases, but you will keep being bombarded by targeted advertising anyways simply because you are alive, out and about and around other people."
comment_1nh0txe_36,1nh0txe,reddit,apple,comment,https://www.reddit.com/r/apple/comments/1nh0txe/why_i_left_my_iphone_and_why_im_leaving_apple/,1757879091.0,2025-09-14 14:44:51,,,This is not an airport.
comment_1nh0txe_37,1nh0txe,reddit,apple,comment,https://www.reddit.com/r/apple/comments/1nh0txe/why_i_left_my_iphone_and_why_im_leaving_apple/,1757879091.0,2025-09-14 14:44:51,,,Ohnoanyway.gif
comment_1nh0txe_38,1nh0txe,reddit,apple,comment,https://www.reddit.com/r/apple/comments/1nh0txe/why_i_left_my_iphone_and_why_im_leaving_apple/,1757879091.0,2025-09-14 14:44:51,,,"The Siri case was certainly a blunder, it's part of a larger problem IMHO of companies outsourcing instead of hiring, the root of the issue was *contractors* were listening to recordings rather than the much lesser-danger of Apple employees under Apple's oversight and accountability.

The real compromise with privacy comes from a full ~20% of their profit coming from Google Ads, and what they subsequently don't do to minimize data Google gets from iPhone users - for instance DuckDuckGo uses Bing but they strip a lot of user information from those requests, sending only what Microsoft obliges them to send, and they don't have a conflict of interest to include anything else.

The DOJ also makes some interesting accusations in [their upcoming antitrust](https://storage.courtlistener.com/recap/gov.uscourts.njd.544402/gov.uscourts.njd.544402.1.0_3.pdf):

&gt; Apple selectively compromises privacy and security interests when doing so is in Apple’s own financial interest—such as degrading the security of text messages, offering governments and certain companies the chance to access more private and secure versions of app stores, or accepting billions of dollars each year for choosing Google as its default search engine when more private options are available. In the end, Apple deploys privacy and security justifications as an elastic shield that can stretch or contract to serve Apple’s financial and business interests."
comment_1nh0txe_39,1nh0txe,reddit,apple,comment,https://www.reddit.com/r/apple/comments/1nh0txe/why_i_left_my_iphone_and_why_im_leaving_apple/,1757879091.0,2025-09-14 14:44:51,,,I agree but youll get downvoted on here
comment_1nh0txe_40,1nh0txe,reddit,apple,comment,https://www.reddit.com/r/apple/comments/1nh0txe/why_i_left_my_iphone_and_why_im_leaving_apple/,1757879091.0,2025-09-14 14:44:51,,,"I'm in the same boat. When Apple started censoring / removing the pro-HK apps I decided to move to Android. Then I learned Google banned the same apps too. So I was stuck with Apple. Sucks to have no choice.

Apple is on a razor's edge with me, I don't think it will take much more from a privacy-violation / censorship perspective to tip me over the edge.

I've got an eye on open source OS's like Graphene, I'm glad that option exists if / when I ever need to pull the trigger."
comment_1nh0txe_41,1nh0txe,reddit,apple,comment,https://www.reddit.com/r/apple/comments/1nh0txe/why_i_left_my_iphone_and_why_im_leaving_apple/,1757879091.0,2025-09-14 14:44:51,,,"Apple saying they care about privacy is total fraud, it is insane the US is such a corporate dystopia that Apple can push this extreme fraud with barely any consequences. The only actual way to have a private phone is a custom rom with lineageos, rooted + magisk,  hosts-level tracking domain blocking and fully FOSS software routed through Tor. This is not what apple sells."
post_1nc31yp,1nc31yp,reddit,apple,post,https://www.reddit.com/r/apple/comments/1nc31yp/apple_maps_gets_a_chief_of_war_tour_guide_with/,1757373414.0,2025-09-08 18:16:54,71.0,3.0,Apple Maps gets a ‘Chief of War’ tour guide with spots in Hawai’i and New Zealand
comment_1nc31yp_0,1nc31yp,reddit,apple,comment,https://www.reddit.com/r/apple/comments/1nc31yp/apple_maps_gets_a_chief_of_war_tour_guide_with/,1757373414.0,2025-09-08 18:16:54,,,"oh, I thought it was a Pentagon tour guide"
comment_1nc31yp_1,1nc31yp,reddit,apple,comment,https://www.reddit.com/r/apple/comments/1nc31yp/apple_maps_gets_a_chief_of_war_tour_guide_with/,1757373414.0,2025-09-08 18:16:54,,,I really hate this Apple trend of implementing sudo advertisement features into default apps.
post_1mjxjru,1mjxjru,reddit,apple,post,https://www.reddit.com/r/apple/comments/1mjxjru/apple_maps_cycling_directions_expand_to_taiwan/,1754566215.0,2025-08-07 06:30:15,26.0,0.0,Apple Maps Cycling Directions Expand to Taiwan and Hong Kong
post_1ly5ey4,1ly5ey4,reddit,apple,post,https://www.reddit.com/r/apple/comments/1ly5ey4/google_maps_now_supports_second_screens_in/,1752339779.0,2025-07-12 12:02:59,139.0,28.0,"Google Maps now supports second screens in CarPlay Finally !

I haven’t seen this posted anywhere else. On iOS 18.5 and latest Google Maps version.

I am noticing when navigating Google Maps is showing turn by turn directions and lane guidance within secondary car screens like digital instrument cluster /heads up display of my car (BMW X5). Previously Google Maps did not support this (only Apple Maps). So it seems something Google has updated in the last week or two.

Also Google Maps CarPlay interface is now showing traffic light markings within the main screen map UI. This again was limited to Apple Maps previously.

Some pictures below. 

https://imgur.com/a/yFUnKUn"
comment_1ly5ey4_0,1ly5ey4,reddit,apple,comment,https://www.reddit.com/r/apple/comments/1ly5ey4/google_maps_now_supports_second_screens_in/,1752339779.0,2025-07-12 12:02:59,,,Does this work for Waze as well now?
comment_1ly5ey4_1,1ly5ey4,reddit,apple,comment,https://www.reddit.com/r/apple/comments/1ly5ey4/google_maps_now_supports_second_screens_in/,1752339779.0,2025-07-12 12:02:59,,,"Nice, I always wondered why this wasn’t supported. I have the same car so I’ll have to check it out next time I drive it."
comment_1ly5ey4_2,1ly5ey4,reddit,apple,comment,https://www.reddit.com/r/apple/comments/1ly5ey4/google_maps_now_supports_second_screens_in/,1752339779.0,2025-07-12 12:02:59,,,"unpopular opinion....Apple Maps is a fair bit better than Google Maps when driving.   Its spoken directions are much more clear and consistent especially regarding upcoming turns or lane changes. 

In every other way Google maps is better."
comment_1ly5ey4_3,1ly5ey4,reddit,apple,comment,https://www.reddit.com/r/apple/comments/1ly5ey4/google_maps_now_supports_second_screens_in/,1752339779.0,2025-07-12 12:02:59,,,This looks pretty meh TBH. [Didn't they announce](https://9to5mac.com/2024/03/06/ios-17-4-carplay/) a year ago the ability for apps to render the actual map in the instrument cluster?
comment_1ly5ey4_4,1ly5ey4,reddit,apple,comment,https://www.reddit.com/r/apple/comments/1ly5ey4/google_maps_now_supports_second_screens_in/,1752339779.0,2025-07-12 12:02:59,,,Does it support Apple Watch yet? That’s my favorite feature of Apple Maps CarPlay. It tapping me to turn.
comment_1ly5ey4_5,1ly5ey4,reddit,apple,comment,https://www.reddit.com/r/apple/comments/1ly5ey4/google_maps_now_supports_second_screens_in/,1752339779.0,2025-07-12 12:02:59,,,Google map directions on the HUD has been present for a while in my Hyundai. Not sure what changed for you but it predates 18.5 for sure.
comment_1ly5ey4_6,1ly5ey4,reddit,apple,comment,https://www.reddit.com/r/apple/comments/1ly5ey4/google_maps_now_supports_second_screens_in/,1752339779.0,2025-07-12 12:02:59,,,"Interesting, I want this feature. But I don’t see it in my BMW yet 😢"
comment_1ly5ey4_7,1ly5ey4,reddit,apple,comment,https://www.reddit.com/r/apple/comments/1ly5ey4/google_maps_now_supports_second_screens_in/,1752339779.0,2025-07-12 12:02:59,,,"Hey OP, latest google maps update shows 1 week ago for me, got an i5 but it didnt show directions 

Was there a more recent update?"
comment_1ly5ey4_8,1ly5ey4,reddit,apple,comment,https://www.reddit.com/r/apple/comments/1ly5ey4/google_maps_now_supports_second_screens_in/,1752339779.0,2025-07-12 12:02:59,,,"Strange, this feature was working for me last week, but has disappeared today!"
comment_1ly5ey4_9,1ly5ey4,reddit,apple,comment,https://www.reddit.com/r/apple/comments/1ly5ey4/google_maps_now_supports_second_screens_in/,1752339779.0,2025-07-12 12:02:59,,,How the hell can I turn it off?!?!
comment_1ly5ey4_10,1ly5ey4,reddit,apple,comment,https://www.reddit.com/r/apple/comments/1ly5ey4/google_maps_now_supports_second_screens_in/,1752339779.0,2025-07-12 12:02:59,,,Same for my 2020 Gen6 Subaru Outback 11.6” inch screen on iOS 26. On the flip side I now have 3 clicks to start a trip in Maps :(
comment_1ly5ey4_11,1ly5ey4,reddit,apple,comment,https://www.reddit.com/r/apple/comments/1ly5ey4/google_maps_now_supports_second_screens_in/,1752339779.0,2025-07-12 12:02:59,,,This doesn't work for me in my F-Pace 2021... Waze and apple maps can leverage that tiny instrument cluster display but Google maps still can't. Latest iOS 26.1 and iPhone 17PM
comment_1ly5ey4_12,1ly5ey4,reddit,apple,comment,https://www.reddit.com/r/apple/comments/1ly5ey4/google_maps_now_supports_second_screens_in/,1752339779.0,2025-07-12 12:02:59,,,Google Maps also directs you to low-income areas in the interest of diversity &amp; inclusion. Imagine getting carjacked at gunpoint because some Google engineer wanted to be woke and implemented it through their system.
post_1lvz0k2,1lvz0k2,reddit,apple,post,https://www.reddit.com/r/apple/comments/1lvz0k2/apple_maps_suddenly_failing_to_treat_highway_407/,1752107388.0,2025-07-09 19:29:48,16.0,16.0,Apple Maps Suddenly Failing to Treat Highway 407 ETR in Toronto Area as Toll Road
comment_1lvz0k2_0,1lvz0k2,reddit,apple,comment,https://www.reddit.com/r/apple/comments/1lvz0k2/apple_maps_suddenly_failing_to_treat_highway_407/,1752107388.0,2025-07-09 19:29:48,,,"Starting in June, 407 east of Brock became toll free, this likely contributed to the glitch."
comment_1lvz0k2_1,1lvz0k2,reddit,apple,comment,https://www.reddit.com/r/apple/comments/1lvz0k2/apple_maps_suddenly_failing_to_treat_highway_407/,1752107388.0,2025-07-09 19:29:48,,,It’s been like this actually even before they made 407 East toll-free.
comment_1lvz0k2_2,1lvz0k2,reddit,apple,comment,https://www.reddit.com/r/apple/comments/1lvz0k2/apple_maps_suddenly_failing_to_treat_highway_407/,1752107388.0,2025-07-09 19:29:48,,,What a nothing burger article. Must be a slow news day lmao.
comment_1lvz0k2_3,1lvz0k2,reddit,apple,comment,https://www.reddit.com/r/apple/comments/1lvz0k2/apple_maps_suddenly_failing_to_treat_highway_407/,1752107388.0,2025-07-09 19:29:48,,,Just had to pay a 120 € fine for driving on a toll road in Austria even though toll roads should have been avoided.
comment_1lvz0k2_4,1lvz0k2,reddit,apple,comment,https://www.reddit.com/r/apple/comments/1lvz0k2/apple_maps_suddenly_failing_to_treat_highway_407/,1752107388.0,2025-07-09 19:29:48,,,"Surely this is the end for Apple, how ever will they recover"
comment_1lvz0k2_5,1lvz0k2,reddit,apple,comment,https://www.reddit.com/r/apple/comments/1lvz0k2/apple_maps_suddenly_failing_to_treat_highway_407/,1752107388.0,2025-07-09 19:29:48,,,Holy fuck
post_1lu5ac6,1lu5ac6,reddit,apple,post,https://www.reddit.com/r/apple/comments/1lu5ac6/leak_reveals_apple_maps_in_ios_26_could_get_two/,1751920613.0,2025-07-07 15:36:53,340.0,38.0,"Leak reveals Apple Maps in iOS 26 could get two unannounced new features [""Search the Way You Talk"" and turning off the screen when the iPhone is too hot]"
comment_1lu5ac6_0,1lu5ac6,reddit,apple,comment,https://www.reddit.com/r/apple/comments/1lu5ac6/leak_reveals_apple_maps_in_ios_26_could_get_two/,1751920613.0,2025-07-07 15:36:53,,,This plus the rumored vapor cooling of the next phone tells me that they're expecting the new features to produce a lot of heat.
comment_1lu5ac6_1,1lu5ac6,reddit,apple,comment,https://www.reddit.com/r/apple/comments/1lu5ac6/leak_reveals_apple_maps_in_ios_26_could_get_two/,1751920613.0,2025-07-07 15:36:53,,,The screen already shuts off when it gets too hot and it tells you that’s why it happens. It’s been this way for a couple years at least.
comment_1lu5ac6_2,1lu5ac6,reddit,apple,comment,https://www.reddit.com/r/apple/comments/1lu5ac6/leak_reveals_apple_maps_in_ios_26_could_get_two/,1751920613.0,2025-07-07 15:36:53,,,"I’d like to be able to start directions as soon as I get in the car, but only turn navigation on at a particular point.

I want to go from A to C, and I know how to get to B, but I’d like directions from B to C"
comment_1lu5ac6_3,1lu5ac6,reddit,apple,comment,https://www.reddit.com/r/apple/comments/1lu5ac6/leak_reveals_apple_maps_in_ios_26_could_get_two/,1751920613.0,2025-07-07 15:36:53,,,"I wish the screen would stay off automatically when connected via CarPlay

For maps it always shows the written directions"
comment_1lu5ac6_4,1lu5ac6,reddit,apple,comment,https://www.reddit.com/r/apple/comments/1lu5ac6/leak_reveals_apple_maps_in_ios_26_could_get_two/,1751920613.0,2025-07-07 15:36:53,,,I don’t know why they don’t just make the lock screen a fat ass live activity when navigating instead of hijacking the entire screen.
comment_1lu5ac6_5,1lu5ac6,reddit,apple,comment,https://www.reddit.com/r/apple/comments/1lu5ac6/leak_reveals_apple_maps_in_ios_26_could_get_two/,1751920613.0,2025-07-07 15:36:53,,,Search the way you talk doesn't work on **anything** *anywhere* across every service they claim it does.
comment_1lu5ac6_6,1lu5ac6,reddit,apple,comment,https://www.reddit.com/r/apple/comments/1lu5ac6/leak_reveals_apple_maps_in_ios_26_could_get_two/,1751920613.0,2025-07-07 15:36:53,,,Toll prices anytime soon?
comment_1lu5ac6_7,1lu5ac6,reddit,apple,comment,https://www.reddit.com/r/apple/comments/1lu5ac6/leak_reveals_apple_maps_in_ios_26_could_get_two/,1751920613.0,2025-07-07 15:36:53,,,"But when will they bring back mini-roundabouts? A type of road junction used in the U.K. ?

These used to be in Apple Maps [but they took these away a few years back](https://www.reddit.com/r/applemaps/comments/qngtsn/uk_mini_roundabouts/) FOR NO REASON WHATSOEVER and now Apple Maps is terrible in the U.K.

Now Apple Maps shows mini roundabouts as a regular junction. Which is wrong AND DANGEROUS.

No a mini roundabout is not the same a regular junction, because the rules about who has priority / right of way are very different. And so they should not be displayed as a regular junction in driving directions.

Why did you take it away, Apple? And why won't you put it right?

You still have big roundabouts, but you took away mini roundabouts?

WHY??

*This* is what they need to fix."
comment_1lu5ac6_8,1lu5ac6,reddit,apple,comment,https://www.reddit.com/r/apple/comments/1lu5ac6/leak_reveals_apple_maps_in_ios_26_could_get_two/,1751920613.0,2025-07-07 15:36:53,,,How about optimising software so a notes app doesn’t heat up a phone ? Or that my 13mini has the memory of a goldfish it needs to constantly reload apps ?
comment_1lu5ac6_9,1lu5ac6,reddit,apple,comment,https://www.reddit.com/r/apple/comments/1lu5ac6/leak_reveals_apple_maps_in_ios_26_could_get_two/,1751920613.0,2025-07-07 15:36:53,,,All I want is the ability to see how busy a place is. Why is that so difficult?
comment_1lu5ac6_10,1lu5ac6,reddit,apple,comment,https://www.reddit.com/r/apple/comments/1lu5ac6/leak_reveals_apple_maps_in_ios_26_could_get_two/,1751920613.0,2025-07-07 15:36:53,,,Doesn't the screen already turn off and on before turns when you turn on low power mode when the screen is locked?
comment_1lu5ac6_11,1lu5ac6,reddit,apple,comment,https://www.reddit.com/r/apple/comments/1lu5ac6/leak_reveals_apple_maps_in_ios_26_could_get_two/,1751920613.0,2025-07-07 15:36:53,,,"I use Google Maps today but I really want to like Apple Maps. I really don't like the Yelp integration in Apple Maps, and when I'm searching for places to go I hugely prefer Google reviews. Until that changes I think I'm stuck on Google Maps. Every time I see an Apple Maps announcement I hope they're changing something with the reviews."
comment_1lu5ac6_12,1lu5ac6,reddit,apple,comment,https://www.reddit.com/r/apple/comments/1lu5ac6/leak_reveals_apple_maps_in_ios_26_could_get_two/,1751920613.0,2025-07-07 15:36:53,,,"How about multi waypoint walking directions, how is this still not done yet"
comment_1lu5ac6_13,1lu5ac6,reddit,apple,comment,https://www.reddit.com/r/apple/comments/1lu5ac6/leak_reveals_apple_maps_in_ios_26_could_get_two/,1751920613.0,2025-07-07 15:36:53,,,How about showing how fast you are actually going under the posted speed limit.
comment_1lu5ac6_14,1lu5ac6,reddit,apple,comment,https://www.reddit.com/r/apple/comments/1lu5ac6/leak_reveals_apple_maps_in_ios_26_could_get_two/,1751920613.0,2025-07-07 15:36:53,,,"Lolololol. Only in r/Apple would “turning off the screen because the phone gets too hot” be considered a “feature” 

aNd We tHiNk yOuRe GoNnA LoVe iT 

How is Tim Cook still around?"
comment_1lu5ac6_15,1lu5ac6,reddit,apple,comment,https://www.reddit.com/r/apple/comments/1lu5ac6/leak_reveals_apple_maps_in_ios_26_could_get_two/,1751920613.0,2025-07-07 15:36:53,,,Pro tip to avoid the phone getting too hot: DON'T INSTALL IOS 26 🤡
post_1lhnim3,1lhnim3,reddit,apple,post,https://www.reddit.com/r/apple/comments/1lhnim3/i_made_a_native_ios_app_fishix_lifetime_promo/,1750597840.0,2025-06-22 08:10:40,263.0,502.0,"I made a native iOS app Fishix, Lifetime Promo Codes for free

A few months ago, I launched my own fishing app. Since then, I’ve made lots of updates and improvements — and now I’d love to share what it’s all about and why I created it.

I’m a native iOS developer and a lifelong fishing enthusiast. I had some free time and wanted to build another app for my portfolio, but instead of making “just anything,” I decided to work on something I truly enjoy and believe in.

The goal was simple: create a clean, modern app that helps you log your catches, plan fishing trips, track weather, and use maps to save spots and memories. It’s built with care and a lot of passion — but there’s still plenty I want to add.

Next, I’m planning to improve the map (more point types, route saving, etc.) and introduce a gear section where you can save your rods, reels, lines, and even build your own setups to use when planning trips or adding to your fishing log.

This isn’t really an ad — it’s more of an open invitation for feedback, advice, rating or even just ideas. If you try the app or have any thoughts, I’d be truly grateful to hear from you.

Please if you want a lifetime promo code message me or leave comment and upvote, and I will message you in DM!

Here is a link: https://apps.apple.com/ua/app/fishix-fishing-log-app/id6639620351

Thanks for reading!"
comment_1lhnim3_0,1lhnim3,reddit,apple,comment,https://www.reddit.com/r/apple/comments/1lhnim3/i_made_a_native_ios_app_fishix_lifetime_promo/,1750597840.0,2025-06-22 08:10:40,,,This is awesome! Thanks so much for making this.
comment_1lhnim3_1,1lhnim3,reddit,apple,comment,https://www.reddit.com/r/apple/comments/1lhnim3/i_made_a_native_ios_app_fishix_lifetime_promo/,1750597840.0,2025-06-22 08:10:40,,,"This is incredibly lucky as I was just trying to parse through the huge amount of apps that are out there for fishing. Most of them are bad, most of them are over featured. I don’t need half the stuff in the FishBrain app!

Would love a code!"
comment_1lhnim3_2,1lhnim3,reddit,apple,comment,https://www.reddit.com/r/apple/comments/1lhnim3/i_made_a_native_ios_app_fishix_lifetime_promo/,1750597840.0,2025-06-22 08:10:40,,,"Thats seems really useful, thanks for creating!"
comment_1lhnim3_3,1lhnim3,reddit,apple,comment,https://www.reddit.com/r/apple/comments/1lhnim3/i_made_a_native_ios_app_fishix_lifetime_promo/,1750597840.0,2025-06-22 08:10:40,,,"As someone who's recently gotten into fishing, this looks really, really cool and handy."
comment_1lhnim3_4,1lhnim3,reddit,apple,comment,https://www.reddit.com/r/apple/comments/1lhnim3/i_made_a_native_ios_app_fishix_lifetime_promo/,1750597840.0,2025-06-22 08:10:40,,,Would love a code! Thank you!
comment_1lhnim3_5,1lhnim3,reddit,apple,comment,https://www.reddit.com/r/apple/comments/1lhnim3/i_made_a_native_ios_app_fishix_lifetime_promo/,1750597840.0,2025-06-22 08:10:40,,,That’s hella dope
comment_1lhnim3_6,1lhnim3,reddit,apple,comment,https://www.reddit.com/r/apple/comments/1lhnim3/i_made_a_native_ios_app_fishix_lifetime_promo/,1750597840.0,2025-06-22 08:10:40,,,"I’d love to check it out, can I get a code? Thank you for making this!"
comment_1lhnim3_7,1lhnim3,reddit,apple,comment,https://www.reddit.com/r/apple/comments/1lhnim3/i_made_a_native_ios_app_fishix_lifetime_promo/,1750597840.0,2025-06-22 08:10:40,,,The app looks great! I’m just getting back into I’d like a code please. Thanks!
comment_1lhnim3_8,1lhnim3,reddit,apple,comment,https://www.reddit.com/r/apple/comments/1lhnim3/i_made_a_native_ios_app_fishix_lifetime_promo/,1750597840.0,2025-06-22 08:10:40,,,I’d love a promo code! Thanks!
comment_1lhnim3_9,1lhnim3,reddit,apple,comment,https://www.reddit.com/r/apple/comments/1lhnim3/i_made_a_native_ios_app_fishix_lifetime_promo/,1750597840.0,2025-06-22 08:10:40,,,Very cool!
comment_1lhnim3_10,1lhnim3,reddit,apple,comment,https://www.reddit.com/r/apple/comments/1lhnim3/i_made_a_native_ios_app_fishix_lifetime_promo/,1750597840.0,2025-06-22 08:10:40,,,This looks awesome! Thanks for the hard work on it. I would love a code as well
comment_1lhnim3_11,1lhnim3,reddit,apple,comment,https://www.reddit.com/r/apple/comments/1lhnim3/i_made_a_native_ios_app_fishix_lifetime_promo/,1750597840.0,2025-06-22 08:10:40,,,"Would love a promo code for a friend and I if thats possible. Amateur fishers here where theres barely any fish but been consistent

Thank you!"
comment_1lhnim3_12,1lhnim3,reddit,apple,comment,https://www.reddit.com/r/apple/comments/1lhnim3/i_made_a_native_ios_app_fishix_lifetime_promo/,1750597840.0,2025-06-22 08:10:40,,,"Looked around, no need for code I upgraded to lifetime. $7.99 no prob."
comment_1lhnim3_13,1lhnim3,reddit,apple,comment,https://www.reddit.com/r/apple/comments/1lhnim3/i_made_a_native_ios_app_fishix_lifetime_promo/,1750597840.0,2025-06-22 08:10:40,,,"The app looks great, really happy to see you getting so much recognition  :)"
comment_1lhnim3_14,1lhnim3,reddit,apple,comment,https://www.reddit.com/r/apple/comments/1lhnim3/i_made_a_native_ios_app_fishix_lifetime_promo/,1750597840.0,2025-06-22 08:10:40,,,“Data not collected” good job
comment_1lhnim3_15,1lhnim3,reddit,apple,comment,https://www.reddit.com/r/apple/comments/1lhnim3/i_made_a_native_ios_app_fishix_lifetime_promo/,1750597840.0,2025-06-22 08:10:40,,,Would love a code
comment_1lhnim3_16,1lhnim3,reddit,apple,comment,https://www.reddit.com/r/apple/comments/1lhnim3/i_made_a_native_ios_app_fishix_lifetime_promo/,1750597840.0,2025-06-22 08:10:40,,,This looks great I’d love a code
comment_1lhnim3_17,1lhnim3,reddit,apple,comment,https://www.reddit.com/r/apple/comments/1lhnim3/i_made_a_native_ios_app_fishix_lifetime_promo/,1750597840.0,2025-06-22 08:10:40,,,Would love a code. Great looking app. Thanks!
comment_1lhnim3_18,1lhnim3,reddit,apple,comment,https://www.reddit.com/r/apple/comments/1lhnim3/i_made_a_native_ios_app_fishix_lifetime_promo/,1750597840.0,2025-06-22 08:10:40,,,My son and his grandpa would love this!
comment_1lhnim3_19,1lhnim3,reddit,apple,comment,https://www.reddit.com/r/apple/comments/1lhnim3/i_made_a_native_ios_app_fishix_lifetime_promo/,1750597840.0,2025-06-22 08:10:40,,,"Just loved to a big fishing area, would LOVE access!"
comment_1lhnim3_20,1lhnim3,reddit,apple,comment,https://www.reddit.com/r/apple/comments/1lhnim3/i_made_a_native_ios_app_fishix_lifetime_promo/,1750597840.0,2025-06-22 08:10:40,,,Would love a code please
comment_1lhnim3_21,1lhnim3,reddit,apple,comment,https://www.reddit.com/r/apple/comments/1lhnim3/i_made_a_native_ios_app_fishix_lifetime_promo/,1750597840.0,2025-06-22 08:10:40,,,I would love a code my brother loves fishing and I want to get into it with him
comment_1lhnim3_22,1lhnim3,reddit,apple,comment,https://www.reddit.com/r/apple/comments/1lhnim3/i_made_a_native_ios_app_fishix_lifetime_promo/,1750597840.0,2025-06-22 08:10:40,,,Is it US only or does Europe works too? If its the latter id love a code.
comment_1lhnim3_23,1lhnim3,reddit,apple,comment,https://www.reddit.com/r/apple/comments/1lhnim3/i_made_a_native_ios_app_fishix_lifetime_promo/,1750597840.0,2025-06-22 08:10:40,,,Would love a code. Going fishing with my dad next week
comment_1lhnim3_24,1lhnim3,reddit,apple,comment,https://www.reddit.com/r/apple/comments/1lhnim3/i_made_a_native_ios_app_fishix_lifetime_promo/,1750597840.0,2025-06-22 08:10:40,,,"Your app looks terrific. I love how once you’re in it’s its own space. It does not loom like other apps I use, in the best way possible. 

Would love a code to unlock the pro features!"
comment_1lhnim3_25,1lhnim3,reddit,apple,comment,https://www.reddit.com/r/apple/comments/1lhnim3/i_made_a_native_ios_app_fishix_lifetime_promo/,1750597840.0,2025-06-22 08:10:40,,,"Hey u/Sufficient_Trade895
The app looks like you put ALOT effort into it. I’m eager to try it out. 
Would be really happy if you would send a code."
comment_1lhnim3_26,1lhnim3,reddit,apple,comment,https://www.reddit.com/r/apple/comments/1lhnim3/i_made_a_native_ios_app_fishix_lifetime_promo/,1750597840.0,2025-06-22 08:10:40,,,Could I get a lifetime code please? Thanks!
comment_1lhnim3_27,1lhnim3,reddit,apple,comment,https://www.reddit.com/r/apple/comments/1lhnim3/i_made_a_native_ios_app_fishix_lifetime_promo/,1750597840.0,2025-06-22 08:10:40,,,Would love the code. I’ll check it out
comment_1lhnim3_28,1lhnim3,reddit,apple,comment,https://www.reddit.com/r/apple/comments/1lhnim3/i_made_a_native_ios_app_fishix_lifetime_promo/,1750597840.0,2025-06-22 08:10:40,,,Just downloaded it and it looks great. I would love a code!
comment_1lhnim3_29,1lhnim3,reddit,apple,comment,https://www.reddit.com/r/apple/comments/1lhnim3/i_made_a_native_ios_app_fishix_lifetime_promo/,1750597840.0,2025-06-22 08:10:40,,,I’d love to try this
comment_1lhnim3_30,1lhnim3,reddit,apple,comment,https://www.reddit.com/r/apple/comments/1lhnim3/i_made_a_native_ios_app_fishix_lifetime_promo/,1750597840.0,2025-06-22 08:10:40,,,I'll take a code if you're still offering them. :)
comment_1lhnim3_31,1lhnim3,reddit,apple,comment,https://www.reddit.com/r/apple/comments/1lhnim3/i_made_a_native_ios_app_fishix_lifetime_promo/,1750597840.0,2025-06-22 08:10:40,,,I’m not that into fishing but the app design is beautiful
comment_1lhnim3_32,1lhnim3,reddit,apple,comment,https://www.reddit.com/r/apple/comments/1lhnim3/i_made_a_native_ios_app_fishix_lifetime_promo/,1750597840.0,2025-06-22 08:10:40,,,"I have a friend that would LOVE this app ! If you have a code, I can pass it on to them."
comment_1lhnim3_33,1lhnim3,reddit,apple,comment,https://www.reddit.com/r/apple/comments/1lhnim3/i_made_a_native_ios_app_fishix_lifetime_promo/,1750597840.0,2025-06-22 08:10:40,,,Would love a code. Just started fishing with my son.
comment_1lhnim3_34,1lhnim3,reddit,apple,comment,https://www.reddit.com/r/apple/comments/1lhnim3/i_made_a_native_ios_app_fishix_lifetime_promo/,1750597840.0,2025-06-22 08:10:40,,,Awesome app! Would love a code!
comment_1lhnim3_35,1lhnim3,reddit,apple,comment,https://www.reddit.com/r/apple/comments/1lhnim3/i_made_a_native_ios_app_fishix_lifetime_promo/,1750597840.0,2025-06-22 08:10:40,,,"Great app, just what I needed. Would love a code please. Thanks!"
comment_1lhnim3_36,1lhnim3,reddit,apple,comment,https://www.reddit.com/r/apple/comments/1lhnim3/i_made_a_native_ios_app_fishix_lifetime_promo/,1750597840.0,2025-06-22 08:10:40,,,I’d love a promo code
comment_1lhnim3_37,1lhnim3,reddit,apple,comment,https://www.reddit.com/r/apple/comments/1lhnim3/i_made_a_native_ios_app_fishix_lifetime_promo/,1750597840.0,2025-06-22 08:10:40,,,Nice app! Would love a code!
comment_1lhnim3_38,1lhnim3,reddit,apple,comment,https://www.reddit.com/r/apple/comments/1lhnim3/i_made_a_native_ios_app_fishix_lifetime_promo/,1750597840.0,2025-06-22 08:10:40,,,Definitely interested for when I start to take my little ones fishing!
comment_1lhnim3_39,1lhnim3,reddit,apple,comment,https://www.reddit.com/r/apple/comments/1lhnim3/i_made_a_native_ios_app_fishix_lifetime_promo/,1750597840.0,2025-06-22 08:10:40,,,I would love to give it a try. Thanks for free code
comment_1lhnim3_40,1lhnim3,reddit,apple,comment,https://www.reddit.com/r/apple/comments/1lhnim3/i_made_a_native_ios_app_fishix_lifetime_promo/,1750597840.0,2025-06-22 08:10:40,,,If u can i would love to get a code for the app
comment_1lhnim3_41,1lhnim3,reddit,apple,comment,https://www.reddit.com/r/apple/comments/1lhnim3/i_made_a_native_ios_app_fishix_lifetime_promo/,1750597840.0,2025-06-22 08:10:40,,,just got into fishing recently and i’d love a promo code if they are still available. i love testing new software!
comment_1lhnim3_42,1lhnim3,reddit,apple,comment,https://www.reddit.com/r/apple/comments/1lhnim3/i_made_a_native_ios_app_fishix_lifetime_promo/,1750597840.0,2025-06-22 08:10:40,,,"This is awesome, installing now! 

Would love a code :-)"
comment_1lhnim3_43,1lhnim3,reddit,apple,comment,https://www.reddit.com/r/apple/comments/1lhnim3/i_made_a_native_ios_app_fishix_lifetime_promo/,1750597840.0,2025-06-22 08:10:40,,,I’d love a code too!
comment_1lhnim3_44,1lhnim3,reddit,apple,comment,https://www.reddit.com/r/apple/comments/1lhnim3/i_made_a_native_ios_app_fishix_lifetime_promo/,1750597840.0,2025-06-22 08:10:40,,,I would absolutely love a code please
comment_1lhnim3_45,1lhnim3,reddit,apple,comment,https://www.reddit.com/r/apple/comments/1lhnim3/i_made_a_native_ios_app_fishix_lifetime_promo/,1750597840.0,2025-06-22 08:10:40,,,I would be happy to give it a shot especially if there are still codes available! Sounds like a great app. Thank you!
comment_1lhnim3_46,1lhnim3,reddit,apple,comment,https://www.reddit.com/r/apple/comments/1lhnim3/i_made_a_native_ios_app_fishix_lifetime_promo/,1750597840.0,2025-06-22 08:10:40,,,would love to try it out!
comment_1lhnim3_47,1lhnim3,reddit,apple,comment,https://www.reddit.com/r/apple/comments/1lhnim3/i_made_a_native_ios_app_fishix_lifetime_promo/,1750597840.0,2025-06-22 08:10:40,,,Interested so much. Thank you!
comment_1lhnim3_48,1lhnim3,reddit,apple,comment,https://www.reddit.com/r/apple/comments/1lhnim3/i_made_a_native_ios_app_fishix_lifetime_promo/,1750597840.0,2025-06-22 08:10:40,,,Very nice! I’d like a promo!
comment_1lhnim3_49,1lhnim3,reddit,apple,comment,https://www.reddit.com/r/apple/comments/1lhnim3/i_made_a_native_ios_app_fishix_lifetime_promo/,1750597840.0,2025-06-22 08:10:40,,,Would love a code. Thanks for making this! I have been looking for a quality fishing app.
post_1kmqbgm,1kmqbgm,reddit,apple,post,https://www.reddit.com/r/apple/comments/1kmqbgm/apple_introduces_ratings_and_reviews_from/,1747256233.0,2025-05-14 15:57:13,732.0,55.0,"Apple introduces ratings and reviews from Michelin, The Infatuation, OpenTable, and others to Apple Maps"
comment_1kmqbgm_0,1kmqbgm,reddit,apple,comment,https://www.reddit.com/r/apple/comments/1kmqbgm/apple_introduces_ratings_and_reviews_from/,1747256233.0,2025-05-14 15:57:13,,,"Finally some decent alternatives to the Yelp reviews they’ve had for years! A little disappointed that they aren’t using an in house review system (outside of their Thumbs Up/Thumbs Down reviews, which provide zero context), but this sure beats Yelp"
comment_1kmqbgm_1,1kmqbgm,reddit,apple,comment,https://www.reddit.com/r/apple/comments/1kmqbgm/apple_introduces_ratings_and_reviews_from/,1747256233.0,2025-05-14 15:57:13,,,"The apps aren’t required; for example, the Michelin Guide integration gives you pictures (which are sourced from the Michelin Guide and others) and a paragraph or two along with a find out more link which takes you to the Michelin Guide website for that hotel or restaurant you were viewing in the maps app."
comment_1kmqbgm_2,1kmqbgm,reddit,apple,comment,https://www.reddit.com/r/apple/comments/1kmqbgm/apple_introduces_ratings_and_reviews_from/,1747256233.0,2025-05-14 15:57:13,,,"Do we have to download the apps to actually see anything valuable? I stayed with google Maps because I can read reviews, see menus, images, etc... all within the app easily. Having to download Yelp to see more than 2 images is the most annoying thing ever."
comment_1kmqbgm_3,1kmqbgm,reddit,apple,comment,https://www.reddit.com/r/apple/comments/1kmqbgm/apple_introduces_ratings_and_reviews_from/,1747256233.0,2025-05-14 15:57:13,,,"not sure why opentable is in the submitted headline as it isn’t mentioned anywhere in the article and apple maps has had opentable ratings forever.  
  
that being said, I wish apple would just pick a rating system and be consistent with it. I know they’re trying to get their thumbs up system going but it’s taking forever and in the meantime any restaurant you look at might show a rating from apple, yelp, opentable, or sometimes even tripadvisor. makes it impossible to compare restaurants when you’re juggling four different rating systems. for my money I’ve never had any problems relying on Yelp’s ratings. 3.5 and below is off limits, 4 is a toss-up, and 4.5+ is always reliable."
comment_1kmqbgm_4,1kmqbgm,reddit,apple,comment,https://www.reddit.com/r/apple/comments/1kmqbgm/apple_introduces_ratings_and_reviews_from/,1747256233.0,2025-05-14 15:57:13,,,Sweet - I’m a fan of The Infatuation
comment_1kmqbgm_5,1kmqbgm,reddit,apple,comment,https://www.reddit.com/r/apple/comments/1kmqbgm/apple_introduces_ratings_and_reviews_from/,1747256233.0,2025-05-14 15:57:13,,,Why not get a decent god damn review system for Apple Maps users
comment_1kmqbgm_6,1kmqbgm,reddit,apple,comment,https://www.reddit.com/r/apple/comments/1kmqbgm/apple_introduces_ratings_and_reviews_from/,1747256233.0,2025-05-14 15:57:13,,,WOAH!!!! I don’t think yall realize how huge this is for Maps!!! Finally Apple!!!
comment_1kmqbgm_7,1kmqbgm,reddit,apple,comment,https://www.reddit.com/r/apple/comments/1kmqbgm/apple_introduces_ratings_and_reviews_from/,1747256233.0,2025-05-14 15:57:13,,,"What amazes me the most is the lack of opportunity with this if you take a look at Google you will see infinite reviews street views across the entire world and basically a more comprehensive mapping solution of course it’s not perfect. Nothing is perfect so no point in mentioning that.

But Apple have missed a number of tricks here they are behind very behind their reviews seem to rely upon yelp which is hugely under respected and in all honesty nobody really uses or trusts it, then you have other ways to review of course dependent upon the country you’re in what Apple have failed to do is release bespoke universal review systems to compete with Google. They have also forgotten to release imagery for street views of most of the countries around the world. I question this with Tim Cook via an email and I got a response saying they’re not at liberty to disclose future locations. It seems to me like this company are mixed up in bureaucratic problems Created by themselves"
comment_1kmqbgm_8,1kmqbgm,reddit,apple,comment,https://www.reddit.com/r/apple/comments/1kmqbgm/apple_introduces_ratings_and_reviews_from/,1747256233.0,2025-05-14 15:57:13,,,All ratings will still be between 3.3 and 4.7
comment_1kmqbgm_9,1kmqbgm,reddit,apple,comment,https://www.reddit.com/r/apple/comments/1kmqbgm/apple_introduces_ratings_and_reviews_from/,1747256233.0,2025-05-14 15:57:13,,,Need Tabelog
comment_1kmqbgm_10,1kmqbgm,reddit,apple,comment,https://www.reddit.com/r/apple/comments/1kmqbgm/apple_introduces_ratings_and_reviews_from/,1747256233.0,2025-05-14 15:57:13,,,"Good. Now can you fix the navigation bug where I choose my preferred route over the default route, get rerouted in the parking lot, then it goes back to the default route? Happens all the time and it’s super annoying."
comment_1kmqbgm_11,1kmqbgm,reddit,apple,comment,https://www.reddit.com/r/apple/comments/1kmqbgm/apple_introduces_ratings_and_reviews_from/,1747256233.0,2025-05-14 15:57:13,,,"Still, Apple Maps sucks."
comment_1kmqbgm_12,1kmqbgm,reddit,apple,comment,https://www.reddit.com/r/apple/comments/1kmqbgm/apple_introduces_ratings_and_reviews_from/,1747256233.0,2025-05-14 15:57:13,,,"Great, more apps I have to download to read any of the reviews"
comment_1kmqbgm_13,1kmqbgm,reddit,apple,comment,https://www.reddit.com/r/apple/comments/1kmqbgm/apple_introduces_ratings_and_reviews_from/,1747256233.0,2025-05-14 15:57:13,,,Great. but dont trust Michelin tho. It's way overrated.
comment_1kmqbgm_14,1kmqbgm,reddit,apple,comment,https://www.reddit.com/r/apple/comments/1kmqbgm/apple_introduces_ratings_and_reviews_from/,1747256233.0,2025-05-14 15:57:13,,,"Mostly targeted at the rich I see. 

# But some additions that will be useful to most people. 

So that is nice to have more options."
post_1kmnwbn,1kmnwbn,reddit,apple,post,https://www.reddit.com/r/apple/comments/1kmnwbn/apple_maps_now_features_insights_from_expert/,1747250336.0,2025-05-14 14:18:56,197.0,20.0,Apple Maps Now Features Insights From 'Expert Sources' Like Michelin Guide
comment_1kmnwbn_0,1kmnwbn,reddit,apple,comment,https://www.reddit.com/r/apple/comments/1kmnwbn/apple_maps_now_features_insights_from_expert/,1747250336.0,2025-05-14 14:18:56,,,Something nobody asked for. How about in-app reviews instead of using Yelp?
comment_1kmnwbn_1,1kmnwbn,reddit,apple,comment,https://www.reddit.com/r/apple/comments/1kmnwbn/apple_maps_now_features_insights_from_expert/,1747250336.0,2025-05-14 14:18:56,,,US only of course lol
comment_1kmnwbn_2,1kmnwbn,reddit,apple,comment,https://www.reddit.com/r/apple/comments/1kmnwbn/apple_maps_now_features_insights_from_expert/,1747250336.0,2025-05-14 14:18:56,,,How about expanding navigation service to more countries? Seems like services are created for the US only
post_1q0lavq,1q0lavq,reddit,applemaps,post,https://www.reddit.com/r/applemaps/comments/1q0lavq/2025_apple_maps_overview/,1767209298.0,2025-12-31 13:28:18,40.0,4.0,"2025 Apple Maps Overview

**New Map Data**  
  
Apple has resumed the publication of New Map Data, which was halted in 2024, with two expansions covering two countries each. Unfortunately, Thailand still lacks complete Look Around coverage, and Mexico has only partial coverage, highlighting the challenges posed by the vastness of both countries. Currently, 36 countries have access to the New Map Data, and 22 others are expected to receive it.  
  
**Detailed City Experience (DCE)**  
  
Apple has added six cities to the DCE: New Orleans, Stockholm, Copenhagen, Monaco, Singapore, and Kansas City. While this marks an improvement over 2024, it still falls short compared to previous years. Among these six cities, two are micro-states (Monaco and Singapore). The newly added cities are characterized by their many colorful buildings, though Monaco and New Orleans are below average in this regard. Additionally, a few colorful buildings have been added in Berlin, London, and Singapore. In total, 34 cities now feature the DCE.  
  
**New Surveyed Countries**  
  
Apple has begun surveying five new countries in Europe: Bosnia and Herzegovina, Montenegro, North Macedonia, Kosovo, and Albania. This is in line with average numbers, bringing the total of surveyed countries to 58.  
  
**Turn-by-Turn Feature**  
  
The Turn-by-Turn feature has been rolled out in 15 countries in Central and South America, representing one of the most significant updates in recent years.  
  
Apple has regained a more regular update rhythm, though it remains below average. Furthermore, the company is updating its Look Around images more quickly and has added Flyover to many cities worldwide."
comment_1q0lavq_0,1q0lavq,reddit,applemaps,comment,https://www.reddit.com/r/applemaps/comments/1q0lavq/2025_apple_maps_overview/,1767209298.0,2025-12-31 13:28:18,,,"Thank you for all your work on this sub, Benni!"
comment_1q0lavq_1,1q0lavq,reddit,applemaps,comment,https://www.reddit.com/r/applemaps/comments/1q0lavq/2025_apple_maps_overview/,1767209298.0,2025-12-31 13:28:18,,,"In terms of DCE, Milan (and hopefully by extension Rome and Naples) should hopefully get DCE this year. I'm not sure about Guadalajara and Mexico City since Apple seems to be hesitant about adding any new Flyovers there, but they seem to have an easier job getting government approval to do DCE updates than Flyover. We should also see some dart-throw adds in Europe and America - Brussels, Helsinki, Zurich, Minneapolis, Phoenix, etc. Also hoping to see some new surveyed countries next year, especially Chile and Argentina. Here's to a great 2026 for Maps!"
post_1q0kpy0,1q0kpy0,reddit,applemaps,post,https://www.reddit.com/r/applemaps/comments/1q0kpy0/anyones_apple_maps_down/,1767207767.0,2025-12-31 13:02:47,0.0,3.0,"Anyone’s Apple Maps down?

Anyone’s Apple Maps down? In the NYC area. Possible due to NYE."
comment_1q0kpy0_0,1q0kpy0,reddit,applemaps,comment,https://www.reddit.com/r/applemaps/comments/1q0kpy0/anyones_apple_maps_down/,1767207767.0,2025-12-31 13:02:47,,,Working for me in the Midwest.
comment_1q0kpy0_1,1q0kpy0,reddit,applemaps,comment,https://www.reddit.com/r/applemaps/comments/1q0kpy0/anyones_apple_maps_down/,1767207767.0,2025-12-31 13:02:47,,,I’m in midtown and Apple Maps are working for me.
comment_1q0kpy0_2,1q0kpy0,reddit,applemaps,comment,https://www.reddit.com/r/applemaps/comments/1q0kpy0/anyones_apple_maps_down/,1767207767.0,2025-12-31 13:02:47,,,Working fine in Australia.
post_1pzz7mr,1pzz7mr,reddit,applemaps,post,https://www.reddit.com/r/applemaps/comments/1pzz7mr/apple_maps_intermittently_breaks_home_screen/,1767142453.0,2025-12-30 18:54:13,3.0,14.0,"Apple Maps intermittently breaks Home Screen rendering and in-app touch interaction on iOS 26.2

TL;DR: Apple Maps intermittently causes my iPhone’s Home Screen icons to disappear and breaks in-app touch interaction across the system until I force quit Maps and lock and unlock the phone.

Hi all, I’m hoping to sanity check this with others and get help describing it clearly so Apple will take it seriously. I’m tech savvy but not a software engineer.

I’m experiencing an intermittent issue where Apple Maps causes a system-level UI and interaction failure on my iPhone. The phone is not completely frozen, but Home Screen rendering becomes partially broken and touch interaction inside apps stops functioning properly.

This phone is essentially brand new. I got it at the beginning of December, and since then this issue has probably occurred close to 50 times. It happens almost every time I use Apple Maps, and often multiple times within the span of a single drive, even though each occurrence requires force quitting the app and restarting navigation.

Device details:
- iPhone 17
- iOS 26.2 (latest public release, not beta)
- Plenty of free storage
- Hardware diagnostics run by Apple Support, all clean
- Cell carrier: Xfinity Mobile

This issue has occurred while on cellular data and while connected to Wi-Fi. I have not noticed any correlation with a specific location, route, or area. It has happened in multiple different locations and under different network conditions.

I am not using CarPlay when this occurs. I have not been able to test this phone with CarPlay yet due to an issue with my car’s CarPlay system.

Accessibility settings:
- AssistiveTouch enabled (floating dot), used for locking the phone, taking screenshots, and toggling portrait and landscape orientation
- Back Tap enabled

I’m not sure if battery level plays a role. The phone is relatively new, and when this happens the battery is typically well above 30 percent and often closer to 80 or 100 percent. I have noticed that it usually happens when the phone is not plugged into a charger, though I can’t say for certain whether that’s a contributing factor.

What the Home Screen looks like when the issue occurs:
- App icons and widgets that are not inside folders are not visible
- The text labels under apps and widgets remain visible
- Notification badges remain visible
- Apps inside folders render normally
- Apps in the dock behave the same way as Home Screen apps, with icons missing but labels and badges still present
- When I tap into a folder or open the app switcher, the Home Screen in the background appears visually normal
- As soon as I exit the folder or app switcher back to the Home Screen, it returns to the broken state described above

Interaction behavior:
- I can still open and close apps, open folders, and use the app switcher
- However, once inside an app, taps do not register or trigger actions
- Apps may open only to their default or initial screen, or fail to load content entirely
- This behavior affects all apps, not just Apple Maps

Apple Maps behavior specifically:
- When the issue occurs, Apple Maps stops responding to touch input
- I cannot tap anything within Maps, including ending navigation or interacting with the map
- I have not confirmed whether GPS position or navigation visuals continue updating if I keep driving
- Simply switching away from Apple Maps does not resolve the issue
- To fully recover, I must force quit Apple Maps by swiping it closed, then lock and unlock the phone
- Both steps are required; force quitting alone or locking and unlocking alone is not sufficient
- After doing both, normal Home Screen rendering and in-app interaction are restored

I’ve included a screenshot showing what my Home Screen looks like while the issue is occurring. This screenshot was taken before force quitting Apple Maps and before locking and unlocking the phone.

I also have a screen recording of the behavior if that would be more helpful. In the recording, you mainly see me opening apps and attempting to interact with them, but taps do not register and some apps fail to load. The recording also shows that when I open a folder or view the app switcher, the Home Screen in the background appears visually normal, and then returns to the broken state once I exit back to the Home Screen.

What I’ve tried so far:
- Restarted device multiple times
- Uninstalled and reinstalled Apple Maps, which helped briefly but the issue returned
- Live screen sharing with Apple Support
- Hardware diagnostics
- Captured screenshots and screen recordings
- Currently in the process of a full iOS reinstall and restore per Apple Support

Apple Support has suggested possible factors like widgets, accessibility features, location services, or cell service transitions. Resetting all settings was also suggested, but since the issue is intermittent and my settings are static, isolating a single setting or combination seems impractical.

I’m not trying to fix Apple’s code myself. I’m mainly trying to understand whether this sounds like a known class of iOS or Apple Maps bug, and how best to explain it so it can be escalated properly.

Questions:
- Has anyone else experienced Apple Maps causing system-wide in-app interaction failures like this?
- Does this pattern sound familiar from other iOS issues?
- Are there specific subsystems or conditions I should mention when following up with Apple?

Thanks in advance for any insight."
comment_1pzz7mr_0,1pzz7mr,reddit,applemaps,comment,https://www.reddit.com/r/applemaps/comments/1pzz7mr/apple_maps_intermittently_breaks_home_screen/,1767142453.0,2025-12-30 18:54:13,,,May have missed it but can you switch to Default or Dark icons and not Clear/Tinted to see if the issue still occurs?
comment_1pzz7mr_1,1pzz7mr,reddit,applemaps,comment,https://www.reddit.com/r/applemaps/comments/1pzz7mr/apple_maps_intermittently_breaks_home_screen/,1767142453.0,2025-12-30 18:54:13,,,"Although I haven’t experienced this myself, I have seen multiple posts showing a similar issue to what you describe.  Perhaps this is their issue as well."
post_1pxxf7w,1pxxf7w,reddit,applemaps,post,https://www.reddit.com/r/applemaps/comments/1pxxf7w/is_it_possible_to_set_apple_maps_for_the_same/,1766943963.0,2025-12-28 11:46:03,0.0,0.0,"Is it possible to set Apple Maps for the same directional orientation on CarPlay and instrument cluster screens?

Driving a BMW, iDrive 8.5. When I’m navigating w Apple Maps, I’ve set the vehicle icon to always point directly ahead; the map orients around it. This works best for me. But the arrow icon and “follow this road” graphic *in the instrument cluster* is contextual; it points NSEW — in the *actual* direction I’m driving. OK, but sometimes this momentarily confuses my brain. Any way to have both maps — one large, one small — behave identically all the time?"
post_1pxhvdg,1pxhvdg,reddit,applemaps,post,https://www.reddit.com/r/applemaps/comments/1pxhvdg/why_is_maps_taking_up_so_much_storage/,1766895243.0,2025-12-27 22:14:03,0.0,7.0,"Why is Maps taking up so much storage??

https://preview.redd.it/8et2dg3edv9g1.jpg?width=4000&amp;format=pjpg&amp;auto=webp&amp;s=b4fa15c0a07baa0f3f36fbdb12a91aa1cbedc049

Does anyone know why the apple Maps app takes up so much storage? I tried deleting it but it only offloaded it and I kind of needed the app so I just redowloaded it. I heard that you can't actually delete the app but why does it even have the option to delete it? I only have 7 locations bookmarked. I don't have any offline maps or reports either. I do have some recent locations searched up but they aren't too much (and I also can't clear/delete them). Please help me I barely have any storage on my phone and am trying to delete/clear stuff. Also, does anyone know why I can't delete photos or messages and stuff when my storage is full? Is it because it's so full it just doesn't have the storage to process deleting anything?

  
EDIT: it was a bug and I just needed to update from iOS 18.3 to iOS 26. iOS 26 looks kinda strange though, nontheless, thank you mister\_kong and thannbanis."
comment_1pxhvdg_0,1pxhvdg,reddit,applemaps,comment,https://www.reddit.com/r/applemaps/comments/1pxhvdg/why_is_maps_taking_up_so_much_storage/,1766895243.0,2025-12-27 22:14:03,,,"It’s a bug that has been fixed, install the latest iOS version"
comment_1pxhvdg_1,1pxhvdg,reddit,applemaps,comment,https://www.reddit.com/r/applemaps/comments/1pxhvdg/why_is_maps_taking_up_so_much_storage/,1766895243.0,2025-12-27 22:14:03,,,"What version of iOS is it running?  (Some like mid iOS 18 and early iOS 26 have caching issues)

Has maps been offloaded/‘deleted’ (since it’s not possible to truly delete stock apps)?"
post_1px4uw4,1px4uw4,reddit,applemaps,post,https://www.reddit.com/r/applemaps/comments/1px4uw4/bugs_in_apple_maps_on_tahoe/,1766860188.0,2025-12-27 12:29:48,5.0,3.0,"Bugs in Apple Maps on Tahoe?

I just tried to plan some routes in Apple Maps on MacOS Tahoe and I encountered these issues:

* it seems no longer possible to right click on a location and select 'Route from' or 'Route to'; the only option is 'Route'. This is annoying because I want to plan a route from A to B, both not my current location
* I have a hard time replacing 'My location' in the Route window with a location I select from the map. AFAIK this was possible on older versions.

Combined, these issues make it (almost?) impossible to plan a simple route from A to B.

Am I overlooking something?"
comment_1px4uw4_0,1px4uw4,reddit,applemaps,comment,https://www.reddit.com/r/applemaps/comments/1px4uw4/bugs_in_apple_maps_on_tahoe/,1766860188.0,2025-12-27 12:29:48,,,"click the button at the top left of the window that says ""directions"". this brings up a sidebar panel where you can enter a location for both waypoints, the origin and destination. if it has ""current location"" filled in already, just remove it from the text field and enter your own origin. once both are entered, click the button below the boxes that says ""directions"" or press enter in one of the text boxes."
post_1pw2eac,1pw2eac,reddit,applemaps,post,https://www.reddit.com/r/applemaps/comments/1pw2eac/location_of_restaurant_not_correct/,1766749329.0,2025-12-26 05:42:09,0.0,16.0,"Location of restaurant not correct

We own a restaurant and don't use apple products. The problem ist that our restaurant is 2 times in apple maps. One correct address and a wrong one. I couldn't find a support or anything. I told my friends that they should report this and they did. But nothing changed.
What to do ?"
comment_1pw2eac_0,1pw2eac,reddit,applemaps,comment,https://www.reddit.com/r/applemaps/comments/1pw2eac/location_of_restaurant_not_correct/,1766749329.0,2025-12-26 05:42:09,,,Besides what has been mentioned here I would also create a Apple Business Connect account for the restaurant and claim the correct location. Then you can change some of the info directly.
comment_1pw2eac_1,1pw2eac,reddit,applemaps,comment,https://www.reddit.com/r/applemaps/comments/1pw2eac/location_of_restaurant_not_correct/,1766749329.0,2025-12-26 05:42:09,,,Use this e-mail : maps_escalations@apple.com Explain your problem. I recommend copying the link of the restaurant where the address is incorrect in Apple Maps on the web and pasting it into the email. This will facilitate your request.
comment_1pw2eac_2,1pw2eac,reddit,applemaps,comment,https://www.reddit.com/r/applemaps/comments/1pw2eac/location_of_restaurant_not_correct/,1766749329.0,2025-12-26 05:42:09,,,"Apple Business is there to help with stuff like this. As a business owner, you should have that connection. It’s free."
post_1psn4de,1psn4de,reddit,applemaps,post,https://www.reddit.com/r/applemaps/comments/1psn4de/how_long_does_it_usually_take_for_apple_maps_to/,1766367801.0,2025-12-21 19:43:21,3.0,3.0,"How long does it usually take for Apple Maps to add a location?

So I recently noticed that the Fire station of the local Volunteer Fire Department is missing on apple maps, I submitted a missing location three times over the course of the last 3 Months now and didn’t get any confirmation email or anything and the location is still missing so I wanted to ask whether any of you also submitted a missing location and how long it usually took?"
comment_1psn4de_0,1psn4de,reddit,applemaps,comment,https://www.reddit.com/r/applemaps/comments/1psn4de/how_long_does_it_usually_take_for_apple_maps_to/,1766367801.0,2025-12-21 19:43:21,,,"What country are you in? 

Try adding additional photos and details in your next submission. If they still don’t add it after a week, send a report to maps_escalations@apple.com"
comment_1psn4de_1,1psn4de,reddit,applemaps,comment,https://www.reddit.com/r/applemaps/comments/1psn4de/how_long_does_it_usually_take_for_apple_maps_to/,1766367801.0,2025-12-21 19:43:21,,,"From experience somewhere between half an hour and *years*.

How did you submit this new POI?"
post_1pshdia,1pshdia,reddit,applemaps,post,https://www.reddit.com/r/applemaps/comments/1pshdia/apple_maps_live_transit_coverage_to_st_petersburg/,1766351946.0,2025-12-21 15:19:06,32.0,0.0,"Apple Maps Live Transit Coverage to St. Petersburg, FL &amp; Tampa w/ their respective transit authorities, PSTA &amp; HART for majority of buses 🙌🏻"
post_1prk2hv,1prk2hv,reddit,applemaps,post,https://www.reddit.com/r/applemaps/comments/1prk2hv/do_any_dce_models_have_dynamic_colors_at_night/,1766252565.0,2025-12-20 11:42:45,38.0,1.0,"Do Any DCE Models Have “Dynamic Colors” at Night?

In Apple Maps, all DCE models are illuminated at night. Are there any that change dynamically based on events or awareness months, for example? 

While the London Eye frequently changes colors irl, it is always pink at night in Apple Maps, representing its sponsor (lastminute.com)"
comment_1prk2hv_0,1prk2hv,reddit,applemaps,comment,https://www.reddit.com/r/applemaps/comments/1prk2hv/do_any_dce_models_have_dynamic_colors_at_night/,1766252565.0,2025-12-20 11:42:45,,,The Tottenham stadium lights up purple
post_1prcip3,1prcip3,reddit,applemaps,post,https://www.reddit.com/r/applemaps/comments/1prcip3/savedoffline_routes_for_cycling/,1766231124.0,2025-12-20 05:45:24,2.0,2.0,"Saved/Offline Routes for cycling 🚴‍♂️

Has anyone tried the custom route builder on Apple Maps when cycling? It seems to be tailored just for walking, so it’ll tell you to turn just as you’re flying past a turning on your bike 😅

Hoping they will do an update where you can set whether you’re walking, cycling or driving 🤞"
comment_1prcip3_0,1prcip3,reddit,applemaps,comment,https://www.reddit.com/r/applemaps/comments/1prcip3/savedoffline_routes_for_cycling/,1766231124.0,2025-12-20 05:45:24,,,"I use it and it works fine. ETA is miles off because it thinks you walk, but putting the phone on the bike makes the directions work, coupled with an Apple Watch"
comment_1prcip3_1,1prcip3,reddit,applemaps,comment,https://www.reddit.com/r/applemaps/comments/1prcip3/savedoffline_routes_for_cycling/,1766231124.0,2025-12-20 05:45:24,,,[Don't let your dreams be dreams.](https://www.apple.com/feedback/maps-ios-ipados/)
post_1pq9v4f,1pq9v4f,reddit,applemaps,post,https://www.reddit.com/r/applemaps/comments/1pq9v4f/anyone_hear_about_a_rumor_that_apple_maps_may_at/,1766112309.0,2025-12-18 20:45:09,6.0,5.0,"Anyone hear about a rumor that Apple Maps may at some point allow users to replace its ubiquitous blue arrow with a custom icon?

Google Maps enabled this feature a while ago, and it’s terrific. Instead of a boring blue arrow that just about every GPS platform uses, including Apple, GMaps permits you to substitute a vehicle icon of your style and color. (I picked a red coupe as that’s what I drive. Looks terrific on a CarPlay screen. Really pops.)  Seems like a small thing to ask of AMaps, but I find it makes a surprising amount of difference when navigating."
comment_1pq9v4f_0,1pq9v4f,reddit,applemaps,comment,https://www.reddit.com/r/applemaps/comments/1pq9v4f/anyone_hear_about_a_rumor_that_apple_maps_may_at/,1766112309.0,2025-12-18 20:45:09,,,"The only case in which I see Apple doing anything like this, is an integration with CarPlay Ultra. In which it can be replaced only with a 3D rendering of your paired vehicle model and color."
comment_1pq9v4f_1,1pq9v4f,reddit,applemaps,comment,https://www.reddit.com/r/applemaps/comments/1pq9v4f/anyone_hear_about_a_rumor_that_apple_maps_may_at/,1766112309.0,2025-12-18 20:45:09,,,"Blue circle, sometimes with a white arrow within?"
comment_1pq9v4f_2,1pq9v4f,reddit,applemaps,comment,https://www.reddit.com/r/applemaps/comments/1pq9v4f/anyone_hear_about_a_rumor_that_apple_maps_may_at/,1766112309.0,2025-12-18 20:45:09,,,I hope AppleMaps doesn’t try to become Waze.
post_1pq2qf5,1pq2qf5,reddit,applemaps,post,https://www.reddit.com/r/applemaps/comments/1pq2qf5/why_is_apple_business_connect_still_so_terrible/,1766093197.0,2025-12-18 15:26:37,27.0,3.0,"Why is Apple Business Connect still so terrible?

Above: Image 1 is before I hit save and image 2 is what it changed to after I hit save.

Seriously, Apple Business Connect's holiday hours feature is structured in an extremely confusing and user-UNfriendly way, and that would be tolerable if it functioned to any sort of understandable degree for a product that has been out for over 13 years and is from one of the largest companies in the world. Holiday hours submitted by small businesses all display a day later than what you input into the system, and they automatically merge holiday hours that are within a week of each other (like Christmas and New Years) which would normally be fine if it didn't also mark any days that are added as closed potentially costing us dozens of customers each day that it is incorrect. It has gotten to the point that my company is discussing simply not adding holiday hours to Apple Maps anymore because they cause more harm and confusion than good."
comment_1pq2qf5_0,1pq2qf5,reddit,applemaps,comment,https://www.reddit.com/r/applemaps/comments/1pq2qf5/why_is_apple_business_connect_still_so_terrible/,1766093197.0,2025-12-18 15:26:37,,,That’s terrible. Do ask them to fix them using apple.com/feedback (or via the Feedback Assistant app if you have beta software). They might have some feedback option in the Business Connect site as well. They do listen! I’ve had requested features/changes added
comment_1pq2qf5_1,1pq2qf5,reddit,applemaps,comment,https://www.reddit.com/r/applemaps/comments/1pq2qf5/why_is_apple_business_connect_still_so_terrible/,1766093197.0,2025-12-18 15:26:37,,,Please feed this back directly to Apple. It’s the only way they’ll take note and make improvements.
post_1pp2wg1,1pp2wg1,reddit,applemaps,post,https://www.reddit.com/r/applemaps/comments/1pp2wg1/dce_likeliness_for_pittsburgh/,1765993434.0,2025-12-17 11:43:54,7.0,4.0,"DCE Likeliness for Pittsburgh

Alright, this is a bit self-centered given I live in this city. Pittsburgh will be hosting the NFL Draft in early 2026, with around 500-700K visitors expected. Is there a chance it receives DCE and look around given this is a big sporting event? 

The Apple Maps team has been conducting vehicle imagery collecting since around 2019, and pedestrian imagery collection since around 2021. While look around isn’t currently available, Kansas City received DCE and look around on the same day.

Is this a long shot, or is it something that may be likely? I know this hasn’t been done for previous Draft cities, but Pittsburgh is fairly notable. Thanks!"
comment_1pp2wg1_0,1pp2wg1,reddit,applemaps,comment,https://www.reddit.com/r/applemaps/comments/1pp2wg1/dce_likeliness_for_pittsburgh/,1765993434.0,2025-12-17 11:43:54,,,"I’ll admit that this doesn’t answer your question, but I have to imagine Pitt won’t get DCE before Denver does. The fact that Denver, one of if not the most notable city in Mountain Time, doesn’t have DCE yet absolutely blows me away."
post_1po6b1s,1po6b1s,reddit,applemaps,post,https://www.reddit.com/r/applemaps/comments/1po6b1s/need_help_with_carplay_map_appearance_after_ios/,1765902414.0,2025-12-16 10:26:54,4.0,3.0,"Need help with CarPlay map appearance after ios 26 upgrade

I don't know how to explain this well, so please bear with me.

I'm really struggling with this upgrade. I keep my CarPlay permanently on dark mode because it's hard to see the apps in light mode while I'm driving. But it used to be that Apple Maps would automatically switch from light mode to dark mode at nightfall. With the upgrade, I either have to make all of the apps automatically switch or keep manually switching the map myself. This wasn't the case before.

Does anyone know how I can switch only Apple Maps to automatic display while keeping the apps in dark mode?"
comment_1po6b1s_0,1po6b1s,reddit,applemaps,comment,https://www.reddit.com/r/applemaps/comments/1po6b1s/need_help_with_carplay_map_appearance_after_ios/,1765902414.0,2025-12-16 10:26:54,,,"Two things…CarPlay always dark is in the CarPlay settings. This doesn’t always align with CarPlay apps…but can. 

Double check screen/brightness on your phone settings and make sure it is set to “automatic”

I’ve never tested this as I think I have CarPlay set to automatic as well. 

If working properly, Maps should be in light mode during the day and in most cars, only go dark when the car’s lights are triggered to turn on at night, going through a tunnel, really dark day, etc."
comment_1po6b1s_1,1po6b1s,reddit,applemaps,comment,https://www.reddit.com/r/applemaps/comments/1po6b1s/need_help_with_carplay_map_appearance_after_ios/,1765902414.0,2025-12-16 10:26:54,,,"Usually the vehicle communicates to the car when it’s “night” with clues like a light sensor or turning on the headlights and the dash lights and other bits of lighting in the vehicle go dim

I’ve had rental cars that don’t report it accurately and never could figure it out. 

But, if it’s the same vehicle and the only thing that’s changed is your upgrade to iOS (doesn’t hurt to check the vehicle settings too) it’s most likely a vehicle specific bug in CarPlay. 

Report it to Apple with the Feedback assistant"
comment_1po6b1s_2,1po6b1s,reddit,applemaps,comment,https://www.reddit.com/r/applemaps/comments/1po6b1s/need_help_with_carplay_map_appearance_after_ios/,1765902414.0,2025-12-16 10:26:54,,,"It's in settings:
Keep dark mode for CarPlay 
Below there is another setting specific for Maps, don't activate it and Maps should be light/dark depending how it works in your car.

I use it like this, but then if it doesn't work then something wrong with the update and your car."
post_1po67m4,1po67m4,reddit,applemaps,post,https://www.reddit.com/r/applemaps/comments/1po67m4/file_send_to_device_send_to_my_iphone_from_macos/,1765902202.0,2025-12-16 10:23:22,1.0,0.0,"File | Send to Device | Send to [my iPhone] from macos not working?

Syncing from Macbook to iphone is working for Notes: I can see a note created on the macbook within seconds on the iPhone.

  
From the Apple Maps app on the macbook I click on 

File | Send to Device | Send to \[Stephen's iPhone\]

The click is accepted but no confirmation or error is displayed.  Nothing happens on the iPhone."
post_1po1ed8,1po1ed8,reddit,applemaps,post,https://www.reddit.com/r/applemaps/comments/1po1ed8/this_apple_calendar_feature_is_amazing_until/,1765890211.0,2025-12-16 07:03:31,0.0,11.0,"This Apple Calendar Feature Is Amazing… Until Someone Sends a Google Maps Link!!!

Here’s the problem that pushed me to build it.

I’m a big Apple Calendar fan. One feature I absolutely love is setting an event location and enabling travel time. When the location is an Apple Maps address, the Calendar app automatically calculates how long it will take to get there from your current location and sends you a notification telling you exactly when to leave so you arrive on time.

For example, if you create an event at Apple Park at 7:00 PM and set the location to Apple Park, Calendar figures out that the trip will take, say, two hours. Then it sends you a smart notification saying: “It’s time to leave now to arrive on time.” It’s incredibly useful.

The problem? This feature only works with Apple Maps links.

At work, clients constantly send me locations via Google Maps, Waze, Yandex, Bing, or other map apps. When I paste those links into Apple Calendar, the travel-time magic breaks. No smart calculation. No “time to leave” reminder.

So I built MapSwitch: Convert map links

MapSwitch lets you instantly convert any map link—Google Maps, Waze, Bing, Yandex, OsmAnd, and more—into Apple Maps. And of course, you can convert links the other way around too.

Now I can keep using Apple Calendar’s best features without forcing everyone else to change their map app"
comment_1po1ed8_0,1po1ed8,reddit,applemaps,comment,https://www.reddit.com/r/applemaps/comments/1po1ed8/this_apple_calendar_feature_is_amazing_until/,1765890211.0,2025-12-16 07:03:31,,,I’ve been using mapswitch for quite a while. I enjoy the app.
comment_1po1ed8_1,1po1ed8,reddit,applemaps,comment,https://www.reddit.com/r/applemaps/comments/1po1ed8/this_apple_calendar_feature_is_amazing_until/,1765890211.0,2025-12-16 07:03:31,,,Fix the thing where Microsoft calendars don’t let you do travel time…
comment_1po1ed8_2,1po1ed8,reddit,applemaps,comment,https://www.reddit.com/r/applemaps/comments/1po1ed8/this_apple_calendar_feature_is_amazing_until/,1765890211.0,2025-12-16 07:03:31,,,Link?
comment_1po1ed8_3,1po1ed8,reddit,applemaps,comment,https://www.reddit.com/r/applemaps/comments/1po1ed8/this_apple_calendar_feature_is_amazing_until/,1765890211.0,2025-12-16 07:03:31,,,"You can actually try it free for a month 😊  
Just redeem this code: **MAPSWITCH1MO** and see if it’s worth it for you.  
just click the Redeem button when the paywall appears"
comment_1po1ed8_4,1po1ed8,reddit,applemaps,comment,https://www.reddit.com/r/applemaps/comments/1po1ed8/this_apple_calendar_feature_is_amazing_until/,1765890211.0,2025-12-16 07:03:31,,,this is the link for mapswitch: [https://apps.apple.com/us/app/mapswitch-convert-map-links/id6748560411](https://apps.apple.com/us/app/mapswitch-convert-map-links/id6748560411)
post_1pnjr50,1pnjr50,reddit,applemaps,post,https://www.reddit.com/r/applemaps/comments/1pnjr50/what_does_this_mean/,1765834586.0,2025-12-15 15:36:26,12.0,6.0,"What does this mean?

just found this symbol on apple maps, the U in the white square with a black outline. At first I thought it was a state route, then confused by the letter, and the fact that the square is not the state route outline of Missouri. Found this in New Madrid, Missouri, USA."
comment_1pnjr50_0,1pnjr50,reddit,applemaps,comment,https://www.reddit.com/r/applemaps/comments/1pnjr50/what_does_this_mean/,1765834586.0,2025-12-15 15:36:26,,,Secondary highways in Missouri have letters instead of numbers.
post_1pndiwf,1pndiwf,reddit,applemaps,post,https://www.reddit.com/r/applemaps/comments/1pndiwf/lets_tell_apple_about_transit_improvements/,1765820049.0,2025-12-15 11:34:09,35.0,7.0,"Let’s tell Apple about transit improvements

I don’t know if you guys have these problems (written below) with Apple Maps, but I do, and if you agree with me you should send this message to Apple and maybe they will do something about it.
“Apple maps’s transit feature is awesome, when looking at timetables for local public transport it’s fine, but when looking at trains, the by line basis is only good when you are looking at one train line’s schedule only, but it’s not good when looking for a train in a direction. Therefore there should be a tab at a station that lists departures in chronological order. There also should be another tab where it shows all of the lines with their full day timetables. A line which isn’t going in 4 hours currently shows when the line will continue but when clicking on such line it shows only the line’s graph. It should show the normal view with all of the future departures. These improvements, if only one is implemented, will make the lives of Apple Maps transit users better and will use it more.”
If you agree with me send it to Apple on this link: https://www.apple.com/feedback/maps-ios-ipados"
comment_1pndiwf_0,1pndiwf,reddit,applemaps,comment,https://www.reddit.com/r/applemaps/comments/1pndiwf/lets_tell_apple_about_transit_improvements/,1765820049.0,2025-12-15 11:34:09,,,Try this email : maps-transit@apple.com
comment_1pndiwf_1,1pndiwf,reddit,applemaps,comment,https://www.reddit.com/r/applemaps/comments/1pndiwf/lets_tell_apple_about_transit_improvements/,1765820049.0,2025-12-15 11:34:09,,,Can you make this into paragraphs or bullet points? Super hard to read without. Thanks!
comment_1pndiwf_2,1pndiwf,reddit,applemaps,comment,https://www.reddit.com/r/applemaps/comments/1pndiwf/lets_tell_apple_about_transit_improvements/,1765820049.0,2025-12-15 11:34:09,,,"I agree! I also really wish they’d focus on usability more for transit mode in general as it seems like google maps is far more active in improving transit mode than Apple Maps. The Dynamic Island is far more useful when navigating transit on GM. Once you’ve started a journey, you can’t see your ETA or the time remaining which is rlly annoying. Also, it’d be nice if you could turn off the feature where, during navigation, when the iPhone is locked, waking the device doesn’t prioritise the map, over the lockscreen. Sometimes I like navigating more in the background, and don’t need the navigation to be front and centre every time in wake up the device."
comment_1pndiwf_3,1pndiwf,reddit,applemaps,comment,https://www.reddit.com/r/applemaps/comments/1pndiwf/lets_tell_apple_about_transit_improvements/,1765820049.0,2025-12-15 11:34:09,,,"Here are some more points that should be improved, imo: 
Show which carriage to board for faster transfers more consistently, as seen in Japan.
Make the Dynamic Island show remaining stops with the transit logo, similar to Google Maps.
Display ETA and time remaining once a journey has started.
Allow easy selection of the next tram, bus, or train whilst immediately updating the entire connection and ETA.
Add an option to disable the feature where waking the iPhone during navigation prioritises Maps over the lockscreen."
post_1pmykv8,1pmykv8,reddit,applemaps,post,https://www.reddit.com/r/applemaps/comments/1pmykv8/apple_maps_voice_not_working/,1765773369.0,2025-12-14 22:36:09,3.0,7.0,apple maps voice not working
comment_1pmykv8_0,1pmykv8,reddit,applemaps,comment,https://www.reddit.com/r/applemaps/comments/1pmykv8/apple_maps_voice_not_working/,1765773369.0,2025-12-14 22:36:09,,,How exactly? You didn’t provide many details
post_1pmp32h,1pmp32h,reddit,applemaps,post,https://www.reddit.com/r/applemaps/comments/1pmp32h/how_to_drop_a_pin_on_an_exact_location_in_apple/,1765746598.0,2025-12-14 15:09:58,3.0,15.0,"How to Drop a Pin on an Exact Location in Apple Maps

I’m trying to drop a pin in Apple Maps for a very specific spot, like a parking lot. However, whenever I place the pin and save it, Apple Maps automatically snaps it to the nearest building instead of the exact location I selected. I’ve also tried searching by coordinates, but it still redirects me to the building address.

Photo 1: “Test” shows the pin I dropped

Photo 2: Starting directions routes me to the nearest building instead of my pin

Photos 3 &amp; 4: Searching the coordinates still brings up the building’s address instead of the exact spot"
comment_1pmp32h_0,1pmp32h,reddit,applemaps,comment,https://www.reddit.com/r/applemaps/comments/1pmp32h/how_to_drop_a_pin_on_an_exact_location_in_apple/,1765746598.0,2025-12-14 15:09:58,,,"The pin is in the same spot, but the directions are to an address."
comment_1pmp32h_1,1pmp32h,reddit,applemaps,comment,https://www.reddit.com/r/applemaps/comments/1pmp32h/how_to_drop_a_pin_on_an_exact_location_in_apple/,1765746598.0,2025-12-14 15:09:58,,,"I've found this same or similar issue when a manually drop a pin to share an exact location with someone. When you then open the shared link, it will show the general location instead of the exact one. Pretty effing stupid when a) Apple's POI location is wrong so you wanted to share the correct location but can't b) the general location is large, like a park, so the place it shows is nowhere near the pin you dropped.

I don't know why Apple does it this way."
comment_1pmp32h_2,1pmp32h,reddit,applemaps,comment,https://www.reddit.com/r/applemaps/comments/1pmp32h/how_to_drop_a_pin_on_an_exact_location_in_apple/,1765746598.0,2025-12-14 15:09:58,,,I can add a pin anywhere and have never had one move on its own.
comment_1pmp32h_3,1pmp32h,reddit,applemaps,comment,https://www.reddit.com/r/applemaps/comments/1pmp32h/how_to_drop_a_pin_on_an_exact_location_in_apple/,1765746598.0,2025-12-14 15:09:58,,,"Can you show an example placing your pin in a forest? and see how you’re directed?  Redditers here seem to focus on the parking lot issue (this particular example) being mapped, rather than what you’re trying to illustrate in general."
comment_1pmp32h_4,1pmp32h,reddit,applemaps,comment,https://www.reddit.com/r/applemaps/comments/1pmp32h/how_to_drop_a_pin_on_an_exact_location_in_apple/,1765746598.0,2025-12-14 15:09:58,,,https://preview.redd.it/kn4k4fo2y87g1.jpeg?width=1179&amp;format=pjpg&amp;auto=webp&amp;s=4b3ec6c0ee7ce8de208bda9ac0ff63c8c74fbf8b
post_1pmkddu,1pmkddu,reddit,applemaps,post,https://www.reddit.com/r/applemaps/comments/1pmkddu/jules_verne_option/,1765735006.0,2025-12-14 11:56:46,11.0,6.0,"Jules Verne option

Apple Maps added an extra 43,000 km to our trip from Eindhoven (Netherlands) to the beach.
Probably selected the Jules Verne option.
Fixed 30 minutes later."
comment_1pmkddu_0,1pmkddu,reddit,applemaps,comment,https://www.reddit.com/r/applemaps/comments/1pmkddu/jules_verne_option/,1765735006.0,2025-12-14 11:56:46,,,"You realise that 43.111 ≠ 43,111 km.  In some languages comma is used as a decimal separator and others use full stop."
comment_1pmkddu_1,1pmkddu,reddit,applemaps,comment,https://www.reddit.com/r/applemaps/comments/1pmkddu/jules_verne_option/,1765735006.0,2025-12-14 11:56:46,,,I have the same problem sometimes. It´s a bug
comment_1pmkddu_2,1pmkddu,reddit,applemaps,comment,https://www.reddit.com/r/applemaps/comments/1pmkddu/jules_verne_option/,1765735006.0,2025-12-14 11:56:46,,,"It is weird to have the value rounded to the meter, but as your phone is in English, it is probably normal to have the full stop as decimal separator.
So 43km and 111 meters."
post_1pjvqrz,1pjvqrz,reddit,applemaps,post,https://www.reddit.com/r/applemaps/comments/1pjvqrz/why_does_apple_maps_not_understand_elevation_or/,1765454289.0,2025-12-11 05:58:09,0.0,16.0,Why does Apple Maps not understand elevation or construction zones?
comment_1pjvqrz_0,1pjvqrz,reddit,applemaps,comment,https://www.reddit.com/r/applemaps/comments/1pjvqrz/why_does_apple_maps_not_understand_elevation_or/,1765454289.0,2025-12-11 05:58:09,,,"…?

Elaborate…?"
comment_1pjvqrz_1,1pjvqrz,reddit,applemaps,comment,https://www.reddit.com/r/applemaps/comments/1pjvqrz/why_does_apple_maps_not_understand_elevation_or/,1765454289.0,2025-12-11 05:58:09,,,"So...your complaint is not about Maps (which does have detailed elevation/floor data for some airports, malls, etc.)...your complaint is that your phone (or most any phone for that matter) can't seem to tell what elevation you are at...and within a 20 foot height in some cases.  

Maps can tell you WHERE to go (and it may have been helpful in this case, if it knew, to direct you to a specific floor or exit)...but it may be a while before sensors in your phone can tell you what floor you are on unless that area utilizes a series of bluetooth beacons to narrow down your exact location.  They exist, but not in widespread use."
comment_1pjvqrz_2,1pjvqrz,reddit,applemaps,comment,https://www.reddit.com/r/applemaps/comments/1pjvqrz/why_does_apple_maps_not_understand_elevation_or/,1765454289.0,2025-12-11 05:58:09,,,It does
comment_1pjvqrz_3,1pjvqrz,reddit,applemaps,comment,https://www.reddit.com/r/applemaps/comments/1pjvqrz/why_does_apple_maps_not_understand_elevation_or/,1765454289.0,2025-12-11 05:58:09,,,"It does understand elevation, but elevation data is poorly implemented and only visible to you in limited areas of the app. They added the ability to report road work and road closures in iOS 26, but there is no ability to show the entire span of construction zone. 

Asking ""why"" for this is the same as asking ""why"" for any other feature in any other app that was included or excluded. These are the choices they made when developing the app."
comment_1pjvqrz_4,1pjvqrz,reddit,applemaps,comment,https://www.reddit.com/r/applemaps/comments/1pjvqrz/why_does_apple_maps_not_understand_elevation_or/,1765454289.0,2025-12-11 05:58:09,,,?
comment_1pjvqrz_5,1pjvqrz,reddit,applemaps,comment,https://www.reddit.com/r/applemaps/comments/1pjvqrz/why_does_apple_maps_not_understand_elevation_or/,1765454289.0,2025-12-11 05:58:09,,,Something I enjoyed in China was the way multi-level highways were handled in common map applications. Really elegant and intuitive.
post_1pjn3yt,1pjn3yt,reddit,applemaps,post,https://www.reddit.com/r/applemaps/comments/1pjn3yt/how_do_i_get_the_arrowdirections_to_be_in_the_way/,1765423226.0,2025-12-10 21:20:26,0.0,16.0,"How do I get the arrow/directions to be in the way of the map?!

This is insane… is this really not shrinkabke? The thing that used to pop down and I’d always swipe away because it was blocking what I was trying to do?… is now permanently blocking the whole top of the map view?

Is there any way to go back ie make it not so obtrusive? I’ve always been a supporter of Apple Maps but this is just AWFUL… please help…"
comment_1pjn3yt_0,1pjn3yt,reddit,applemaps,comment,https://www.reddit.com/r/applemaps/comments/1pjn3yt/how_do_i_get_the_arrowdirections_to_be_in_the_way/,1765423226.0,2025-12-10 21:20:26,,,"It only used to pop down if you were in a different app. It was always a black bar at the top of the screen while you were in the Maps app.

This is 26 compared to 18

https://preview.redd.it/j24b544jvh6g1.jpeg?width=1744&amp;format=pjpg&amp;auto=webp&amp;s=0468798c3b498c2c58b47cbf27391bf8736a075c"
comment_1pjn3yt_1,1pjn3yt,reddit,applemaps,comment,https://www.reddit.com/r/applemaps/comments/1pjn3yt/how_do_i_get_the_arrowdirections_to_be_in_the_way/,1765423226.0,2025-12-10 21:20:26,,,"It never used to shrink in app, what are you talking about?? The iOS 26 version is less intrusive than the 18 actually"
comment_1pjn3yt_2,1pjn3yt,reddit,applemaps,comment,https://www.reddit.com/r/applemaps/comments/1pjn3yt/how_do_i_get_the_arrowdirections_to_be_in_the_way/,1765423226.0,2025-12-10 21:20:26,,,"You’re confusing two things

One was a notification when you were in another app, the other (in your screenshot) is the next turn detail - you can swipe away a notification but not the in app detail. 

If you want to see what’s under the detail, just move the map with a swipe"
comment_1pjn3yt_3,1pjn3yt,reddit,applemaps,comment,https://www.reddit.com/r/applemaps/comments/1pjn3yt/how_do_i_get_the_arrowdirections_to_be_in_the_way/,1765423226.0,2025-12-10 21:20:26,,,"Certainly in CarPlay,,tapping the directions will change between a larger and more compact style. Tried that?"
post_1pjmah1,1pjmah1,reddit,applemaps,post,https://www.reddit.com/r/applemaps/comments/1pjmah1/fire_hydrant_intrigue/,1765420861.0,2025-12-10 20:41:01,21.0,5.0,"Fire Hydrant Intrigue

Sorry if this isn’t the right sub for this. Does anyone know why Apple Maps would censor the tops of fire hydrants? Not just one, but many that’s I’ve seen are censored. They’re not even that phallic! I’ve attached an example of this. Thank you all in advance for your consideration and opinions/answers."
comment_1pjmah1_0,1pjmah1,reddit,applemaps,comment,https://www.reddit.com/r/applemaps/comments/1pjmah1/fire_hydrant_intrigue/,1765420861.0,2025-12-10 20:41:01,,,"They want to make sure they don’t miss a single face, no matter what position the people are in. For that, the tolerance levels for their face detection algorithms are higher and will have false positives like this more often than not.

I’m gonna assume the hydrants have features at the top there that look like a face"
comment_1pjmah1_1,1pjmah1,reddit,applemaps,comment,https://www.reddit.com/r/applemaps/comments/1pjmah1/fire_hydrant_intrigue/,1765420861.0,2025-12-10 20:41:01,,,They don’t want Google to harvest their imagery for captcha.
comment_1pjmah1_2,1pjmah1,reddit,applemaps,comment,https://www.reddit.com/r/applemaps/comments/1pjmah1/fire_hydrant_intrigue/,1765420861.0,2025-12-10 20:41:01,,,"https://preview.redd.it/27r0yd29ep6g1.png?width=213&amp;format=png&amp;auto=webp&amp;s=2d53680bc4a66f83e4340c079e6214273d014029

From this view it's not blurred."
comment_1pjmah1_3,1pjmah1,reddit,applemaps,comment,https://www.reddit.com/r/applemaps/comments/1pjmah1/fire_hydrant_intrigue/,1765420861.0,2025-12-10 20:41:01,,,"https://preview.redd.it/w0n2buwdep6g1.png?width=197&amp;format=png&amp;auto=webp&amp;s=742ba9922a234881066048ea8a4b970f5cea4227

But from a few feet to the right, it is.   Flaky algorithm."
comment_1pjmah1_4,1pjmah1,reddit,applemaps,comment,https://www.reddit.com/r/applemaps/comments/1pjmah1/fire_hydrant_intrigue/,1765420861.0,2025-12-10 20:41:01,,,"https://preview.redd.it/iv7bd5dl5r6g1.jpeg?width=437&amp;format=pjpg&amp;auto=webp&amp;s=d9e98c29cb12b078a410fc42e233f2717aeb8609

Top part might look like a helmet ⛑️

Hence high risk of finding a face under it."
post_1pidajp,1pidajp,reddit,applemaps,post,https://www.reddit.com/r/applemaps/comments/1pidajp/apple_maps_not_showing_rodoviária_do_oeste_bus/,1765300802.0,2025-12-09 11:20:02,3.0,1.0,"Apple Maps not showing Rodoviária do Oeste bus routes in Portugal

I’m trying to understand why Apple Maps does not show certain bus routes in Portugal. For example, Rodoviária do Oeste operates a daily route from Óbidos at 16:15 that arrives in Lisbon at Campo Grande at 17:15. This route is published on their own schedule and also appears correctly in Google Maps.

However, when I check Apple Maps, nothing shows up at all, even though I have Bus selected as a transportation mode. It looks like Apple Maps either does not have the transit data for this region or I’m missing something in the settings.

Has anyone run into this before, and is there a reason Apple Maps cannot display these bus routes in Óbidos or Lisbon? I’m wondering if there’s a workaround or if Apple Maps simply does not support Rodoviária do Oeste."
comment_1pidajp_0,1pidajp,reddit,applemaps,comment,https://www.reddit.com/r/applemaps/comments/1pidajp/apple_maps_not_showing_rodoviária_do_oeste_bus/,1765300802.0,2025-12-09 11:20:02,,,Portugal caralho!
post_1phu2c7,1phu2c7,reddit,applemaps,post,https://www.reddit.com/r/applemaps/comments/1phu2c7/apple_maps_doesnt_work_for_the_first_30_seconds/,1765242196.0,2025-12-08 19:03:16,0.0,9.0,"Apple Maps doesn’t work for the first 30 seconds to 2 minutes, and more

When I try to use Apple Maps for navigation, for the first 30 seconds to 2 minutes, Apple Maps has me going all over the place through city blocks, shifting right and left, etc. usually it will then finally sink and be OK, but lately it still gets very, very confused in the middle of a trip. Anyone else see similar issues or have an idea for a fix. I’ve restarted the Maps app, the iPhone, but no success."
comment_1phu2c7_0,1phu2c7,reddit,applemaps,comment,https://www.reddit.com/r/applemaps/comments/1phu2c7/apple_maps_doesnt_work_for_the_first_30_seconds/,1765242196.0,2025-12-08 19:03:16,,,I mean did you try the same route on another iPhone?
comment_1phu2c7_1,1phu2c7,reddit,applemaps,comment,https://www.reddit.com/r/applemaps/comments/1phu2c7/apple_maps_doesnt_work_for_the_first_30_seconds/,1765242196.0,2025-12-08 19:03:16,,,"How accurate is your location?

This sort of behaviour is often a lack of gps lock (either the satellites are not visible or the gps module is faulty)"
comment_1phu2c7_2,1phu2c7,reddit,applemaps,comment,https://www.reddit.com/r/applemaps/comments/1phu2c7/apple_maps_doesnt_work_for_the_first_30_seconds/,1765242196.0,2025-12-08 19:03:16,,,Could be the carrier.
comment_1phu2c7_3,1phu2c7,reddit,applemaps,comment,https://www.reddit.com/r/applemaps/comments/1phu2c7/apple_maps_doesnt_work_for_the_first_30_seconds/,1765242196.0,2025-12-08 19:03:16,,,Does the location look ok in Google Maps?
comment_1phu2c7_4,1phu2c7,reddit,applemaps,comment,https://www.reddit.com/r/applemaps/comments/1phu2c7/apple_maps_doesnt_work_for_the_first_30_seconds/,1765242196.0,2025-12-08 19:03:16,,,"Not happening here. Maybe it’s a fault on your CarPlay unit?

Or are you indoors when you start the navigation?"
comment_1phu2c7_5,1phu2c7,reddit,applemaps,comment,https://www.reddit.com/r/applemaps/comments/1phu2c7/apple_maps_doesnt_work_for_the_first_30_seconds/,1765242196.0,2025-12-08 19:03:16,,,"This issue is usually related to the GPS in your car.  Maps uses this to refine the location when used with CarPlay. 

Usually happens in rental cars that have the internal compass set to a location far away from your current location. 

Calibrate the car’s compass/gps and you should eliminate the battle between your phone’s GPS and the one in the car."
post_1phl211,1phl211,reddit,applemaps,post,https://www.reddit.com/r/applemaps/comments/1phl211/voice_guidance_detail/,1765220609.0,2025-12-08 13:03:29,5.0,4.0,"Voice Guidance Detail

I recently took a road trip and used Apple Maps because it was the only map that defaulted the way I wanted to go and I didn't feel like messing with way points. To my surprise it worked very well compared to when I had first tried using it back in the day. My only gripe was that a few times I got a little confused because the details were lacking compared to Google Maps. Like it wouldn't explain a ""veer off"" type split in the road it just said how far to go until the actual exit. Is there a way to get more detailed descriptions?"
comment_1phl211_0,1phl211,reddit,applemaps,comment,https://www.reddit.com/r/applemaps/comments/1phl211/voice_guidance_detail/,1765220609.0,2025-12-08 13:03:29,,,I think you need to explain better or show an example. I’m not aware of any detail Google shows during driving that Apple doesn’t show or do better.
comment_1phl211_1,1phl211,reddit,applemaps,comment,https://www.reddit.com/r/applemaps/comments/1phl211/voice_guidance_detail/,1765220609.0,2025-12-08 13:03:29,,,"I found Apple maps the best at voice guidance like “after this light turn right.” Far better than Google or Waze.

My .02 anyway. YMMV"
post_1phjrkt,1phjrkt,reddit,applemaps,post,https://www.reddit.com/r/applemaps/comments/1phjrkt/without_an_apple_account_how_do_i_submit_a_error/,1765217744.0,2025-12-08 12:15:44,10.0,20.0,"Without an apple account, how do I submit a error in Apple Maps?

The street between ""1102 Gardencrest Ln, Houston, TX, 77077"" and ""1150 Enclave Square W, Houston Tx, 77077"" is not a connecting street.  

A fence runs through where the street would connect, because these roads are in adjacent, but separate communities.

I've tried to find a way to communicate this to the Apple Maps group, but I lack iPhone, and apparently Apple maps has changed or shutdown any kind of non-Apple account holder from submitting issues to Apple maps.

This is creating a nearly daily scenario where some delivery driver enters one or the other community as their maps route them from one community into the other on this non-connecting street.  It also complicates food deliveries, as the delivery drivers get stuck at the wrong gate, repeatedly typing in the wrong gate code, because Apple Maps routed them through one community to an address in the other community.

How do I submit a proper bug to the Apple Maps group, assuming I don't own an Apple device?"
comment_1phjrkt_0,1phjrkt,reddit,applemaps,comment,https://www.reddit.com/r/applemaps/comments/1phjrkt/without_an_apple_account_how_do_i_submit_a_error/,1765217744.0,2025-12-08 12:15:44,,,I have fixed this issue on OpenStreetMap (OSM). This may help as OSM is a major contributor to Apple Maps for areas with limited coverage.
comment_1phjrkt_1,1phjrkt,reddit,applemaps,comment,https://www.reddit.com/r/applemaps/comments/1phjrkt/without_an_apple_account_how_do_i_submit_a_error/,1765217744.0,2025-12-08 12:15:44,,,"I reported it… it said they’d respond after reviewing it, we’ll see if they respond."
comment_1phjrkt_2,1phjrkt,reddit,applemaps,comment,https://www.reddit.com/r/applemaps/comments/1phjrkt/without_an_apple_account_how_do_i_submit_a_error/,1765217744.0,2025-12-08 12:15:44,,,"Note that this issue is specific to Apple maps, Google maps use different data sources that show the road correctly."
comment_1phjrkt_3,1phjrkt,reddit,applemaps,comment,https://www.reddit.com/r/applemaps/comments/1phjrkt/without_an_apple_account_how_do_i_submit_a_error/,1765217744.0,2025-12-08 12:15:44,,,through the website: [https://www.apple.com/feedback/maps-ios-ipados/](https://www.apple.com/feedback/maps-ios-ipados/)
comment_1phjrkt_4,1phjrkt,reddit,applemaps,comment,https://www.reddit.com/r/applemaps/comments/1phjrkt/without_an_apple_account_how_do_i_submit_a_error/,1765217744.0,2025-12-08 12:15:44,,,"Just checked, it’s fixed now!"
comment_1phjrkt_5,1phjrkt,reddit,applemaps,comment,https://www.reddit.com/r/applemaps/comments/1phjrkt/without_an_apple_account_how_do_i_submit_a_error/,1765217744.0,2025-12-08 12:15:44,,,https://www.apple.com/feedback/
comment_1phjrkt_6,1phjrkt,reddit,applemaps,comment,https://www.reddit.com/r/applemaps/comments/1phjrkt/without_an_apple_account_how_do_i_submit_a_error/,1765217744.0,2025-12-08 12:15:44,,,"Delivery drivers should know better. Maybe the first time, but they need to learn the idiosyncrasies of their areas.

Source: been there done that."
comment_1phjrkt_7,1phjrkt,reddit,applemaps,comment,https://www.reddit.com/r/applemaps/comments/1phjrkt/without_an_apple_account_how_do_i_submit_a_error/,1765217744.0,2025-12-08 12:15:44,,,"I wonder if this isn’t just an Apple Maps problem then. I know that with Uber, the driver app has its own navigation built in. I’m assuming other delivery apps are the same."
comment_1phjrkt_8,1phjrkt,reddit,applemaps,comment,https://www.reddit.com/r/applemaps/comments/1phjrkt/without_an_apple_account_how_do_i_submit_a_error/,1765217744.0,2025-12-08 12:15:44,,,"As far as I’m aware, this is not possible. You have to have to be logged into an Apple Account on an Apple device to report issues in Apple Maps."
comment_1phjrkt_9,1phjrkt,reddit,applemaps,comment,https://www.reddit.com/r/applemaps/comments/1phjrkt/without_an_apple_account_how_do_i_submit_a_error/,1765217744.0,2025-12-08 12:15:44,,,Apple Maps is the worst. Embarrassingly bad
post_1pg0jye,1pg0jye,reddit,applemaps,post,https://www.reddit.com/r/applemaps/comments/1pg0jye/apple_maps_pronunciation_of_road_names_ios_26_uk/,1765056578.0,2025-12-06 15:29:38,6.0,7.0,"Apple Maps Pronunciation of road names iOS 26 / UK wrong

I can't find much info about this other than ""I have the same problem"".  Apple Maps pronounces road names wrong - sometimes.  Such as 

* ""Whitehouse Avenue"" becomes ""whitehousey avenue"".   
* ""Saint Johns Road"" comes ""Santa Johnsa Road""

I've tried changing voices, makes no difference. 

Any ideas?"
comment_1pg0jye_0,1pg0jye,reddit,applemaps,comment,https://www.reddit.com/r/applemaps/comments/1pg0jye/apple_maps_pronunciation_of_road_names_ios_26_uk/,1765056578.0,2025-12-06 15:29:38,,,"Get reporting.

I have a similar issue in Australia."
comment_1pg0jye_1,1pg0jye,reddit,applemaps,comment,https://www.reddit.com/r/applemaps/comments/1pg0jye/apple_maps_pronunciation_of_road_names_ios_26_uk/,1765056578.0,2025-12-06 15:29:38,,,Same in France.
comment_1pg0jye_2,1pg0jye,reddit,applemaps,comment,https://www.reddit.com/r/applemaps/comments/1pg0jye/apple_maps_pronunciation_of_road_names_ios_26_uk/,1765056578.0,2025-12-06 15:29:38,,,Same issue. Putting an ‘er’ on end of road names. Very odd.
comment_1pg0jye_3,1pg0jye,reddit,applemaps,comment,https://www.reddit.com/r/applemaps/comments/1pg0jye/apple_maps_pronunciation_of_road_names_ios_26_uk/,1765056578.0,2025-12-06 15:29:38,,,You could try Waze or Google Maps.
post_1pf2nvb,1pf2nvb,reddit,applemaps,post,https://www.reddit.com/r/applemaps/comments/1pf2nvb/google_maps_is_getting_bad_and_worse_than_apple/,1764959206.0,2025-12-05 12:26:46,21.0,9.0,Google Maps is getting bad and worse than Apple Maps.
comment_1pf2nvb_0,1pf2nvb,reddit,applemaps,comment,https://www.reddit.com/r/applemaps/comments/1pf2nvb/google_maps_is_getting_bad_and_worse_than_apple/,1764959206.0,2025-12-05 12:26:46,,,"Google maps is still king of POI data.

Apple Maps is (often) better at navigation."
comment_1pf2nvb_1,1pf2nvb,reddit,applemaps,comment,https://www.reddit.com/r/applemaps/comments/1pf2nvb/google_maps_is_getting_bad_and_worse_than_apple/,1764959206.0,2025-12-05 12:26:46,,,Horrible user interface.   Everything is tiny in Google maps.
comment_1pf2nvb_2,1pf2nvb,reddit,applemaps,comment,https://www.reddit.com/r/applemaps/comments/1pf2nvb/google_maps_is_getting_bad_and_worse_than_apple/,1764959206.0,2025-12-05 12:26:46,,,GETTING bad and worse? It has been for years – particularly in North America and Europe for me.
comment_1pf2nvb_3,1pf2nvb,reddit,applemaps,comment,https://www.reddit.com/r/applemaps/comments/1pf2nvb/google_maps_is_getting_bad_and_worse_than_apple/,1764959206.0,2025-12-05 12:26:46,,,"Google Maps is great for discovering places IMO. With the new filters like minimum number of reviews and +4.5 stars rating you can find out nice places around.

For navigation tho particularly driving Apple Maps is so much better. There is something about Google design that has always bugged me like it’s done with all colors and wrong fonts/sizes all over the place like they forgot to think what the user would see or something. The Apple Maps UI is clean and intuitive.

Apple makes experiences guided by designers (less information but visually better) while Google is like an engineer designed them (give me as much info as possible even if it looks like ass)"
comment_1pf2nvb_4,1pf2nvb,reddit,applemaps,comment,https://www.reddit.com/r/applemaps/comments/1pf2nvb/google_maps_is_getting_bad_and_worse_than_apple/,1764959206.0,2025-12-05 12:26:46,,,It’s been worse than Apple Maps for like seven years now
comment_1pf2nvb_5,1pf2nvb,reddit,applemaps,comment,https://www.reddit.com/r/applemaps/comments/1pf2nvb/google_maps_is_getting_bad_and_worse_than_apple/,1764959206.0,2025-12-05 12:26:46,,,"i use google maps for live activities (idk why apple maps doesn’t allow this for public transport), but i do use apple maps for getting timings for my transport routes, which is often way more accurate than google maps or my local transport provider"
comment_1pf2nvb_6,1pf2nvb,reddit,applemaps,comment,https://www.reddit.com/r/applemaps/comments/1pf2nvb/google_maps_is_getting_bad_and_worse_than_apple/,1764959206.0,2025-12-05 12:26:46,,,I’ve been absolutely faithful to Apple Maps since I’ve had an Apple Device. My only complaint is that you can’t use the maps app while navigating… the only reason I use the Google Maps app is to look at other places while I’m navigating.
post_1pdc0k6,1pdc0k6,reddit,applemaps,post,https://www.reddit.com/r/applemaps/comments/1pdc0k6/apple_maps_trip_planning_and_alerting/,1764786088.0,2025-12-03 12:21:28,3.0,4.0,"Apple Maps Trip planning and alerting?

Would prefer to use apple maps but can't find a way, like in Waze, to plan, say, a trip across the city next Saturday, give it a preferred arrival time, and based on previous traffic data it gives me a, route with estimated start time, plus monitor traffic conditions and, if there is a traffic backup on that day, send me an alert with a new suggested earlier start time?"
comment_1pdc0k6_0,1pdc0k6,reddit,applemaps,comment,https://www.reddit.com/r/applemaps/comments/1pdc0k6/apple_maps_trip_planning_and_alerting/,1764786088.0,2025-12-03 12:21:28,,,The best you can do is chose the *arrive by* setting and hope it’s fairly accurate. Don’t think it’ll send you an alert to **leave now**.
comment_1pdc0k6_1,1pdc0k6,reddit,applemaps,comment,https://www.reddit.com/r/applemaps/comments/1pdc0k6/apple_maps_trip_planning_and_alerting/,1764786088.0,2025-12-03 12:21:28,,,"in a roundabout way, yes: create an event in calendar, set the location and start time. and set the notification to time to leave. you’ll get a notification with traffic conditions in mind"
comment_1pdc0k6_2,1pdc0k6,reddit,applemaps,comment,https://www.reddit.com/r/applemaps/comments/1pdc0k6/apple_maps_trip_planning_and_alerting/,1764786088.0,2025-12-03 12:21:28,,,Well u can create a ur specific route.
comment_1pdc0k6_3,1pdc0k6,reddit,applemaps,comment,https://www.reddit.com/r/applemaps/comments/1pdc0k6/apple_maps_trip_planning_and_alerting/,1764786088.0,2025-12-03 12:21:28,,,"No alerts,  but can pick the date and time and it gives you a preview."
post_1pd86ac,1pd86ac,reddit,applemaps,post,https://www.reddit.com/r/applemaps/comments/1pd86ac/apple_maps_doesnt_show_speed_limit_anymore/,1764777815.0,2025-12-03 10:03:35,2.0,15.0,"Apple Maps doesn't show speed limit anymore

I have noticed one week ago that my apple maps doesn't show speed limit anymore. In settings everything is enabled. Do anyone have the same? USA"
comment_1pd86ac_0,1pd86ac,reddit,applemaps,comment,https://www.reddit.com/r/applemaps/comments/1pd86ac/apple_maps_doesnt_show_speed_limit_anymore/,1764777815.0,2025-12-03 10:03:35,,,"Just did a cross country road trip last week, always showed the speed limit"
comment_1pd86ac_1,1pd86ac,reddit,applemaps,comment,https://www.reddit.com/r/applemaps/comments/1pd86ac/apple_maps_doesnt_show_speed_limit_anymore/,1764777815.0,2025-12-03 10:03:35,,,"Not every road has a speed limit sign despite all roads having a speed limit.  Apple Maps only shows typically when represented by a sign...in some cases in error as a local road that has a 25 mph sign as shown on Apple Maps, sometimes stays even though the road changes to a state road with a 55mph limit....but since there is no sign, Maps doesn't remove the 25mph sign until the next intersection or new sign..."
comment_1pd86ac_2,1pd86ac,reddit,applemaps,comment,https://www.reddit.com/r/applemaps/comments/1pd86ac/apple_maps_doesnt_show_speed_limit_anymore/,1764777815.0,2025-12-03 10:03:35,,,Anyone in your country or the whole world?
comment_1pd86ac_3,1pd86ac,reddit,applemaps,comment,https://www.reddit.com/r/applemaps/comments/1pd86ac/apple_maps_doesnt_show_speed_limit_anymore/,1764777815.0,2025-12-03 10:03:35,,,Sorry. I am in USA.
comment_1pd86ac_4,1pd86ac,reddit,applemaps,comment,https://www.reddit.com/r/applemaps/comments/1pd86ac/apple_maps_doesnt_show_speed_limit_anymore/,1764777815.0,2025-12-03 10:03:35,,,If would be helpful to know what country you are in
comment_1pd86ac_5,1pd86ac,reddit,applemaps,comment,https://www.reddit.com/r/applemaps/comments/1pd86ac/apple_maps_doesnt_show_speed_limit_anymore/,1764777815.0,2025-12-03 10:03:35,,,Prima Facie limit in effect if not posted
comment_1pd86ac_6,1pd86ac,reddit,applemaps,comment,https://www.reddit.com/r/applemaps/comments/1pd86ac/apple_maps_doesnt_show_speed_limit_anymore/,1764777815.0,2025-12-03 10:03:35,,,"Apple Maps only shows speed limit while routing, not while just driving (annoying for sure)"
comment_1pd86ac_7,1pd86ac,reddit,applemaps,comment,https://www.reddit.com/r/applemaps/comments/1pd86ac/apple_maps_doesnt_show_speed_limit_anymore/,1764777815.0,2025-12-03 10:03:35,,,"I’m from Czech republic. 🇨🇿 
Amd I have a speed limit showing all the time. 
One thing I hate for Apple to remove. Is the alert for speed limit. ( that alert is on all the time but it no longer shows the number next to the yellow camera as it used to)"
comment_1pd86ac_8,1pd86ac,reddit,applemaps,comment,https://www.reddit.com/r/applemaps/comments/1pd86ac/apple_maps_doesnt_show_speed_limit_anymore/,1764777815.0,2025-12-03 10:03:35,,,Some roads they don’t have data for
comment_1pd86ac_9,1pd86ac,reddit,applemaps,comment,https://www.reddit.com/r/applemaps/comments/1pd86ac/apple_maps_doesnt_show_speed_limit_anymore/,1764777815.0,2025-12-03 10:03:35,,,Everything seems file right now.
post_1pd2dig,1pd2dig,reddit,applemaps,post,https://www.reddit.com/r/applemaps/comments/1pd2dig/stop_apple_maps_suggesting_shorter_routes_when/,1764763458.0,2025-12-03 06:04:18,10.0,22.0,"Stop Apple Maps Suggesting Shorter Routes When Navigating!

Sometimes while driving with Apple Maps and CarPlay, it prompts over audio ""Save 9 minutes by taking the Eastern Highway?"" and a pop-up on screen with Yes or No. There's a countdown slider over Yes, which will be selected if no option is pressed. I have to scramble to press No in time. I don't want to change my route in an unfamiliar area!  
  
Then a few minutes later.... ""Save 9 minutes by taking the Eastern Highway?""  NO! Then a few minutes later..... ""Save 9 minutes by taking the Eastern Highway?"" NOOOOOO!!!!!!!!!!!!!!!!!!!!!!!!!!!!!!!!!!!!!!!!!!!!  
  
One trip it asked me 12 times! I absolutely `hate` it.  Is there a way to disable it?"
comment_1pd2dig_0,1pd2dig,reddit,applemaps,comment,https://www.reddit.com/r/applemaps/comments/1pd2dig/stop_apple_maps_suggesting_shorter_routes_when/,1764763458.0,2025-12-03 06:04:18,,,"If you go against what they say and you stay on your current path it will have to route you accordingly, it's not illegal to ignore it."
comment_1pd2dig_1,1pd2dig,reddit,applemaps,comment,https://www.reddit.com/r/applemaps/comments/1pd2dig/stop_apple_maps_suggesting_shorter_routes_when/,1764763458.0,2025-12-03 06:04:18,,,I like the feature but I wish I could set a custom number of minutes before the prompt comes on. I thankfully live in a way that a single digit number of minutes is not important to me. I never respond to these alerts at all. I continue on my route and they go away.
comment_1pd2dig_2,1pd2dig,reddit,applemaps,comment,https://www.reddit.com/r/applemaps/comments/1pd2dig/stop_apple_maps_suggesting_shorter_routes_when/,1764763458.0,2025-12-03 06:04:18,,,I though it was always a feature because when people test it out map app usually which one can reach faster 🤣
comment_1pd2dig_3,1pd2dig,reddit,applemaps,comment,https://www.reddit.com/r/applemaps/comments/1pd2dig/stop_apple_maps_suggesting_shorter_routes_when/,1764763458.0,2025-12-03 06:04:18,,,"What people really want is an option for the “simplest route“ even if it’s not the fastest. 

Apple Maps and Google maps both infuriatingly choose the technically fastest route, even if it goes through a ridiculous amount of stoplights, stop signs, and turns, when you could just take a highway the whole way."
comment_1pd2dig_4,1pd2dig,reddit,applemaps,comment,https://www.reddit.com/r/applemaps/comments/1pd2dig/stop_apple_maps_suggesting_shorter_routes_when/,1764763458.0,2025-12-03 06:04:18,,,"No, there’s no way to stop it. Mapping apps are programmed to get you to where you want to go via the fastest route. If there’s a faster route, it’s going to suggest it. That’s just how they work"
comment_1pd2dig_5,1pd2dig,reddit,applemaps,comment,https://www.reddit.com/r/applemaps/comments/1pd2dig/stop_apple_maps_suggesting_shorter_routes_when/,1764763458.0,2025-12-03 06:04:18,,,Try using offline maps it should stop rerouting you.
comment_1pd2dig_6,1pd2dig,reddit,applemaps,comment,https://www.reddit.com/r/applemaps/comments/1pd2dig/stop_apple_maps_suggesting_shorter_routes_when/,1764763458.0,2025-12-03 06:04:18,,,"I’ve never “scrambled” to reach that. It gives me plenty of time to react. But don’t worry, Google Maps does a similar thing too! Often just automatically rerouting without even giving a prompt! They’re all programmed to prompt you to take the route they determine to be the fastest, and traffic or accidents will change which route is faster as you are actively navigating."
comment_1pd2dig_7,1pd2dig,reddit,applemaps,comment,https://www.reddit.com/r/applemaps/comments/1pd2dig/stop_apple_maps_suggesting_shorter_routes_when/,1764763458.0,2025-12-03 06:04:18,,,"iOS users 5 years ago: I wish Apple Maps was more like Waze!

Apple: here you go. 

iOS users: not like that!!!"
comment_1pd2dig_8,1pd2dig,reddit,applemaps,comment,https://www.reddit.com/r/applemaps/comments/1pd2dig/stop_apple_maps_suggesting_shorter_routes_when/,1764763458.0,2025-12-03 06:04:18,,,Google Maps doesn’t also; I hate it on both.
comment_1pd2dig_9,1pd2dig,reddit,applemaps,comment,https://www.reddit.com/r/applemaps/comments/1pd2dig/stop_apple_maps_suggesting_shorter_routes_when/,1764763458.0,2025-12-03 06:04:18,,,"Not disable it,  but you can select to avoid certain things like highways or tolls."
comment_1pd2dig_10,1pd2dig,reddit,applemaps,comment,https://www.reddit.com/r/applemaps/comments/1pd2dig/stop_apple_maps_suggesting_shorter_routes_when/,1764763458.0,2025-12-03 06:04:18,,,"Make sure you’re fully updated. They’ve added a preferred route option that kicks in automatically. Great if you prefer going the long way. If you go a certain route a few times against navigation prompts, then it should default to that. Also when starting navigation, select the route you’d like out of the options."
comment_1pd2dig_11,1pd2dig,reddit,applemaps,comment,https://www.reddit.com/r/applemaps/comments/1pd2dig/stop_apple_maps_suggesting_shorter_routes_when/,1764763458.0,2025-12-03 06:04:18,,,"If user said no, it should stop suggesting the same route again and again. This is very disturbing when driving. I don’t know why apple not looking into this app issue. Funny thing is, when you follow the new route, the new one becomes crowded. Guess what? Many people choose the similar suggestion and it would not save your any time actually."
post_1pd08ug,1pd08ug,reddit,applemaps,post,https://www.reddit.com/r/applemaps/comments/1pd08ug/work_project/,1764755985.0,2025-12-03 03:59:45,0.0,1.0,"Work Project

Hello everybody,

I work in a factory with lots of semi truck traffic. There are many semi trailer drop lots surrounding the facility but they are not populated within Apple Maps so truck drivers are constantly getting lost. I was curious if there was a way to populate these within the software so that everyone can see the locations of these lots even though they do not have addresses."
comment_1pd08ug_0,1pd08ug,reddit,applemaps,comment,https://www.reddit.com/r/applemaps/comments/1pd08ug/work_project/,1764755985.0,2025-12-03 03:59:45,,,Use report an issue in the app to submit the locations
post_1pbsbl5,1pbsbl5,reddit,applemaps,post,https://www.reddit.com/r/applemaps/comments/1pbsbl5/i_love_the_detail_in_the_place_names_in_the/,1764631402.0,2025-12-01 17:23:22,21.0,0.0,"I love the detail in the place names in the Choctaw Nation.

This is in the Choctaw Nation in eastern Oklahoma. Apple Maps has the native language version of the place names. Pretty neat attention to detail."
post_1pao9cf,1pao9cf,reddit,applemaps,post,https://www.reddit.com/r/applemaps/comments/1pao9cf/melbourne_metro_rail_mmr_known_as_metro_tunnel/,1764524365.0,2025-11-30 11:39:25,43.0,2.0,Melbourne Metro Rail (MMR) known as Metro Tunnel appear on Apple Maps. Adding 9 km of rail and 5 stations to the system. Opening date was the 29 November 2025.
comment_1pao9cf_0,1pao9cf,reddit,applemaps,comment,https://www.reddit.com/r/applemaps/comments/1pao9cf/melbourne_metro_rail_mmr_known_as_metro_tunnel/,1764524365.0,2025-11-30 11:39:25,,,"Ah, they finally added the services, I remember the line’s been showing all day but the service has haven’t"
comment_1pao9cf_1,1pao9cf,reddit,applemaps,comment,https://www.reddit.com/r/applemaps/comments/1pao9cf/melbourne_metro_rail_mmr_known_as_metro_tunnel/,1764524365.0,2025-11-30 11:39:25,,,"30 novembre\* J'vive en melbourne et cetait un event grand, milles de personnes dans le train, le train est entré à 10:06 hier."
post_1pag0o0,1pag0o0,reddit,applemaps,post,https://www.reddit.com/r/applemaps/comments/1pag0o0/why_no_alternative_to_the_blue_arrow_icon/,1764501806.0,2025-11-30 05:23:26,8.0,9.0,"Why no alternative to the BLUE “arrow” icon?

I’m fond of Apple Maps, especially its user-friendly voice guidance. My one major issue is that the blue-only vehicle icon does not *pop* sufficiently, which is particularly evident on in-car navigation screens. The blue arrow, even as it dynamically adjusts dimensions, too easily gets lost because Apple Maps favors a sea of blues and drab grays. This is even more of an issue for those of us who have some vision impairment. It would be nice to instantly spot the precise location of our ride when glancing at the screen, especially at speed. Easy solution: allow users to select icons from a palette of colors. No more blue/blue/blue. Even better, follow the fantastic Google Maps model, which permits users to spec an actual vehicle-style icon, and in a variety of colors. I’ve selected a red sports coupe, for example, to match my actual car. I’ve read rumors that Apple might do something along those lines, but the sources weren’t reliable. If we could just get a choice of more prominent vehicle icons, that would constitute a significant improvement, imo."
comment_1pag0o0_0,1pag0o0,reddit,applemaps,comment,https://www.reddit.com/r/applemaps/comments/1pag0o0/why_no_alternative_to_the_blue_arrow_icon/,1764501806.0,2025-11-30 05:23:26,,,"I cannot fathom how the blue indicator is a visual issue during navigation. 

If vision impairment is the underlying reason behind this, then you should look into one of the color filters that iOS offers to see if anything could make the difference clearer"
comment_1pag0o0_1,1pag0o0,reddit,applemaps,comment,https://www.reddit.com/r/applemaps/comments/1pag0o0/why_no_alternative_to_the_blue_arrow_icon/,1764501806.0,2025-11-30 05:23:26,,,I think Waze would be a better alternative. I don’t see Apple ever allows customization like that.
comment_1pag0o0_2,1pag0o0,reddit,applemaps,comment,https://www.reddit.com/r/applemaps/comments/1pag0o0/why_no_alternative_to_the_blue_arrow_icon/,1764501806.0,2025-11-30 05:23:26,,,Use Google Maps then
comment_1pag0o0_3,1pag0o0,reddit,applemaps,comment,https://www.reddit.com/r/applemaps/comments/1pag0o0/why_no_alternative_to_the_blue_arrow_icon/,1764501806.0,2025-11-30 05:23:26,,,If you can’t see the navigation marker then it might be time to hand in the keys.
comment_1pag0o0_4,1pag0o0,reddit,applemaps,comment,https://www.reddit.com/r/applemaps/comments/1pag0o0/why_no_alternative_to_the_blue_arrow_icon/,1764501806.0,2025-11-30 05:23:26,,,"If you’re visually impaired, don’t drive. Problem solved."
post_1p9g1fp,1p9g1fp,reddit,applemaps,post,https://www.reddit.com/r/applemaps/comments/1p9g1fp/route_wont_drive_into_gated_neighborhood_anymore/,1764391777.0,2025-11-28 22:49:37,10.0,11.0,"Route Won’t Drive into Gated Neighborhood Anymore

My house is in a gated neighborhood and Apple Maps no longer shows a route that drives into the gated area. Instead, all routes to my address drive to the golf club next to the neighborhood and then walking through the golf course to my house. (Interestingly, the walking route follows the holes in order, even though going in reverse order would be much quicker.) This change first showed up last Monday. I can just switch to Google Maps but it’s causing problems for deliveries. Is this something that would be fixed if I use the Report function?"
comment_1p9g1fp_0,1p9g1fp,reddit,applemaps,comment,https://www.reddit.com/r/applemaps/comments/1p9g1fp/route_wont_drive_into_gated_neighborhood_anymore/,1764391777.0,2025-11-28 22:49:37,,,It may be.  All you can do is try
comment_1p9g1fp_1,1p9g1fp,reddit,applemaps,comment,https://www.reddit.com/r/applemaps/comments/1p9g1fp/route_wont_drive_into_gated_neighborhood_anymore/,1764391777.0,2025-11-28 22:49:37,,,"Just report and explain…not sure why or how Maps would know there is a gate there unless someone reported it. 

It should follow the roads no matter what the circumstance."
comment_1p9g1fp_2,1p9g1fp,reddit,applemaps,comment,https://www.reddit.com/r/applemaps/comments/1p9g1fp/route_wont_drive_into_gated_neighborhood_anymore/,1764391777.0,2025-11-28 22:49:37,,,"Report it, preferably with pictures if possible. They fixed a problem I reported in a few weeks."
comment_1p9g1fp_3,1p9g1fp,reddit,applemaps,comment,https://www.reddit.com/r/applemaps/comments/1p9g1fp/route_wont_drive_into_gated_neighborhood_anymore/,1764391777.0,2025-11-28 22:49:37,,,"I think most delivery persons use proprietary software onboard their vehicles. Amazon drivers do not use personal devices for deliveries. Their rigs are equipped with GPS trackers. UPS has a similar system which I believe is Garmin based. We use Garmin RV and when we come home it shows the correct route. That said, I know where I live so I don’t need directions. I think that for other deliveries or services like Uber or Instantcart it could be confusing for them. I’ve had no issue with instantcart. We don’t use any other delivery services except rarely FedEx."
comment_1p9g1fp_4,1p9g1fp,reddit,applemaps,comment,https://www.reddit.com/r/applemaps/comments/1p9g1fp/route_wont_drive_into_gated_neighborhood_anymore/,1764391777.0,2025-11-28 22:49:37,,,It shouldn’t be the gate preventing it. My parents live in a gated community and I can still route to their house just fine.
comment_1p9g1fp_5,1p9g1fp,reddit,applemaps,comment,https://www.reddit.com/r/applemaps/comments/1p9g1fp/route_wont_drive_into_gated_neighborhood_anymore/,1764391777.0,2025-11-28 22:49:37,,,"The other option is to look at [open streets](https://openstreetmap.org) and see it it is blocked there. Depending on how tech savvy you are, you can create an account and submit a change. Report it first to Apple using the *report a problem* feature in maps."
post_1p5jus2,1p5jus2,reddit,applemaps,post,https://www.reddit.com/r/applemaps/comments/1p5jus2/apple_maps_or_google_maps/,1763997839.0,2025-11-24 09:23:59,6.0,25.0,"Apple Maps or Google Maps?

Hi everyone.
In a month, I'm planning a car trip from Scotland to Europe, specifically Poland. I'm wondering which navigation system to use: GM or AM. I know perfectly well that no navigation system will inform me about traffic jams or an accident that happened 10 minutes ago, but I'd like to add that I appreciate the very accurate voice directions in AM, which GM doesn't have. Has anyone driven a car and used one of these navigation systems? Have you had any positive experiences?"
comment_1p5jus2_0,1p5jus2,reddit,applemaps,comment,https://www.reddit.com/r/applemaps/comments/1p5jus2/apple_maps_or_google_maps/,1763997839.0,2025-11-24 09:23:59,,,Depends on the country. Availability of features matters
comment_1p5jus2_1,1p5jus2,reddit,applemaps,comment,https://www.reddit.com/r/applemaps/comments/1p5jus2/apple_maps_or_google_maps/,1763997839.0,2025-11-24 09:23:59,,,"Every trip my family takes we use both.

Google for accurate business information.

Apple for navigation."
comment_1p5jus2_2,1p5jus2,reddit,applemaps,comment,https://www.reddit.com/r/applemaps/comments/1p5jus2/apple_maps_or_google_maps/,1763997839.0,2025-11-24 09:23:59,,,For navigation Apple Maps is the best
comment_1p5jus2_3,1p5jus2,reddit,applemaps,comment,https://www.reddit.com/r/applemaps/comments/1p5jus2/apple_maps_or_google_maps/,1763997839.0,2025-11-24 09:23:59,,,"Apple. I used to have to use Google more, but Apple has come a long way."
comment_1p5jus2_4,1p5jus2,reddit,applemaps,comment,https://www.reddit.com/r/applemaps/comments/1p5jus2/apple_maps_or_google_maps/,1763997839.0,2025-11-24 09:23:59,,,If possible I would go for AM for voice guidance and GM as a visual navigation.
comment_1p5jus2_5,1p5jus2,reddit,applemaps,comment,https://www.reddit.com/r/applemaps/comments/1p5jus2/apple_maps_or_google_maps/,1763997839.0,2025-11-24 09:23:59,,,Apple Maps
comment_1p5jus2_6,1p5jus2,reddit,applemaps,comment,https://www.reddit.com/r/applemaps/comments/1p5jus2/apple_maps_or_google_maps/,1763997839.0,2025-11-24 09:23:59,,,For general navigation I use Apple Maps. But for specific place info I prefer using Google Maps.
comment_1p5jus2_7,1p5jus2,reddit,applemaps,comment,https://www.reddit.com/r/applemaps/comments/1p5jus2/apple_maps_or_google_maps/,1763997839.0,2025-11-24 09:23:59,,,Waze&gt;Apple maps&gt;Google maps. That's my oppinion.
comment_1p5jus2_8,1p5jus2,reddit,applemaps,comment,https://www.reddit.com/r/applemaps/comments/1p5jus2/apple_maps_or_google_maps/,1763997839.0,2025-11-24 09:23:59,,,Waze for general driving about for areas you know. Apple Maps for routes and places you don’t know.
comment_1p5jus2_9,1p5jus2,reddit,applemaps,comment,https://www.reddit.com/r/applemaps/comments/1p5jus2/apple_maps_or_google_maps/,1763997839.0,2025-11-24 09:23:59,,,"Form: Apple
Function: Google"
comment_1p5jus2_10,1p5jus2,reddit,applemaps,comment,https://www.reddit.com/r/applemaps/comments/1p5jus2/apple_maps_or_google_maps/,1763997839.0,2025-11-24 09:23:59,,,Last time I checked Scotland was also part of Europe?! 🤔😉
comment_1p5jus2_11,1p5jus2,reddit,applemaps,comment,https://www.reddit.com/r/applemaps/comments/1p5jus2/apple_maps_or_google_maps/,1763997839.0,2025-11-24 09:23:59,,,Google maps or Waze you can use
post_1p5huxf,1p5huxf,reddit,applemaps,post,https://www.reddit.com/r/applemaps/comments/1p5huxf/all_landmark_icons_in_apple_maps/,1763992995.0,2025-11-24 08:03:15,46.0,14.0,"All Landmark icons in Apple Maps

I’ve put together a collection of Landmark icons from Apple Maps, featuring both the DCE colorful icons and the classic monochrome versions.

For the monochrome icons, there are two versions: one matches the color in Apple Maps, and the other is grayscale. You can then use any of your colors with an alpha channel to customize it.

You can download these icons from [https://meischer.com/LandmarkIcons.zip](https://meischer.com/LandmarkIcons.zip)



I’m still on the case with two of the monochrome icons (Picture 3)—I can’t quite identify them. If you have any guesses, please share them! I’d really appreciate it!"
comment_1p5huxf_0,1p5huxf,reddit,applemaps,comment,https://www.reddit.com/r/applemaps/comments/1p5huxf/all_landmark_icons_in_apple_maps/,1763992995.0,2025-11-24 08:03:15,,,Where did you get that Curitiba Botanic Garden’s landmark icon?
comment_1p5huxf_1,1p5huxf,reddit,applemaps,comment,https://www.reddit.com/r/applemaps/comments/1p5huxf/all_landmark_icons_in_apple_maps/,1763992995.0,2025-11-24 08:03:15,,,Great! Now do every road sign.
comment_1p5huxf_2,1p5huxf,reddit,applemaps,comment,https://www.reddit.com/r/applemaps/comments/1p5huxf/all_landmark_icons_in_apple_maps/,1763992995.0,2025-11-24 08:03:15,,,Why the some of the custom icon got removed like I find some of them they just wouldn’t show the custom icon it only show me like regular icon which Apple use like over a billion places
comment_1p5huxf_3,1p5huxf,reddit,applemaps,comment,https://www.reddit.com/r/applemaps/comments/1p5huxf/all_landmark_icons_in_apple_maps/,1763992995.0,2025-11-24 08:03:15,,,I found out they the second one is the Fujimi yagura tower in Tokyo but the second one I must find it out Ill see it soon
comment_1p5huxf_4,1p5huxf,reddit,applemaps,comment,https://www.reddit.com/r/applemaps/comments/1p5huxf/all_landmark_icons_in_apple_maps/,1763992995.0,2025-11-24 08:03:15,,,No New York's DCE Landmark Icons?!?!?!?!?!?!!??!!!?!?!?!?!??!
post_1p5g6ml,1p5g6ml,reddit,applemaps,post,https://www.reddit.com/r/applemaps/comments/1p5g6ml/info_about_reports_being_ignoredpoorly_fixed_that/,1763988531.0,2025-11-24 06:48:51,14.0,10.0,"Info about reports being ignored/poorly “fixed” that I got from the Apple Maps escalations team via email

From what I’ve gathered from discussing the issue of reports leading to no updates or somehow getting made-up data added with the Escalations team; reports either go to the Cupertino team or the Hyderabad team

If it goes to the former it’s about 2-3 days for most fixes and they are approved by 2 people for each of them to make sure everything looks A-Ok. For the latter it will not be fixed or updated at all 90% of the time regardless of how clear or obvious the update is. I’ve had ones denied where it’s like absurdly obvious.

The best way to get reports fixed is to email maps_escalations@apple.com with your requested change, the Apple Maps link of the location you need updated and a short but honest complaint,  IF you have also experienced this, about how you don’t appreciate having submitted updates in the app with all details needed, only for them to be ignored by a team who seemingly is allowed to goof around and mess up the map with 0 ramifications. BE POLITE and  remember the people you’re emailing are on our team. It’s gotta be an accountability thing with these people in the other Apple Maps office bro since the escalations team both knows and has directly called out the Hyderabad team before when I asked them about what was going on, twice now. Awkward but honest haha it sounded like they cause the escalations team many, many headaches and they are already sorta fed up so maybe if they get enough reports they can get their Hyderabad office’s shit together!

Peter Charles"
comment_1p5g6ml_0,1p5g6ml,reddit,applemaps,comment,https://www.reddit.com/r/applemaps/comments/1p5g6ml/info_about_reports_being_ignoredpoorly_fixed_that/,1763988531.0,2025-11-24 06:48:51,,,"If I understand correctly, the Apple Maps team is aware that there is a dysfunction with the Hyderabad team? It's astonishing, what is Apple waiting for to address this issue that significantly hinders the improvement of Maps?"
comment_1p5g6ml_1,1p5g6ml,reddit,applemaps,comment,https://www.reddit.com/r/applemaps/comments/1p5g6ml/info_about_reports_being_ignoredpoorly_fixed_that/,1763988531.0,2025-11-24 06:48:51,,,"“if they get enough reports they can get their Hyderabad office’s shit together!”

Yeah good luck with that [lol](https://www.reddit.com/r/applemaps/s/wtB1JZwWRI). 🤣🤣

Bottom line is, it saves them money to outsource this stuff there. You get what you pay for.."
comment_1p5g6ml_2,1p5g6ml,reddit,applemaps,comment,https://www.reddit.com/r/applemaps/comments/1p5g6ml/info_about_reports_being_ignoredpoorly_fixed_that/,1763988531.0,2025-11-24 06:48:51,,,I though maps_escalation@ had been retired quite a while ago.
post_1p579o2,1p579o2,reddit,applemaps,post,https://www.reddit.com/r/applemaps/comments/1p579o2/report_a_incident_and_native_ratings_missing_in/,1763957257.0,2025-11-23 22:07:37,8.0,4.0,"Report a incident and native ratings missing in Australia

I’ve noticed that the report incident button is missing in Australia on Apple Maps and native ratings option I can see ratings an my history of ratings but can’t seem to edit or change my ratings and add photos is this a bug that happened in iOS 26.1"
comment_1p579o2_0,1p579o2,reddit,applemaps,comment,https://www.reddit.com/r/applemaps/comments/1p579o2/report_a_incident_and_native_ratings_missing_in/,1763957257.0,2025-11-23 22:07:37,,,I can confirm this feature is missing in Perth Western Australia too
comment_1p579o2_1,1p579o2,reddit,applemaps,comment,https://www.reddit.com/r/applemaps/comments/1p579o2/report_a_incident_and_native_ratings_missing_in/,1763957257.0,2025-11-23 22:07:37,,,"https://preview.redd.it/o2r2omr2v93g1.png?width=1179&amp;format=png&amp;auto=webp&amp;s=87849dba5776e1bc385124b17005c6b3eda23fec

Report a incident missing in Apple Maps In Australia"
comment_1p579o2_2,1p579o2,reddit,applemaps,comment,https://www.reddit.com/r/applemaps/comments/1p579o2/report_a_incident_and_native_ratings_missing_in/,1763957257.0,2025-11-23 22:07:37,,,Still hasnt been fixed yet
post_1p4a75e,1p4a75e,reddit,applemaps,post,https://www.reddit.com/r/applemaps/comments/1p4a75e/how_does_apple_maps_decide_routes/,1763861925.0,2025-11-22 19:38:45,11.0,3.0,"How does Apple Maps decide routes?

I was driving home from upstate New York today and to get home, there are 2 main bridges that I can cross the Hudson River. Gw bridge or cuomo bridge. Both major bridges off the same highway (palisades). Cuomo is much cheaper than the gw so I always opt for the cuomo. Yet Apple Maps *ALWAYS* routes me to the GW. I ignore it and take the path for the cuomo and it either is a shorter ride home (negligible less than 5 min) or the same. It’s not like taking the gw was much faster."
comment_1p4a75e_0,1p4a75e,reddit,applemaps,comment,https://www.reddit.com/r/applemaps/comments/1p4a75e/how_does_apple_maps_decide_routes/,1763861925.0,2025-11-22 19:38:45,,,"Keeping in mind that I don’t know where you’re coming from or where you’re going so I made some assumptions, I had it route me from Sloatsburg to Yonkers just now (2am on a Sunday) and it picked the Tappan Zee (I refuse to use its new name) first. So….I dunno. Maybe there’s reported traffic at that time of day that makes the GW slightly faster or something.

https://preview.redd.it/pryj0t6ffy2g1.jpeg?width=1320&amp;format=pjpg&amp;auto=webp&amp;s=e8cc6b850602ecb556bc9881ca3fcad5aba77fc3"
comment_1p4a75e_1,1p4a75e,reddit,applemaps,comment,https://www.reddit.com/r/applemaps/comments/1p4a75e/how_does_apple_maps_decide_routes/,1763861925.0,2025-11-22 19:38:45,,,it will always be the tappan zee crossing to me.
post_1p3y8za,1p3y8za,reddit,applemaps,post,https://www.reddit.com/r/applemaps/comments/1p3y8za/a_bug_in_satellite_view_of_apple_maps_on_web/,1763830858.0,2025-11-22 11:00:58,6.0,4.0,"A bug in Satellite view of Apple Maps on web

https://preview.redd.it/vassf5tmau2g1.png?width=1797&amp;format=png&amp;auto=webp&amp;s=a162d902de4063ab2f00e0f93b323f54fbf38a70

[https://maps.apple.com/frame?map=satellite&amp;center=51.49272102641962%2C-0.12809135999160048&amp;span=0.005840830716905998%2C0.019008592025329563](https://maps.apple.com/frame?map=satellite&amp;center=51.49272102641962%2C-0.12809135999160048&amp;span=0.005840830716905998%2C0.019008592025329563)"
comment_1p3y8za_0,1p3y8za,reddit,applemaps,comment,https://www.reddit.com/r/applemaps/comments/1p3y8za/a_bug_in_satellite_view_of_apple_maps_on_web/,1763830858.0,2025-11-22 11:00:58,,,"could be a lot of things.

  
Some times it is a image that doesn't have triangulation points added.  This causes the image to be in the wrong location.  This is usually caught in the QC process of the mosaic.

  
If it is a location that is of high importance for a gov.  They may ask for an area to not be displayed, how it is filled in is up to the person making it.  They don't like to call attention to these areas so they are filled in."
post_1p3hoos,1p3hoos,reddit,applemaps,post,https://www.reddit.com/r/applemaps/comments/1p3hoos/what_do_these_landmark_icons_represent/,1763778275.0,2025-11-21 20:24:35,64.0,40.0,"What do these landmark icons represent?

I’m collecting and organizing Landmark icons (both DCE and old mono color icons) on Apple Maps. There’re some I still have no idea what they represent. Some may still exist and some may be replaced by DCE icons. 
If you can recognize any of them I will appreciate."
comment_1p3hoos_0,1p3hoos,reddit,applemaps,comment,https://www.reddit.com/r/applemaps/comments/1p3hoos/what_do_these_landmark_icons_represent/,1763778275.0,2025-11-21 20:24:35,,,"https://preview.redd.it/4ts3egqm3q2g1.jpeg?width=500&amp;format=pjpg&amp;auto=webp&amp;s=63d6fe769de3b6c6243b8779142a11f389d0bc5a

5 down, 7 to go. 🤩"
comment_1p3hoos_1,1p3hoos,reddit,applemaps,comment,https://www.reddit.com/r/applemaps/comments/1p3hoos/what_do_these_landmark_icons_represent/,1763778275.0,2025-11-21 20:24:35,,,9. Generic Picture of Amsterdam maybe?
comment_1p3hoos_2,1p3hoos,reddit,applemaps,comment,https://www.reddit.com/r/applemaps/comments/1p3hoos/what_do_these_landmark_icons_represent/,1763778275.0,2025-11-21 20:24:35,,,"3. Bank of America Center in Houston, TX"
comment_1p3hoos_3,1p3hoos,reddit,applemaps,comment,https://www.reddit.com/r/applemaps/comments/1p3hoos/what_do_these_landmark_icons_represent/,1763778275.0,2025-11-21 20:24:35,,,"7. monumento Alfonso XII (Buen Retiro Park)
10. Auschwitz’s Main Gate
11. Speyer Cathedral, Germany"
comment_1p3hoos_4,1p3hoos,reddit,applemaps,comment,https://www.reddit.com/r/applemaps/comments/1p3hoos/what_do_these_landmark_icons_represent/,1763778275.0,2025-11-21 20:24:35,,,12 is torre de Hercules
comment_1p3hoos_5,1p3hoos,reddit,applemaps,comment,https://www.reddit.com/r/applemaps/comments/1p3hoos/what_do_these_landmark_icons_represent/,1763778275.0,2025-11-21 20:24:35,,,I believe the India one is : https://maps.apple/p/mJHTAr_nCik.Mr
comment_1p3hoos_6,1p3hoos,reddit,applemaps,comment,https://www.reddit.com/r/applemaps/comments/1p3hoos/what_do_these_landmark_icons_represent/,1763778275.0,2025-11-21 20:24:35,,,6 is Ermita de San Antonio de la Florida
comment_1p3hoos_7,1p3hoos,reddit,applemaps,comment,https://www.reddit.com/r/applemaps/comments/1p3hoos/what_do_these_landmark_icons_represent/,1763778275.0,2025-11-21 20:24:35,,,4. Candlestick Park in San Francisco
comment_1p3hoos_8,1p3hoos,reddit,applemaps,comment,https://www.reddit.com/r/applemaps/comments/1p3hoos/what_do_these_landmark_icons_represent/,1763778275.0,2025-11-21 20:24:35,,,5. Definitely looks like Madison Square Garden to me.
comment_1p3hoos_9,1p3hoos,reddit,applemaps,comment,https://www.reddit.com/r/applemaps/comments/1p3hoos/what_do_these_landmark_icons_represent/,1763778275.0,2025-11-21 20:24:35,,,6. Catedral de la Almudena
comment_1p3hoos_10,1p3hoos,reddit,applemaps,comment,https://www.reddit.com/r/applemaps/comments/1p3hoos/what_do_these_landmark_icons_represent/,1763778275.0,2025-11-21 20:24:35,,,So it only works for older models but if you put any random location and go to directions for bikes it disables DCE and you can see the icons
comment_1p3hoos_11,1p3hoos,reddit,applemaps,comment,https://www.reddit.com/r/applemaps/comments/1p3hoos/what_do_these_landmark_icons_represent/,1763778275.0,2025-11-21 20:24:35,,,8 could be the gate to Buckingham palace?
post_1p3g8dz,1p3g8dz,reddit,applemaps,post,https://www.reddit.com/r/applemaps/comments/1p3g8dz/apple_maps_handles_reports_surprisingly_well/,1763774120.0,2025-11-21 19:15:20,44.0,7.0,"Apple Maps handles reports surprisingly well

I haven’t seen another company do it like Apple maps does it- when you report a problem they actually fix it, last week I reported a parking lot missing from the map and in the matter of a couple of days it was fixed, props to them!"
comment_1p3g8dz_0,1p3g8dz,reddit,applemaps,comment,https://www.reddit.com/r/applemaps/comments/1p3g8dz/apple_maps_handles_reports_surprisingly_well/,1763774120.0,2025-11-21 19:15:20,,,I've had the opposite experience - reported problems go unresolved.
comment_1p3g8dz_1,1p3g8dz,reddit,applemaps,comment,https://www.reddit.com/r/applemaps/comments/1p3g8dz/apple_maps_handles_reports_surprisingly_well/,1763774120.0,2025-11-21 19:15:20,,,Where are you from? I think that’s very important.
comment_1p3g8dz_2,1p3g8dz,reddit,applemaps,comment,https://www.reddit.com/r/applemaps/comments/1p3g8dz/apple_maps_handles_reports_surprisingly_well/,1763774120.0,2025-11-21 19:15:20,,,"I have reported Agua Fria National Monument being in the wrong location for years, including emailing the escalations team and providing BLM and USFS maps, and they refuse to fix it."
comment_1p3g8dz_3,1p3g8dz,reddit,applemaps,comment,https://www.reddit.com/r/applemaps/comments/1p3g8dz/apple_maps_handles_reports_surprisingly_well/,1763774120.0,2025-11-21 19:15:20,,,"Just tell me, they didn't ask you to describe the missing parking lot in more detail and provide plenty of missing information? A missing category for a restaurant that I reported has been undergoing extensive review since the beginning of September. The numerous unprocessed problem reports from the months and years before can no longer be viewed. That's how Apple solves the problem for itself."
post_1p39omv,1p39omv,reddit,applemaps,post,https://www.reddit.com/r/applemaps/comments/1p39omv/apple_business_connect_problem/,1763757580.0,2025-11-21 14:39:40,14.0,17.0,"Apple Business Connect Problem

Why? Why does my business show *with* all photos and descriptions on the apple website, but in the apple maps app (both IOS and MacOS) it shows nothing? 

My address is clearly shown in the footer of my site. Any help would be greatly appreciated!"
comment_1p39omv_0,1p39omv,reddit,applemaps,comment,https://www.reddit.com/r/applemaps/comments/1p39omv/apple_business_connect_problem/,1763757580.0,2025-11-21 14:39:40,,,"I see all images just fine on iPados 26, but logo is dark in dark mode. it looks fine in light mode 

https://preview.redd.it/wdi67svsjp2g1.jpeg?width=867&amp;format=pjpg&amp;auto=webp&amp;s=882c9d9a02507f03e29514fc0ac655cdd7534e52"
comment_1p39omv_1,1p39omv,reddit,applemaps,comment,https://www.reddit.com/r/applemaps/comments/1p39omv/apple_business_connect_problem/,1763757580.0,2025-11-21 14:39:40,,,You’re most likely using anything under iOS 26
comment_1p39omv_2,1p39omv,reddit,applemaps,comment,https://www.reddit.com/r/applemaps/comments/1p39omv/apple_business_connect_problem/,1763757580.0,2025-11-21 14:39:40,,,"Checked on my Apple Maps and everything is shown correctly, what iOS version is your iPhone running?"
comment_1p39omv_3,1p39omv,reddit,applemaps,comment,https://www.reddit.com/r/applemaps/comments/1p39omv/apple_business_connect_problem/,1763757580.0,2025-11-21 14:39:40,,,"https://preview.redd.it/eut4tjw0pp2g1.jpeg?width=1320&amp;format=pjpg&amp;auto=webp&amp;s=ac0ebdcf1f640ab02df0101bbe51bac4b3004b21

It’s showing up for me just fine. Maybe the phone was outdated"
comment_1p39omv_4,1p39omv,reddit,applemaps,comment,https://www.reddit.com/r/applemaps/comments/1p39omv/apple_business_connect_problem/,1763757580.0,2025-11-21 14:39:40,,,"How long has it been since you uploaded the images? Maybe it takes some time to process them (check them for profanity, nudity and so on)."
comment_1p39omv_5,1p39omv,reddit,applemaps,comment,https://www.reddit.com/r/applemaps/comments/1p39omv/apple_business_connect_problem/,1763757580.0,2025-11-21 14:39:40,,,It shows on my maps
comment_1p39omv_6,1p39omv,reddit,applemaps,comment,https://www.reddit.com/r/applemaps/comments/1p39omv/apple_business_connect_problem/,1763757580.0,2025-11-21 14:39:40,,,"The exact image you show on the right shows up on Maps for both my iPhone and Mac....

The image on the left...phone?  iOS?"
comment_1p39omv_7,1p39omv,reddit,applemaps,comment,https://www.reddit.com/r/applemaps/comments/1p39omv/apple_business_connect_problem/,1763757580.0,2025-11-21 14:39:40,,,"https://preview.redd.it/m73toik3xp2g1.jpeg?width=1206&amp;format=pjpg&amp;auto=webp&amp;s=d82c2d67b15245babe8a969c235406b5a917b0e3

I think you gotta update your phone"
comment_1p39omv_8,1p39omv,reddit,applemaps,comment,https://www.reddit.com/r/applemaps/comments/1p39omv/apple_business_connect_problem/,1763757580.0,2025-11-21 14:39:40,,,Update your iPhone
comment_1p39omv_9,1p39omv,reddit,applemaps,comment,https://www.reddit.com/r/applemaps/comments/1p39omv/apple_business_connect_problem/,1763757580.0,2025-11-21 14:39:40,,,"Have all the images, logos, etc. already been approved? 

If so, have you tried on other devices? Have you tried contacting their support service via Business Connect?"
comment_1p39omv_10,1p39omv,reddit,applemaps,comment,https://www.reddit.com/r/applemaps/comments/1p39omv/apple_business_connect_problem/,1763757580.0,2025-11-21 14:39:40,,,"You’ve expanded the card fully, pull down to half length. Also looks like you’re not on iOS 26, so you won’t have this exact look with the center alignment"
comment_1p39omv_11,1p39omv,reddit,applemaps,comment,https://www.reddit.com/r/applemaps/comments/1p39omv/apple_business_connect_problem/,1763757580.0,2025-11-21 14:39:40,,,What’s the problem ?
post_1p33a98,1p33a98,reddit,applemaps,post,https://www.reddit.com/r/applemaps/comments/1p33a98/how_to_report_toll_roads/,1763742844.0,2025-11-21 10:34:04,4.0,1.0,"How to report toll roads?

Our council recently introduced toll roads, not for the entire road but a specific gate on a street with timed paid access.  These are implemented in Google Maps but not yet in Apple Maps. I’m trying to find the right category to report them but I’m struggling. Any ideas?"
comment_1p33a98_0,1p33a98,reddit,applemaps,comment,https://www.reddit.com/r/applemaps/comments/1p33a98/how_to_report_toll_roads/,1763742844.0,2025-11-21 10:34:04,,,I would either pick “report something missing -&gt; traffic sign or light” or else just reach out to Apple Support via their chat feature or the app.
post_1p2btko,1p2btko,reddit,applemaps,post,https://www.reddit.com/r/applemaps/comments/1p2btko/how_do_i_get_my_small_service_area_business/,1763665305.0,2025-11-20 13:01:45,8.0,5.0,"How do I get my small service area business listed on Apple Maps without any involvement with Yelp?

Is this possible? I'm listed on Google as a SAB (service area business) because we do not have a physical/commercial vendor location. Do I need a pinpoint address to be on Apple? Do I need a Yelp account? Can I use my home address?"
comment_1p2btko_0,1p2btko,reddit,applemaps,comment,https://www.reddit.com/r/applemaps/comments/1p2btko/how_do_i_get_my_small_service_area_business/,1763665305.0,2025-11-20 13:01:45,,,Why do you need to be on Apple Maps if you don’t have a location people will be going to?
comment_1p2btko_1,1p2btko,reddit,applemaps,comment,https://www.reddit.com/r/applemaps/comments/1p2btko/how_do_i_get_my_small_service_area_business/,1763665305.0,2025-11-20 13:01:45,,,Businessconnect.apple.com
comment_1p2btko_2,1p2btko,reddit,applemaps,comment,https://www.reddit.com/r/applemaps/comments/1p2btko/how_do_i_get_my_small_service_area_business/,1763665305.0,2025-11-20 13:01:45,,,I would sign up for Apple Business Services. You don’t need an address for your business to show up.
post_1p1x1ea,1p1x1ea,reddit,applemaps,post,https://www.reddit.com/r/applemaps/comments/1p1x1ea/apple_maps_doesnt_update_when_display_is_off/,1763623736.0,2025-11-20 01:28:56,3.0,6.0,"Apple Maps doesn’t update when Display is off

Hello everyone,

I’m using the new iPhone 17 Pro Max and have owned several Apple devices before this one. However, I’ve run into a serious issue with Apple Maps that makes navigation almost unusable.

Whenever I’m navigating, I often turn the display off to save battery. When I do this, turn-by-turn directions—such as when to turn or which exit to take—are either announced far too late or not at all. When I turn the display back on, the navigation needle suddenly “catches up,” quickly jumping through the missed instructions.

We’ve already missed an exit because Apple Maps didn’t announce it in time, or announced it so late that it was impossible to change lanes safely. This has never happened to me on any of my previous iPhones, and it’s incredibly frustrating.

To troubleshoot, I even tried deleting and reinstalling the app, but unfortunately that didn’t improve anything.

Here’s my setup:
• Device: iPhone 17 Pro Max
• iOS Versions tested: 26.0, 26.0.1, and currently 26.1 — the issue persists across all of them
• Connection: 5G mobile data
• Integration: No CarPlay in use
• Location Settings: Location Services enabled, set to “While Using the App or Widgets”; “Always” is not available for Apple Maps

I’d really appreciate your thoughts:
Has anyone else experienced this? Does it seem more like a software bug? Could my carrier be involved? Or is it possible that the GPS hardware in my device is faulty?

Thanks in advance for any input!"
comment_1p1x1ea_0,1p1x1ea,reddit,applemaps,comment,https://www.reddit.com/r/applemaps/comments/1p1x1ea/apple_maps_doesnt_update_when_display_is_off/,1763623736.0,2025-11-20 01:28:56,,,This “catching up” started with iOS 26 beta and sadly it still persists. In previous iOS versions it was OK. I hope Apple will fix it soon.
comment_1p1x1ea_1,1p1x1ea,reddit,applemaps,comment,https://www.reddit.com/r/applemaps/comments/1p1x1ea/apple_maps_doesnt_update_when_display_is_off/,1763623736.0,2025-11-20 01:28:56,,,"Install the [Maps logging profile](https://developer.apple.com/bug-reporting/profiles-and-logs/?name=Maps). Reproduce the issue. Submit feedback via the [Feedback app](https://developer.apple.com/bug-reporting/) (if you’re not on a beta release, paste applefeedback:// into Safari)."
comment_1p1x1ea_2,1p1x1ea,reddit,applemaps,comment,https://www.reddit.com/r/applemaps/comments/1p1x1ea/apple_maps_doesnt_update_when_display_is_off/,1763623736.0,2025-11-20 01:28:56,,,It’s that way on the Apple Watch as well. It’s not good.
post_1p1bacy,1p1bacy,reddit,applemaps,post,https://www.reddit.com/r/applemaps/comments/1p1bacy/bye_google/,1763567523.0,2025-11-19 09:52:03,90.0,42.0,"Bye Google 👋

I was really frustrated that whenever I Google something I can’t tap the address to get directions. Google would instead open Google Maps in Safari. So I made ForceMaps, which automatically opens addresses in Apple Maps from your Google searches (instead of Google Maps).

If it’s a “problem for me” I’m sure someone else out there is also frustrated by this so I hope it helps! 🙏 

It also stops the “Try the Google app instead” pop up from appearing, and has the option to hide the AI overviews too. 

No subs nor in app purchases, just the cost of 1 coffee (less than most coffee in la 😂)☕️

https://apps.apple.com/us/app/forcemaps/id6748969920"
comment_1p1bacy_0,1p1bacy,reddit,applemaps,comment,https://www.reddit.com/r/applemaps/comments/1p1bacy/bye_google/,1763567523.0,2025-11-19 09:52:03,,,That’s expensive for what it does.
comment_1p1bacy_1,1p1bacy,reddit,applemaps,comment,https://www.reddit.com/r/applemaps/comments/1p1bacy/bye_google/,1763567523.0,2025-11-19 09:52:03,,,$2 to $2.99 and I’ll purchase right now.
comment_1p1bacy_2,1p1bacy,reddit,applemaps,comment,https://www.reddit.com/r/applemaps/comments/1p1bacy/bye_google/,1763567523.0,2025-11-19 09:52:03,,,How is this different from Mapper? It was released when extensions were first supported on iOS.
comment_1p1bacy_3,1p1bacy,reddit,applemaps,comment,https://www.reddit.com/r/applemaps/comments/1p1bacy/bye_google/,1763567523.0,2025-11-19 09:52:03,,,"https://apps.apple.com/us/app/mapper-for-safari/id1589391989

Seems like the same idea for cheaper 🤔"
comment_1p1bacy_4,1p1bacy,reddit,applemaps,comment,https://www.reddit.com/r/applemaps/comments/1p1bacy/bye_google/,1763567523.0,2025-11-19 09:52:03,,,Insane how people will pay 15-20 extra for dinner via door dash but give an indie dev shit over an app being $2 dollar more than they want it to be.
comment_1p1bacy_5,1p1bacy,reddit,applemaps,comment,https://www.reddit.com/r/applemaps/comments/1p1bacy/bye_google/,1763567523.0,2025-11-19 09:52:03,,,What cup of regular coffee costs $5?! I was in Wawa today and paid $2.26 for my 16oz black coffee!
comment_1p1bacy_6,1p1bacy,reddit,applemaps,comment,https://www.reddit.com/r/applemaps/comments/1p1bacy/bye_google/,1763567523.0,2025-11-19 09:52:03,,,"then maybe don't use google? there's search engines besides google. if you hate how it uses gmaps, the ads, and the ai overview, then google isn't for you. you shouldn't be paying $5 for this."
comment_1p1bacy_7,1p1bacy,reddit,applemaps,comment,https://www.reddit.com/r/applemaps/comments/1p1bacy/bye_google/,1763567523.0,2025-11-19 09:52:03,,,That’s about two to three cups of coffee … I guess I need to move to the place where you go and start a coffee shop where you come and drink coffee…
comment_1p1bacy_8,1p1bacy,reddit,applemaps,comment,https://www.reddit.com/r/applemaps/comments/1p1bacy/bye_google/,1763567523.0,2025-11-19 09:52:03,,,i was thinking a dollar or two. but this is the price of a venti starbucks or an upsized mcdonald’s meal where i live
comment_1p1bacy_9,1p1bacy,reddit,applemaps,comment,https://www.reddit.com/r/applemaps/comments/1p1bacy/bye_google/,1763567523.0,2025-11-19 09:52:03,,,There is Rerouter that is free
comment_1p1bacy_10,1p1bacy,reddit,applemaps,comment,https://www.reddit.com/r/applemaps/comments/1p1bacy/bye_google/,1763567523.0,2025-11-19 09:52:03,,,Not buying at that price
comment_1p1bacy_11,1p1bacy,reddit,applemaps,comment,https://www.reddit.com/r/applemaps/comments/1p1bacy/bye_google/,1763567523.0,2025-11-19 09:52:03,,,Definitely too expensive. I’ll check it out in a week to see if price drops
comment_1p1bacy_12,1p1bacy,reddit,applemaps,comment,https://www.reddit.com/r/applemaps/comments/1p1bacy/bye_google/,1763567523.0,2025-11-19 09:52:03,,,Mapper does this for $1.99
comment_1p1bacy_13,1p1bacy,reddit,applemaps,comment,https://www.reddit.com/r/applemaps/comments/1p1bacy/bye_google/,1763567523.0,2025-11-19 09:52:03,,,Looking at the App Store page looks like the dev got side tracked with feature bloat to justify the high price for an extension/app that appears to just modify URLs.
comment_1p1bacy_14,1p1bacy,reddit,applemaps,comment,https://www.reddit.com/r/applemaps/comments/1p1bacy/bye_google/,1763567523.0,2025-11-19 09:52:03,,,"i’ve tried both mapper for safari and mapswitch, noticed inconsistencies in both of them. pleasantly surprised to say forcemaps is the only one that actually works!!!! now to test it out in day to day life"
comment_1p1bacy_15,1p1bacy,reddit,applemaps,comment,https://www.reddit.com/r/applemaps/comments/1p1bacy/bye_google/,1763567523.0,2025-11-19 09:52:03,,,"Google Maps &gt; , sorry"
comment_1p1bacy_16,1p1bacy,reddit,applemaps,comment,https://www.reddit.com/r/applemaps/comments/1p1bacy/bye_google/,1763567523.0,2025-11-19 09:52:03,,,"Bought the app fam, loved it 🥰"
comment_1p1bacy_17,1p1bacy,reddit,applemaps,comment,https://www.reddit.com/r/applemaps/comments/1p1bacy/bye_google/,1763567523.0,2025-11-19 09:52:03,,,"I highly recommend not trying to convince people to pay for your app by comparing it to the cost of what is essentially another luxury (non necessary) product. 

1. a lot of people don’t pay for expensive coffee so you’re already making them feel like your app is unnecessary
2. you’re presenting your product as something that “only costs a little” which makes it sound like you can’t sell it on its value. you gotta be confident in your pricing. if your app costs $5 then sell it as worth $5."
comment_1p1bacy_18,1p1bacy,reddit,applemaps,comment,https://www.reddit.com/r/applemaps/comments/1p1bacy/bye_google/,1763567523.0,2025-11-19 09:52:03,,,Google has been more and more invasive lately. This is only going to get worse. That's a bigger concern than finding addresses
comment_1p1bacy_19,1p1bacy,reddit,applemaps,comment,https://www.reddit.com/r/applemaps/comments/1p1bacy/bye_google/,1763567523.0,2025-11-19 09:52:03,,,"$5 is worth it for me, ty for not collecting any data btw."
comment_1p1bacy_20,1p1bacy,reddit,applemaps,comment,https://www.reddit.com/r/applemaps/comments/1p1bacy/bye_google/,1763567523.0,2025-11-19 09:52:03,,,Yep I love this extension! No more Google Maps!
comment_1p1bacy_21,1p1bacy,reddit,applemaps,comment,https://www.reddit.com/r/applemaps/comments/1p1bacy/bye_google/,1763567523.0,2025-11-19 09:52:03,,,"There is an app called “Mapper for Safari” which does the same thing. When I purchased it a few years ago, it was $2.99 one time payment."
post_1p01ixl,1p01ixl,reddit,applemaps,post,https://www.reddit.com/r/applemaps/comments/1p01ixl/apple_did_make_icons_for_juan_manuel_fangio/,1763436950.0,2025-11-17 21:35:50,45.0,8.0,Apple did make icons for Juan Manuel Fangio Statue but they’re not shown on Apple Maps
post_1ozailh,1ozailh,reddit,applemaps,post,https://www.reddit.com/r/applemaps/comments/1ozailh/talking_about_dense_dce_in_apple_maps_check_out/,1763366175.0,2025-11-17 01:56:15,78.0,7.0,"Talking about dense DCE in Apple Maps, check out Las Vegas"
post_1oys4bx,1oys4bx,reddit,applemaps,post,https://www.reddit.com/r/applemaps/comments/1oys4bx/i_made_an_app_that_allows_users_to_fly_around/,1763315351.0,2025-11-16 11:49:11,5.0,2.0,"I made an app that allows users to fly around Apple Maps in 3D with invisible swipe gestures that control height and speed!

The ultimate app for 3D city exploration directly on iPhone! You can even fly with friends. 

Soara doesn't only change the way we navigate the world, but it will change how users see the world. It has for me.

Soar through stunning, cityscapes &amp; landmarks with intuitive controls and a breathtaking, VR-like experience. Whether you're a travel enthusiast, urban explorer, or virtual adventurer, Soara brings the world to your fingertips.

Key Features: Immersive 3D Exploration: Fly through detailed 3D cities with smooth, user-friendly controls for an unparalleled virtual travel experience. Liquid Glass UI - Enjoy a sleek, immersive visual experience with our new Liquid Glass interface. Game Center Multiplayer (Beta) - Fly with friends in real-time! Explore and share adventures! Al-Powered Navigation: Smart callouts guide your journey, highlighting points of interest, landmarks, and hidden gems with real-time insights.

App is Free with Ads but users can subscribe if they’d like to support or don’t want Ads"
post_1oyl69b,1oyl69b,reddit,applemaps,post,https://www.reddit.com/r/applemaps/comments/1oyl69b/singapores_incredibly_dense_dce_in_apple_maps/,1763298120.0,2025-11-16 07:02:00,240.0,9.0,Singapore's incredibly dense DCE in Apple Maps
post_1oyjqjv,1oyjqjv,reddit,applemaps,post,https://www.reddit.com/r/applemaps/comments/1oyjqjv/new_3d_buildings_in_apple_maps/,1763293610.0,2025-11-16 05:46:50,79.0,3.0,New 3D buildings in Apple Maps
post_1oy1mpa,1oy1mpa,reddit,applemaps,post,https://www.reddit.com/r/applemaps/comments/1oy1mpa/apple_maps_vs_google_maps/,1763237513.0,2025-11-15 14:11:53,67.0,21.0,"Apple maps vs google maps

Hello guys. Can someone explain why Google Maps showing that I can go through a bridge. While Apple Maps is telling me to reroute ?  
Now which maps have an accurate information up to date ?   ( this is in Slovakia Bratislava)"
post_1oxpn80,1oxpn80,reddit,applemaps,post,https://www.reddit.com/r/applemaps/comments/1oxpn80/how_do_i_stop_apple_maps_from_rerouting_while_im/,1763206948.0,2025-11-15 05:42:28,1.0,9.0,"How do I stop Apple Maps from rerouting while I'm driving? Please read.

Is there a way to prevent Apple Maps from automatically rerouting my trips? This has become a genuinely dangerous problem for me. Driving is already extremely stressful due to past accidents in which I was hit, and consequently hospitalized, by distracted drivers at high speeds on busy highways and interstates. Because of these experiences, I intentionally choose low-traffic, non-highway routes, even if it adds significant time to my drive.

Lately, however, Apple Maps has been overriding my selected route while I’m already driving. I have “avoid highways” and “avoid tolls” enabled, but it still reroutes me, even when I’ve deliberately selected a low-traffic path. I’ve tried using “add stop” as a workaround, but the app still attempts to redirect me to alternate roads to those stops or through areas I’m trying to avoid.

This behavior is extremely unsafe. Is there any reliable way to disable automatic rerouting altogether?"
post_1oxa6fu,1oxa6fu,reddit,applemaps,post,https://www.reddit.com/r/applemaps/comments/1oxa6fu/born_and_raised_in_kansas_city_i_feel_so_lucky/,1763158216.0,2025-11-14 16:10:16,51.0,14.0,"Born and raised in Kansas City. I feel so lucky

This is the greatest thing I ever could have asked for. I am a diehard Apple Maps fan. I’m on this subreddit weekly for years now. DCE being in my home city before way more cities that definitely deserve it more than us is amazing. Not to mention how many modeled buildings they gave us!"
post_1owpcdq,1owpcdq,reddit,applemaps,post,https://www.reddit.com/r/applemaps/comments/1owpcdq/whats_this_island/,1763102371.0,2025-11-14 00:39:31,9.0,2.0,"What’s this island?

I was bored and decided to go scrolling around some islands in the north. I like some of the names and history that comes with them. Then I found this. Apple Maps lists this named “663300”. So I googled it. Nothing. Not even Google Maps has it. There’s no history I can find or anything even decent on the area. Anyone have an idea?"
post_1owmf6y,1owmf6y,reddit,applemaps,post,https://www.reddit.com/r/applemaps/comments/1owmf6y/the_honolulu_skyline_has_been_changed_from_green/,1763092835.0,2025-11-13 22:00:35,104.0,3.0,The Honolulu Skyline has been changed from green to blue on Apple Maps
post_1owhexo,1owhexo,reddit,applemaps,post,https://www.reddit.com/r/applemaps/comments/1owhexo/apple_maps_in_guatemala_is_an_embarrassment/,1763078775.0,2025-11-13 18:06:15,12.0,10.0,"Apple Maps in Guatemala is an Embarrassment

Map labels for towns and villages are misplaced, sometimes by dozens of kilometers, even in more touristy areas. I just submitted a dozen reports easily found on the map, on top of the Flores town near Tikal I already sent in a follow up on an escalation email that had nothing done for months. 

Guatemala may not be a priority for Apple, but these are basic QA issues. Surely they have at least someone responsible to work on this in Central America? 🤔"
post_1oway40,1oway40,reddit,applemaps,post,https://www.reddit.com/r/applemaps/comments/1oway40/road_events_on_map/,1763063259.0,2025-11-13 13:47:39,6.0,2.0,"Road events on map

Hey everyone. Is it me or after updating to iOS 26 or 26.1 I noticed that Apple Maps started showing road events on the driving layout when not navigating. I don’t remember seeing it before, and it just showed up if I had something on the route that I was taking, but not just on the map"
post_1ovwywl,1ovwywl,reddit,applemaps,post,https://www.reddit.com/r/applemaps/comments/1ovwywl/rant_apple_maps_doesnt_recognize_that_a_highway/,1763027079.0,2025-11-13 03:44:39,14.0,19.0,"Rant: Apple Maps doesn’t recognize that a highway vignette = a toll road

I apologize for this rant… but after months of reporting missing toll on highways in the Czech Republic, I realized something today. This problem is not limited to highways in the Czech Republic, but also occurs in Slovakia, Austria, Hungary, and Switzerland.

The issue is that Apple Maps does not treat highways with a vignette as toll roads. It only recognizes highways with classic tolls (based on distance traveled) as paid. That’s why in countries like Austria, if you turn on the “Avoid tolls” option, the maps may still route you onto a paid highway because it ignores “highway vignettes.”

How on earth is this possible when all competing apps handle this correctly? I just don’t understand it. Sure, it’s cool that Apple Maps shows trees, but when navigating across Europe, you might end up with a fine 😤

Of course, I’ve reported this issue many times via the app and also to the email [maps\_escalations@apple.com](mailto:maps_escalations@apple.com), but I’ve been reporting it since March of this year, and there has been absolutely no change in any of these countries."
post_1ovul4k,1ovul4k,reddit,applemaps,post,https://www.reddit.com/r/applemaps/comments/1ovul4k/what_the_hell_happened_here/,1763017711.0,2025-11-13 01:08:31,14.0,1.0,"what the hell happened here

https://preview.redd.it/1sbzu2qp4z0g1.png?width=2268&amp;format=png&amp;auto=webp&amp;s=b334cabb372a37f6574f7e1de66f4d2f598b59da

I was just scrolling around Apple Maps when I saw this? The city cannot possibly be named this..."
post_1ouo4sc,1ouo4sc,reddit,applemaps,post,https://www.reddit.com/r/applemaps/comments/1ouo4sc/default_apple_maps/,1762901236.0,2025-11-11 16:47:16,9.0,3.0,"Default Apple Maps

Hello everyone. I want to set Apple Maps as default for CarPlay when I search someplace in Google. How to do it? 

Thanks"
post_1ou9chd,1ou9chd,reddit,applemaps,post,https://www.reddit.com/r/applemaps/comments/1ou9chd/ios_261_messed_up_the_spoken_directions/,1762867433.0,2025-11-11 07:23:53,9.0,4.0,"iOS 26.1 messed up the spoken directions

Since updating both our phones to 26.1 I have noticed the voice directions are broken. 

Whenever there is a road that starts with “a” (and there are a lot in the uk), the voice mashed that with the road number and says “way”.  So “join the a14” becomes “joinwaaayteen”

Whenever it says a street name it push a “hey” in the sentence.  Such as “take the next left on churchhey street”

A road with a lot of numbers is inaudible as they merge together

It also no longer understand abbreviations. So “Gt” is no longer spoken as “Great” but “G T”

Small things but all distracting annoyances that you don’t need when driving. 

It’s def Apple Maps as this is the same on two different phones in two different (and different manufactured) cars."
post_1othrc4,1othrc4,reddit,applemaps,post,https://www.reddit.com/r/applemaps/comments/1othrc4/apple_maps_timeline_same_as_google/,1762790787.0,2025-11-10 10:06:27,10.0,4.0,"Apple Maps Timeline same as Google?

Used Google Maps Timeline for years before it went downhill. Couple of month ago I was reading that Apple Maps is getting a similar thing but never heard of it anymore. And since I live in Europe it never introduced here. But I’m curious now, for those who can use it, how different is it from the good old Google Maps Timeline?"
post_1otarji,1otarji,reddit,applemaps,post,https://www.reddit.com/r/applemaps/comments/1otarji/apple_maps_is_routing_me_the_long_way_because_it/,1762772149.0,2025-11-10 04:55:49,12.0,13.0,"Apple Maps is routing me the long way because it thinks a motorway is 50mph

Apple Maps seems to think the M602 in Manchester is a 50mph road. I stopped using it for my commute because Apple Maps keeps routing me a different way. I think it might be doing that because it believes the M602 is slower than it actually is. The M602 is a standard motorway, so the limit is 70mph and there are not signs saying otherwise.

I reported it in the app and Apple have replied asking for a photo of a camera or a street sign to prove the speed limit. The problem is there is nothing to photograph. There are no signs because the national speed limit applies by default. It looks like the report has just been placed into their traffic camera category so it is asking me for evidence that does not exist.

Has anyone managed to get Apple to correct a speed limit like this? Should I just reply explaining that it is a motorway and therefore 70mph by default or is there something better I should send?"
post_1oszuab,1oszuab,reddit,applemaps,post,https://www.reddit.com/r/applemaps/comments/1oszuab/apple_working_on_apple_maps_via_satellite/,1762735235.0,2025-11-09 18:40:35,199.0,11.0,"Apple Working On Apple Maps via Satellite

This would enable navigation in [Apple Maps](https://www.macrumors.com/guide/apple-maps/) without cellular or Wi-Fi connectivity."
post_1osy8u9,1osy8u9,reddit,applemaps,post,https://www.reddit.com/r/applemaps/comments/1osy8u9/apple_maps_horrible_underestimation_of_traffic_in/,1762730886.0,2025-11-09 17:28:06,0.0,11.0,"Apple Maps horrible underestimation of traffic in cities

Has anyone else had issues with Apple Maps underestimating the time traffic will take by several minutes? 

I’m guessing it’s mainly an issue in high traffic cities, but nearly every time I travel somewhere where the typical route has traffic, Apple Maps will suggest the high traffic route even if the traffic is outrageous. For example I could have a typical 15 minute drive, but during rush hour Apple Maps will say it will take ~20 minutes when in reality it takes about 40-50 because of accidents and traffic buildup that maps shows and is aware of (sometimes it won’t even show the traffic until I start my directions). Now there is an alternative route that takes ~22 minutes with little to no traffic and maps will never default to this, despite it actually taking 22 minutes. My guess is that Apple Maps either is just simply getting the estimation wrong or they are somehow trying to veer people away from taking backroad routes and contesting those roads. 
I’ve tested this out on dozens of different routes and this is the case every single time. Google maps on the other hand has been hit or miss and gets the traffic right about half of the time (but I don’t like using google maps interface). 

Obviously if it’s a route I take normally, I know to take the alternative route but it’s a bit irritating when I’m not familiar with the route and get blindsided into sitting in 30+ minutes of traffic."
post_1orwa08,1orwa08,reddit,applemaps,post,https://www.reddit.com/r/applemaps/comments/1orwa08/apple_map_issue/,1762625549.0,2025-11-08 12:12:29,11.0,3.0,"Apple map issue

Anyone having this issue? My map routes and then it freezes. I try to reset it and this keeps happening. It keeps freezing halfway though my route. When I close and open it doesn’t load the route anymore"
post_1or1lcn,1or1lcn,reddit,applemaps,post,https://www.reddit.com/r/applemaps/comments/1or1lcn/censored_apartment_complex/,1762538773.0,2025-11-07 12:06:13,27.0,11.0,"Censored Apartment complex

I recently moved apartments and realized that my home is censored on Apple Maps. It was a military base before but it is is not used as such for 15 years already and got sold to a private company 10 years ago. I already did the report a few times but they don’t fix it. Does anyone know what to do so they fix this?"
post_1oqqpdl,1oqqpdl,reddit,applemaps,post,https://www.reddit.com/r/applemaps/comments/1oqqpdl/apple_maps_needs_your_immediate_attention_in/,1762510576.0,2025-11-07 04:16:16,55.0,10.0,"Apple Maps needs your immediate attention in Greece!

While Apple Maps can be extremely helpful and I’ve been liking it more to do delivery unfortunately it’s too dangerous for Greece and makes tons of mistakes that can cost lives, I recently reported 3 serious issues that could cause crashes. Apple immediately resolved those, the thing is that they were for years like that, that means people don’t put any effort to reduce accidents, I did 8 reports where 5 of them were missing stop signs but the 3 ones were suggesting to navigate the opposite way and making U turns. Please, it only takes seconds and few clicks to report issues."
comment_1oqqpdl_0,1oqqpdl,reddit,applemaps,comment,https://www.reddit.com/r/applemaps/comments/1oqqpdl/apple_maps_needs_your_immediate_attention_in/,1762510576.0,2025-11-07 04:16:16,,,Maybe post this in r/Greece too.
comment_1oqqpdl_1,1oqqpdl,reddit,applemaps,comment,https://www.reddit.com/r/applemaps/comments/1oqqpdl/apple_maps_needs_your_immediate_attention_in/,1762510576.0,2025-11-07 04:16:16,,,"I also hate it. Apple strives to keep their premium image but maps could use a lot more effort. Not on 3d DCE stuff but on the basics, speed limits, turn restrictions etc. Where I’m from it seems like they didn’t bother reading into what certain signs entail, didn’t bother to update lane guidance after a renovation even though they’ve taken look around footage afterwards, they tag city streets as 90 just because they don’t look like they’re within city limits. It’s crazy. I feel like opening up edits to volunteers would do so much more good than harm. They’re worried about editors sabotaging stuff but in reality they’re sabotaging their own product by making us, users, do their job."
post_1oqcbny,1oqcbny,reddit,applemaps,post,https://www.reddit.com/r/applemaps/comments/1oqcbny/apple_maps_now_in_peru/,1762466344.0,2025-11-06 15:59:04,105.0,13.0,"Apple Maps now in Peru!

little testing here"
comment_1oqcbny_0,1oqcbny,reddit,applemaps,comment,https://www.reddit.com/r/applemaps/comments/1oqcbny/apple_maps_now_in_peru/,1762466344.0,2025-11-06 15:59:04,,,De verdad?? No estoy soñando??
comment_1oqcbny_1,1oqcbny,reddit,applemaps,comment,https://www.reddit.com/r/applemaps/comments/1oqcbny/apple_maps_now_in_peru/,1762466344.0,2025-11-06 15:59:04,,,https://www.reddit.com/r/applemaps/comments/1opk9lz/all_south_american_countries_have_turnbyturn/?utm_source=share&amp;utm_medium=web3x&amp;utm_name=web3xcss&amp;utm_term=1&amp;utm_content=share_button
comment_1oqcbny_2,1oqcbny,reddit,applemaps,comment,https://www.reddit.com/r/applemaps/comments/1oqcbny/apple_maps_now_in_peru/,1762466344.0,2025-11-06 15:59:04,,,Are there speed cameras feature in Peru?
comment_1oqcbny_3,1oqcbny,reddit,applemaps,comment,https://www.reddit.com/r/applemaps/comments/1oqcbny/apple_maps_now_in_peru/,1762466344.0,2025-11-06 15:59:04,,,I was down in Honduras last weekend and was surprised it was down there too!! I went in July 2024 and there was no Apple Maps turn-by-turn available. I thought it wasn’t going to happen anytime soon. Happy to see Apple Maps expanding!
comment_1oqcbny_4,1oqcbny,reddit,applemaps,comment,https://www.reddit.com/r/applemaps/comments/1oqcbny/apple_maps_now_in_peru/,1762466344.0,2025-11-06 15:59:04,,,No había navegación en Peru? :0
comment_1oqcbny_5,1oqcbny,reddit,applemaps,comment,https://www.reddit.com/r/applemaps/comments/1oqcbny/apple_maps_now_in_peru/,1762466344.0,2025-11-06 15:59:04,,,"https://preview.redd.it/s260lrht650g1.jpeg?width=1284&amp;format=pjpg&amp;auto=webp&amp;s=e3b780f456eb0d4b0b2dfdce93139ee4d12431be

Still doesn’t work in Cambodia."
post_1optwwq,1optwwq,reddit,applemaps,post,https://www.reddit.com/r/applemaps/comments/1optwwq/apple_maps_dce_buckingham_palace_fountain/,1762419240.0,2025-11-06 02:54:00,33.0,0.0,Apple Maps DCE Buckingham Palace Fountain ♥️
post_1optrk5,1optrk5,reddit,applemaps,post,https://www.reddit.com/r/applemaps/comments/1optrk5/apple_maps_dce_royal_observatory_greenwich_london/,1762418643.0,2025-11-06 02:44:03,31.0,1.0,"Apple Maps DCE Royal Observatory Greenwich, London"
comment_1optrk5_0,1optrk5,reddit,applemaps,comment,https://www.reddit.com/r/applemaps/comments/1optrk5/apple_maps_dce_royal_observatory_greenwich_london/,1762418643.0,2025-11-06 02:44:03,,,"https://preview.redd.it/rsinl8ozslzf1.jpeg?width=1792&amp;format=pjpg&amp;auto=webp&amp;s=f7142aece81cbca2f0e5ef205936c86e33c779db

Finally they fixed this"
post_1opt8f2,1opt8f2,reddit,applemaps,post,https://www.reddit.com/r/applemaps/comments/1opt8f2/what_do_you_think_of_apple_maps/,1762416529.0,2025-11-06 02:08:49,20.0,48.0,"What do you think of Apple Maps?

Right now, I’m debating with myself about which browser to use. I’m mainly torn between Google and Apple. I also have Waze, but the main ones are Apple and Google.

I’ve tried both, and I like Apple because of its interface and how its navigation system works. But I like Google because they recently added Waze alerts, plus it offers more information about places and much better reviews. In Apple Maps, there are places that don’t even have reviews. I like Waze for its alerts and interaction with other users. And features like “plan a drive,” for example. But I have the same problem with it as with Apple Maps: it doesn’t have as much information about places or reviews.

What do you think of Apple Maps, and which ones do you use?"
comment_1opt8f2_0,1opt8f2,reddit,applemaps,comment,https://www.reddit.com/r/applemaps/comments/1opt8f2/what_do_you_think_of_apple_maps/,1762416529.0,2025-11-06 02:08:49,,,Apple’s UI and directions are much cleaner. Google’s search is unbeatable. Neither is 100% reliable. Use both.
comment_1opt8f2_1,1opt8f2,reddit,applemaps,comment,https://www.reddit.com/r/applemaps/comments/1opt8f2/what_do_you_think_of_apple_maps/,1762416529.0,2025-11-06 02:08:49,,,I’m very happy with Apple Maps for mass transit in NYC.  And I like to avoid “being the product”.
comment_1opt8f2_2,1opt8f2,reddit,applemaps,comment,https://www.reddit.com/r/applemaps/comments/1opt8f2/what_do_you_think_of_apple_maps/,1762416529.0,2025-11-06 02:08:49,,,"I am not sure where you are from, but in the Netherlands I like to use Apple Maps for pretty much anything. For driving, I’ll use Apple Maps and open Flitsmeister in the background to give me alerts for cameras and just about anything.

I think lane guidance is also quite weak on Google Maps… but walking directions are just awful. I’ll see if I can show some screenshots.

But searching is also a lot better… much cleaner. Reporting is better too… Google just auto-denies every report I make. And it’s just more polished I feel.

Driving is a much better experience too… like I said better lane guidance and how the map moves and behaves is really fantastic.

Like I said, if you need alerts… you can definitely use another app in the background.

https://preview.redd.it/tddyzmpmjlzf1.jpeg?width=1125&amp;format=pjpg&amp;auto=webp&amp;s=de92dbd4180da002cd3d790a8591ca16936f85dc"
comment_1opt8f2_3,1opt8f2,reddit,applemaps,comment,https://www.reddit.com/r/applemaps/comments/1opt8f2/what_do_you_think_of_apple_maps/,1762416529.0,2025-11-06 02:08:49,,,"Both are fine. I prefer Apple Maps because in my setup it's integrated with my contacts and calendar. That's not a statement of capability- just that one or the other tends to be set up as the integrated mapping app, and for me that's Apple."
comment_1opt8f2_4,1opt8f2,reddit,applemaps,comment,https://www.reddit.com/r/applemaps/comments/1opt8f2/what_do_you_think_of_apple_maps/,1762416529.0,2025-11-06 02:08:49,,,I use both GM just make sure that the POI is there on navigation I prefer AM since the traffic prediction got hell lot better
comment_1opt8f2_5,1opt8f2,reddit,applemaps,comment,https://www.reddit.com/r/applemaps/comments/1opt8f2/what_do_you_think_of_apple_maps/,1762416529.0,2025-11-06 02:08:49,,,"Apple Maps looks great and has the best spoken directions, making it great for city driving. It’s hard to beat Waze for highway driving though."
comment_1opt8f2_6,1opt8f2,reddit,applemaps,comment,https://www.reddit.com/r/applemaps/comments/1opt8f2/what_do_you_think_of_apple_maps/,1762416529.0,2025-11-06 02:08:49,,,They are nearly indistinguishable - the differences are so minor you have to develop OCD just to find them.
comment_1opt8f2_7,1opt8f2,reddit,applemaps,comment,https://www.reddit.com/r/applemaps/comments/1opt8f2/what_do_you_think_of_apple_maps/,1762416529.0,2025-11-06 02:08:49,,,"Apple Maps integrates nicely in to car play. It’s a nice, clear map to read and follow. The audio directions are nice too, with the road ahead described so you often don’t even need to look at the screen. 

Traffic awareness / avoidance isn’t very good in the UK. And sometimes the routes given aren’t the quickest. 

On the plus side, it’s also less likely to route me down a single country lane, keeping me on main roads that are way better. 

Can’t fault Apple Maps. I tend to use it along with google maps and Waze. With Apple Maps starting to be used more and more recently. 

A few more tweaks and features and it could be a winner."
comment_1opt8f2_8,1opt8f2,reddit,applemaps,comment,https://www.reddit.com/r/applemaps/comments/1opt8f2/what_do_you_think_of_apple_maps/,1762416529.0,2025-11-06 02:08:49,,,Apple maps all the way bby.
comment_1opt8f2_9,1opt8f2,reddit,applemaps,comment,https://www.reddit.com/r/applemaps/comments/1opt8f2/what_do_you_think_of_apple_maps/,1762416529.0,2025-11-06 02:08:49,,,"Apple has better navigation directions, but I think Google has a better interface and maps. 

I now have a Samsung, so I do miss Apple Maps."
comment_1opt8f2_10,1opt8f2,reddit,applemaps,comment,https://www.reddit.com/r/applemaps/comments/1opt8f2/what_do_you_think_of_apple_maps/,1762416529.0,2025-11-06 02:08:49,,,"I definitely prefer Apple Maps for walking/cycling. 

On the rare occasion I’m in a car I prefer google maps bc it shows me accidents/construction ahead  more accurately than Apple Maps (I guess that’s because google maps is probably more used in my area and more people report there) and I also prefer the routes google maps picks. If there’s an accident on the route I can see that 1 minute ago another driver reported that it’s still there, on Apple Maps it’s a guessing game if the accident is still there when I’m going to be there (I mostly drive longer distances)."
comment_1opt8f2_11,1opt8f2,reddit,applemaps,comment,https://www.reddit.com/r/applemaps/comments/1opt8f2/what_do_you_think_of_apple_maps/,1762416529.0,2025-11-06 02:08:49,,,I prefer Apple Maps!
comment_1opt8f2_12,1opt8f2,reddit,applemaps,comment,https://www.reddit.com/r/applemaps/comments/1opt8f2/what_do_you_think_of_apple_maps/,1762416529.0,2025-11-06 02:08:49,,,"Depends on where you are and what you want from a map tool.

Personally I want to navigate around and Apple have proper location data for my country, meaning every house name and number is exactly correct, so I use Apple 99% of the time.

If you want to find somewhere to eat using reviews or want to go to major places, google would work for you. Google is accurate for major landmarks but for actual house numbers the use AI, or some sort of algorithm, meaning house numbers are marked inaccurately much of the time."
comment_1opt8f2_13,1opt8f2,reddit,applemaps,comment,https://www.reddit.com/r/applemaps/comments/1opt8f2/what_do_you_think_of_apple_maps/,1762416529.0,2025-11-06 02:08:49,,,I use Google maps for its search function. I use Apple Maps for actual directions.
comment_1opt8f2_14,1opt8f2,reddit,applemaps,comment,https://www.reddit.com/r/applemaps/comments/1opt8f2/what_do_you_think_of_apple_maps/,1762416529.0,2025-11-06 02:08:49,,,"Google search for driving anytime there could be traffic and for finding restaurants, Apple Maps for the other 5% of the time"
comment_1opt8f2_15,1opt8f2,reddit,applemaps,comment,https://www.reddit.com/r/applemaps/comments/1opt8f2/what_do_you_think_of_apple_maps/,1762416529.0,2025-11-06 02:08:49,,,Doesn’t work where I live. But prefer it when I travel.
comment_1opt8f2_16,1opt8f2,reddit,applemaps,comment,https://www.reddit.com/r/applemaps/comments/1opt8f2/what_do_you_think_of_apple_maps/,1762416529.0,2025-11-06 02:08:49,,,"Apple’s UI is nicer, but Google’s data, search/processing, and surfacing relevant and only relevant information at just the time it’s needed is far superior to anything else on the internet that may be trying to rival it. 

Another way to look at things: Apple is far less likely to try and mine your every action in and around its apps for money. Google, however is notorious for tracking, analyzing, and reanalyzing everything do do with their apps, information, and anything else they present to you, to keep finding new ways to monetize it, at the expense of your privacy."
comment_1opt8f2_17,1opt8f2,reddit,applemaps,comment,https://www.reddit.com/r/applemaps/comments/1opt8f2/what_do_you_think_of_apple_maps/,1762416529.0,2025-11-06 02:08:49,,,I have a love hate relationship.  I much prefer the interface.  I hate that it makes so many errors.    I just trust google more.  I also have so many places pinned on google I could never change.
comment_1opt8f2_18,1opt8f2,reddit,applemaps,comment,https://www.reddit.com/r/applemaps/comments/1opt8f2/what_do_you_think_of_apple_maps/,1762416529.0,2025-11-06 02:08:49,,,"Haven’t used it since I got stranded following a frontage road along railroad tracks. In Wyoming. In February. 
Google maps forever!"
comment_1opt8f2_19,1opt8f2,reddit,applemaps,comment,https://www.reddit.com/r/applemaps/comments/1opt8f2/what_do_you_think_of_apple_maps/,1762416529.0,2025-11-06 02:08:49,,,"I think I have them all. Even TomTom and Sidecar. I keep thinking I will find some feature that will make me change. I keep coming back to Apple Maps. The main thing I like is how it tells you exactly what lane to be in and tells you where to turn based on landmarks such as “from the right lane, go past this light and turn right at the next street”. So far it’s been the best all-round nav app for me."
comment_1opt8f2_20,1opt8f2,reddit,applemaps,comment,https://www.reddit.com/r/applemaps/comments/1opt8f2/what_do_you_think_of_apple_maps/,1762416529.0,2025-11-06 02:08:49,,,Apple Maps has come a long way. It works for me.
comment_1opt8f2_21,1opt8f2,reddit,applemaps,comment,https://www.reddit.com/r/applemaps/comments/1opt8f2/what_do_you_think_of_apple_maps/,1762416529.0,2025-11-06 02:08:49,,,"Haven’t used Google Maps in over a decade, Apple Maps works perfectly fine and is better integrated (obviously) across all my Apple devices."
comment_1opt8f2_22,1opt8f2,reddit,applemaps,comment,https://www.reddit.com/r/applemaps/comments/1opt8f2/what_do_you_think_of_apple_maps/,1762416529.0,2025-11-06 02:08:49,,,i trust more and drive better with apple map
comment_1opt8f2_23,1opt8f2,reddit,applemaps,comment,https://www.reddit.com/r/applemaps/comments/1opt8f2/what_do_you_think_of_apple_maps/,1762416529.0,2025-11-06 02:08:49,,,It’s been pretty solid over the past few yrs for me. No complaints.
comment_1opt8f2_24,1opt8f2,reddit,applemaps,comment,https://www.reddit.com/r/applemaps/comments/1opt8f2/what_do_you_think_of_apple_maps/,1762416529.0,2025-11-06 02:08:49,,,"I look new places up in Google Maps, then use Apple Maps to navigate there. I also keep my saved places all in Apple Maps. 

In my experience, there are very few user-submitted reports in Apple Maps, though. I do my part to report crashes, hazards, etc in Apple Maps, but no getting around the fact that with more users, Google/Waze get way more reports."
comment_1opt8f2_25,1opt8f2,reddit,applemaps,comment,https://www.reddit.com/r/applemaps/comments/1opt8f2/what_do_you_think_of_apple_maps/,1762416529.0,2025-11-06 02:08:49,,,"Apple Maps is ok with car directions (I might prefer Waze/Google for some situations) and way better than Google for bike directions.

but the single thing keeping me from using it are impossibly bad  POIs, at least in my city. It used to be slightly worse, then they acquired some awful data set that included my city and now the quality tanked. A few examples:

- Duplicates everywhere, including metro stations, parks, squares (and no easy way to report a duplicate)
- places that have been closed for more than ten years reappeared
- hilarious miscategorizations: recreational vehicle repair shop listed as camping grounds (in the middle of a city), a shady ""massage parlor"" listed as as a healthcare facility, random businesses showing up as a tourist landmark, 
- everywhere businesses are shown with the name they are registered with the government instead of the commercial name. This is especially hilarious for bars which are often individual enterprises and show on the map with the owner name
- speaking of individual businesses, a lot of them do not have a public presence (think a personal trainer who is a registered business at their home), but they still show up on the map
- when you add or report an error with a business, the category list seems to be compiled by a drunk person (it used to be way worse though)
- POIs are very rarely in the exact position

I keep making reports but

1) it's an uphill battle, there's just too much wrong data
2) they often ask for additional detail even when it should not be needed
3) a non negligible fraction of reports is not actioned against, and makes me never report anything again

this is in a city with more than one million people which is supposed to get the DCE soon, I can't imagine in less ""important"" areas what the quality is like"
comment_1opt8f2_26,1opt8f2,reddit,applemaps,comment,https://www.reddit.com/r/applemaps/comments/1opt8f2/what_do_you_think_of_apple_maps/,1762416529.0,2025-11-06 02:08:49,,,I need some reviews on Apple map any hep
comment_1opt8f2_27,1opt8f2,reddit,applemaps,comment,https://www.reddit.com/r/applemaps/comments/1opt8f2/what_do_you_think_of_apple_maps/,1762416529.0,2025-11-06 02:08:49,,,It’s awesome and way better than Google maps or Waze
comment_1opt8f2_28,1opt8f2,reddit,applemaps,comment,https://www.reddit.com/r/applemaps/comments/1opt8f2/what_do_you_think_of_apple_maps/,1762416529.0,2025-11-06 02:08:49,,,The only thing I don’t like about Apple Maps is they don’t give road time traffic unless you’re navigating somewhere
post_1opcm6b,1opcm6b,reddit,applemaps,post,https://www.reddit.com/r/applemaps/comments/1opcm6b/feeling_helpless_no_ferry_route/,1762371018.0,2025-11-05 13:30:18,117.0,15.0,"Feeling helpless, No Ferry route

We’re a small family owned Auto-Ferry in Southern California. We only cross a short distance, but we provide big time saving for commuters and visitors depending on their destination and where they’re traveling from. For the past couple years, we’ve noticed major issues with Apple Maps not representing us on route options where we clearly are the most viable and efficient option.

Even when the “avoid tolls” is turned off, it will still ignore us. But it knows we’re here! As you can see in the images, it recognizes us. It recommended us for a pedestrian route. I’ve found the only way it will recognize us as a route is if you use “avoid tolls” off (which makes sense, I don’t take issue with that) and your starting point is right next to the ferry dock. Then and only then will it recommend us as a route.

I’ve been reporting this as an issue for over a year. I’ve even tried to make us a registered business with Apple thinking that might help, but they always reject the application even with all the paperwork I submit to them. 

This is really a problem for us. It’s actively harming our business. I’m just at a loss, does anyone have some advice?"
comment_1opcm6b_0,1opcm6b,reddit,applemaps,comment,https://www.reddit.com/r/applemaps/comments/1opcm6b/feeling_helpless_no_ferry_route/,1762371018.0,2025-11-05 13:30:18,,,Try emailing maps_escalations@apple.com
comment_1opcm6b_1,1opcm6b,reddit,applemaps,comment,https://www.reddit.com/r/applemaps/comments/1opcm6b/feeling_helpless_no_ferry_route/,1762371018.0,2025-11-05 13:30:18,,,"It’s not just you. Apple Maps does everything in its power to avoid ferry crossings. There are numerous crossings in my area and the only time Apple Maps will suggest taking one is when it cannot find another option, for instance when navigating to an island without a bridge connecting it. I suspect it has to do with not being able to predict the precise arrival time.

It’s the polar opposite to my old Garmin GPS that tried to send my wife on a 24 hour ferry ride back and forth across the Baltic Sea just to avoid tolls on a 10 minute drive."
comment_1opcm6b_2,1opcm6b,reddit,applemaps,comment,https://www.reddit.com/r/applemaps/comments/1opcm6b/feeling_helpless_no_ferry_route/,1762371018.0,2025-11-05 13:30:18,,,"https://preview.redd.it/p3moea9vojzf1.jpeg?width=1284&amp;format=pjpg&amp;auto=webp&amp;s=0977f2029f377e8edc7b4e1d945e4a4d69af5318

I was able to get it to recognize the ferry route. Not sure if it’s because I’m looking at directions for places over 1,000 miles away but it does recognize the route."
comment_1opcm6b_3,1opcm6b,reddit,applemaps,comment,https://www.reddit.com/r/applemaps/comments/1opcm6b/feeling_helpless_no_ferry_route/,1762371018.0,2025-11-05 13:30:18,,,"Not sure how to help but luckily I use Google Maps because that ferry was definitely a highlight of my trip to Newport in September. 10/10 would recommend just for the views

https://preview.redd.it/eukritl5cqzf1.jpeg?width=4032&amp;format=pjpg&amp;auto=webp&amp;s=4caeb46647cb4af505a1af968dc40c190a8ec982"
comment_1opcm6b_4,1opcm6b,reddit,applemaps,comment,https://www.reddit.com/r/applemaps/comments/1opcm6b/feeling_helpless_no_ferry_route/,1762371018.0,2025-11-05 13:30:18,,,could it be that it’s because the ferry departs too late for the ETA of the non-ferry route to be later?
comment_1opcm6b_5,1opcm6b,reddit,applemaps,comment,https://www.reddit.com/r/applemaps/comments/1opcm6b/feeling_helpless_no_ferry_route/,1762371018.0,2025-11-05 13:30:18,,,"The ferry route is 20 minutes on its own, according to Apple and your screenshots, and has an associated cost. It wouldn’t make sense for Apple to show it as a “better” option since it might only save one or two minutes in the routes you’ve shown but you need to pay for it. 

Also, does the ferry take cars on it too? If not, then this makes total sense."
comment_1opcm6b_6,1opcm6b,reddit,applemaps,comment,https://www.reddit.com/r/applemaps/comments/1opcm6b/feeling_helpless_no_ferry_route/,1762371018.0,2025-11-05 13:30:18,,,I love the balboa island ferry! So fun and easy. Sorry I don’t have any suggestions but I hope this gets fixed soon. I sometimes go out of my way to take it!
comment_1opcm6b_7,1opcm6b,reddit,applemaps,comment,https://www.reddit.com/r/applemaps/comments/1opcm6b/feeling_helpless_no_ferry_route/,1762371018.0,2025-11-05 13:30:18,,,There is a Prefer Ferry option but it’s deep in Settings. I have it on but I don’t know if that’s a default or I set it at some point. Maybe check with some people’s phones to see if that’s a factory default? And it’s under Transit so I don’t know if it only looks for passenger ferries.
post_1oo5q9r,1oo5q9r,reddit,applemaps,post,https://www.reddit.com/r/applemaps/comments/1oo5q9r/apple_maps_not_showing_traffic_while_navigating/,1762258375.0,2025-11-04 06:12:55,6.0,10.0,"Apple Maps not showing traffic while navigating

Hi,

This may be a daft question. I am new to Apple, just switched over from Android. My question is, does Apple Maps show you road closures etc whilst in driving mode? I only ask this as mine does not. It does navigate around them, just not showing them. They show on the map before pressing GO, but then vanish. Its annoying as if the navigation it taking me off route I want to know why, I shouldn't have to stop the route to see the traffic then resume it. 

I am in 3d view whilst driving. Its shows the red and yellow for slow traffic and traffic lights but they are the only icons I get. I'm in the UK and using iPhone 17 pro max with lasted update.

  
Thanks"
comment_1oo5q9r_0,1oo5q9r,reddit,applemaps,comment,https://www.reddit.com/r/applemaps/comments/1oo5q9r/apple_maps_not_showing_traffic_while_navigating/,1762258375.0,2025-11-04 06:12:55,,,"While navigating, Apple Maps only shows traffic/incidents/... of your route."
comment_1oo5q9r_1,1oo5q9r,reddit,applemaps,comment,https://www.reddit.com/r/applemaps/comments/1oo5q9r/apple_maps_not_showing_traffic_while_navigating/,1762258375.0,2025-11-04 06:12:55,,,"Unlike Google Maps and Waze, *while navigating*, Apple Maps only shows traffic and info for the route you’re on. It doesn’t show anything else on the map."
comment_1oo5q9r_2,1oo5q9r,reddit,applemaps,comment,https://www.reddit.com/r/applemaps/comments/1oo5q9r/apple_maps_not_showing_traffic_while_navigating/,1762258375.0,2025-11-04 06:12:55,,,"Apple Maps is very focused when navigating. It shows your route and surrounding streets. And really nothing else. There’s no distracting detail on those streets or on your route. Personally, I find this far superior to Google Maps, which is full of stuff you don’t need to see."
comment_1oo5q9r_3,1oo5q9r,reddit,applemaps,comment,https://www.reddit.com/r/applemaps/comments/1oo5q9r/apple_maps_not_showing_traffic_while_navigating/,1762258375.0,2025-11-04 06:12:55,,,"Found this pic online as I don't think there's a closed road near me...but this is what it shows.  They're all over the place in major cities typically due to the constant road work or building related closures.

https://preview.redd.it/ssy0u67ly8zf1.png?width=1242&amp;format=png&amp;auto=webp&amp;s=b6459aaf66f96441c44524aedc6885dcd5d7009f"
post_1oo5nht,1oo5nht,reddit,applemaps,post,https://www.reddit.com/r/applemaps/comments/1oo5nht/all_gps_apps_not_working_in_only_my_car/,1762257886.0,2025-11-04 06:04:46,2.0,7.0,"All GPS apps not working in ONLY my car?!

I have a 2015 Altima that has an aftermarket apple carplay unit thats wired in. The first 5 months, My GPS was working great. But then I realized the past few months, It shows extreme lag and wrong locations 24/7 on Apple maps. So I switched to different apps like Waze and Google Maps. All of them the same. But whats weird is that its only my car. In my parents and siblings cars, It works great but only in my car that its bad. Please help, Ive been struggling with this for 6 months.

UPDATE: I had a gps antenna that came with the aftermarket head unit and It was behind the screen so i removed the screen and pulled out the gps antenna and taped it into my Apillar now gps works 💯 in the car again 🥳"
comment_1oo5nht_0,1oo5nht,reddit,applemaps,comment,https://www.reddit.com/r/applemaps/comments/1oo5nht/all_gps_apps_not_working_in_only_my_car/,1762257886.0,2025-11-04 06:04:46,,,Your tint on your windows. Do they have metallic compounds in it? If yes. They can block gps signals. I had 3m film for about 6-7 years and didn’t have any issues before. But suddenly nothing gps related works and I had to change my tints to ceramic based ones
comment_1oo5nht_1,1oo5nht,reddit,applemaps,comment,https://www.reddit.com/r/applemaps/comments/1oo5nht/all_gps_apps_not_working_in_only_my_car/,1762257886.0,2025-11-04 06:04:46,,,"So the question is - do other people’s GPS applications work in your car? 

Check out the app https://apps.apple.com/gb/app/gps-diagnostic-satellite-test/id1020967894

It may give you an idea as to what is going on."
post_1oneybt,1oneybt,reddit,applemaps,post,https://www.reddit.com/r/applemaps/comments/1oneybt/the_stations_of_the_line_5_from_the_montpellier/,1762184179.0,2025-11-03 09:36:19,21.0,1.0,"The stations of the Line 5 from the Montpellier Tramway began to appear on Apple Maps in Montpellier, France. The opening will be on the 20 December 2025. This line will add 17,5 km and 27 stations to the network.

9 stations already exist with tram lines 1, 2 and 4.

It's the first line not passing by Montpellier Saint-Roch ( Train Stations).

Transports in Montpellier are \*free\*"
comment_1oneybt_0,1oneybt,reddit,applemaps,comment,https://www.reddit.com/r/applemaps/comments/1oneybt/the_stations_of_the_line_5_from_the_montpellier/,1762184179.0,2025-11-03 09:36:19,,,\*free\* for peoples of Montpellier area. Not free for tourists ;-)
post_1on0izo,1on0izo,reddit,applemaps,post,https://www.reddit.com/r/applemaps/comments/1on0izo/is_there_any_current_way_to_transfer_a_google/,1762137929.0,2025-11-02 20:45:29,6.0,2.0,"Is there any current way to transfer a Google Maps list to Apple Maps with all Notes saved as titles

I have a very long google maps list (100+ locations and each one has an important note) and I want to convert it to Apple Maps. I tried [https://www.gotoapplemaps.com](https://www.gotoapplemaps.com) but it didn't save the notes and it also didn't work on the ones that are just coordinates. I've also tried [https://gist.github.com/jonalling/9f1a52ebb0ef77554a193162e467914c](https://gist.github.com/jonalling/9f1a52ebb0ef77554a193162e467914c) but it didn't save the notes either. 

Is there any way to do this where all the notes get saved as the tile of the location on Apple Maps? Thanks! :)"
comment_1on0izo_0,1on0izo,reddit,applemaps,comment,https://www.reddit.com/r/applemaps/comments/1on0izo/is_there_any_current_way_to_transfer_a_google/,1762137929.0,2025-11-02 20:45:29,,,I think the only way is by GPS coordinates
comment_1on0izo_1,1on0izo,reddit,applemaps,comment,https://www.reddit.com/r/applemaps/comments/1on0izo/is_there_any_current_way_to_transfer_a_google/,1762137929.0,2025-11-02 20:45:29,,,"Looks like you've tried the secondary ones created by users, but no...no official way to transfer data as of yet."
post_1om7ncu,1om7ncu,reddit,applemaps,post,https://www.reddit.com/r/applemaps/comments/1om7ncu/will_pay_1k_for_api_coding_help_to_add_10k/,1762055738.0,2025-11-01 22:55:38,0.0,6.0,"Will pay $1K for API &amp; coding help to add 10K businesses to Apple Maps

Seeking someone with access to the Apple Business Connect API or a workaround that allows bulk uploading of 10,000 business pins. Will pay $1,000 for the API details and assistance with the coding to do the upload. DM if you can help."
comment_1om7ncu_0,1om7ncu,reddit,applemaps,comment,https://www.reddit.com/r/applemaps/comments/1om7ncu/will_pay_1k_for_api_coding_help_to_add_10k/,1762055738.0,2025-11-01 22:55:38,,,"I’m really curious as to what company your working with, needing 10 thousand business pins on Maps."
comment_1om7ncu_1,1om7ncu,reddit,applemaps,comment,https://www.reddit.com/r/applemaps/comments/1om7ncu/will_pay_1k_for_api_coding_help_to_add_10k/,1762055738.0,2025-11-01 22:55:38,,,"If the points are legit, why not just register for business connect and upload it on your own?"
post_1om0edv,1om0edv,reddit,applemaps,post,https://www.reddit.com/r/applemaps/comments/1om0edv/apple_maps_keeps_adding_businesses_to_my_home/,1762034609.0,2025-11-01 17:03:29,10.0,9.0,"Apple Maps keeps adding businesses to my home

Interesting problem here. Apple Maps is continuously adding businesses to my home address (townhouse)! I report them, but as soon as one is taken down, another is added. I always add that this is a residence in the notes.

I assume it must be some kind of weird glitch, as I’ve never seen my address associated with any of these businesses or on their websites, but they do sometimes say the city I live it and if I click that link on the business website, it will open in Apple Maps and show my address.

This has become annoying as people occasionally show up at my door — addresses have included everything from bird sanctuary to a happy endings massage parlour. And yes, someone showed up looking for a massage. 

I’ve tried the maps feedback email with no luck. Does anyone have any ideas on how I can get this corrected? Feeling hopeless!"
comment_1om0edv_0,1om0edv,reddit,applemaps,comment,https://www.reddit.com/r/applemaps/comments/1om0edv/apple_maps_keeps_adding_businesses_to_my_home/,1762034609.0,2025-11-01 17:03:29,,,Probably a neighbour who is trolling you..
comment_1om0edv_1,1om0edv,reddit,applemaps,comment,https://www.reddit.com/r/applemaps/comments/1om0edv/apple_maps_keeps_adding_businesses_to_my_home/,1762034609.0,2025-11-01 17:03:29,,,Is your townhome somehow the dead centre of your city or something else that makes it the default location for addresses the system can’t geolocate? I see you mentioned several of these businesses don’t actually come with addresses associated.
comment_1om0edv_2,1om0edv,reddit,applemaps,comment,https://www.reddit.com/r/applemaps/comments/1om0edv/apple_maps_keeps_adding_businesses_to_my_home/,1762034609.0,2025-11-01 17:03:29,,,"Does the name of your town/city/area sound or have a similar spelling to somewhere else? I wonder if your address has a near-twin in a busy commercial district somewhere and people are lazily adding businesses. I would start looking up those business names on Google Maps and see if there's a factor in common. 

In the area where I live, there are several smallish towns that all have (cleverly) a main street called Main Street. I've found quite a few businesses with an address like ""122 Main Street"" in one town mapped onto 122 Main Street in another nearby town."
post_1olzucd,1olzucd,reddit,applemaps,post,https://www.reddit.com/r/applemaps/comments/1olzucd/apple_maps_typo/,1762033187.0,2025-11-01 16:39:47,89.0,6.0,"Apple Maps typo

Not sure where this typo comes from, but Utercht is spelled Utrecht."
comment_1olzucd_0,1olzucd,reddit,applemaps,comment,https://www.reddit.com/r/applemaps/comments/1olzucd/apple_maps_typo/,1762033187.0,2025-11-01 16:39:47,,,"This is plain-Dutch “Uterecht” 😜

You can report this with this screenshot, they will fix it."
comment_1olzucd_1,1olzucd,reddit,applemaps,comment,https://www.reddit.com/r/applemaps/comments/1olzucd/apple_maps_typo/,1762033187.0,2025-11-01 16:39:47,,,How could this happen here but not anywhere else? Source should be the same right
post_1okte72,1okte72,reddit,applemaps,post,https://www.reddit.com/r/applemaps/comments/1okte72/preferred_routes_available_in_taiwan/,1761914206.0,2025-10-31 07:36:46,43.0,4.0,Preferred Routes Available in Taiwan
comment_1okte72_0,1okte72,reddit,applemaps,comment,https://www.reddit.com/r/applemaps/comments/1okte72/preferred_routes_available_in_taiwan/,1761914206.0,2025-10-31 07:36:46,,,Do you need a device compatible with Apple Intelligence to use this feature?
post_1okasx1,1okasx1,reddit,applemaps,post,https://www.reddit.com/r/applemaps/comments/1okasx1/apple_maps_being_laggy_just_me/,1761856214.0,2025-10-30 15:30:14,17.0,17.0,"Apple Maps being Laggy? Just me?

So I downloaded the update for iOS 26, and for the most part everything is fine… except maps. I’ve noticed recently that it has been extraordinarily lagging whether I’m following directions, or it’s (trying to) follow my position while driving.

It might go for a little bit the freeze on the map and not catch up to my location for like, half a mile or more. It’s annoying to not have directions on my car screen and rely on someone else to direct me. 

Is anyone else having problems? Using maps on iPhone 13 through CarPlay, for reference."
comment_1okasx1_0,1okasx1,reddit,applemaps,comment,https://www.reddit.com/r/applemaps/comments/1okasx1/apple_maps_being_laggy_just_me/,1761856214.0,2025-10-30 15:30:14,,,"Noticing the exactly same. Using an iPhone Air on iOS 26. Using directions on maps at it’ll just freeze up. If I then end the route, it takes a good couple of mins to get my actual location again."
comment_1okasx1_1,1okasx1,reddit,applemaps,comment,https://www.reddit.com/r/applemaps/comments/1okasx1/apple_maps_being_laggy_just_me/,1761856214.0,2025-10-30 15:30:14,,,Have same performance issues on a brand new iPhone 16. I posted it about it here: https://www.reddit.com/r/applemaps/s/0CTV1v1T06
comment_1okasx1_2,1okasx1,reddit,applemaps,comment,https://www.reddit.com/r/applemaps/comments/1okasx1/apple_maps_being_laggy_just_me/,1761856214.0,2025-10-30 15:30:14,,,Have the same experience on brand new iPhone 17 pro
comment_1okasx1_3,1okasx1,reddit,applemaps,comment,https://www.reddit.com/r/applemaps/comments/1okasx1/apple_maps_being_laggy_just_me/,1761856214.0,2025-10-30 15:30:14,,,"Thanks for the replies. Glad I’m not the only one. For now I betrayed Apple and downloaded Google Maps, works just fine. If they fix Apple Maps I may return to it."
comment_1okasx1_4,1okasx1,reddit,applemaps,comment,https://www.reddit.com/r/applemaps/comments/1okasx1/apple_maps_being_laggy_just_me/,1761856214.0,2025-10-30 15:30:14,,,I had an issue where the dashboard map was old. Clicked full screen and then back to dashboard. Problem solved
comment_1okasx1_5,1okasx1,reddit,applemaps,comment,https://www.reddit.com/r/applemaps/comments/1okasx1/apple_maps_being_laggy_just_me/,1761856214.0,2025-10-30 15:30:14,,,Me too
comment_1okasx1_6,1okasx1,reddit,applemaps,comment,https://www.reddit.com/r/applemaps/comments/1okasx1/apple_maps_being_laggy_just_me/,1761856214.0,2025-10-30 15:30:14,,,"iPhone 13 as well, been happening for a few days now. Switched to Waze and it still lags. Support didn't do shit either."
comment_1okasx1_7,1okasx1,reddit,applemaps,comment,https://www.reddit.com/r/applemaps/comments/1okasx1/apple_maps_being_laggy_just_me/,1761856214.0,2025-10-30 15:30:14,,,Does anyone know what to do? It happens on Waze for me too. It must be a software problem.
comment_1okasx1_8,1okasx1,reddit,applemaps,comment,https://www.reddit.com/r/applemaps/comments/1okasx1/apple_maps_being_laggy_just_me/,1761856214.0,2025-10-30 15:30:14,,,I can’t use it as a GPS in the car.  It lags several seconds behind my location.  Switched back to Google Maps until Apple can figure its garbage out
comment_1okasx1_9,1okasx1,reddit,applemaps,comment,https://www.reddit.com/r/applemaps/comments/1okasx1/apple_maps_being_laggy_just_me/,1761856214.0,2025-10-30 15:30:14,,,"Same here. The problem is the “Searching here” feature. There is code that is blocking the UI thread, in the past this was all asynchronous and you could still use the UI while maps was searching."
comment_1okasx1_10,1okasx1,reddit,applemaps,comment,https://www.reddit.com/r/applemaps/comments/1okasx1/apple_maps_being_laggy_just_me/,1761856214.0,2025-10-30 15:30:14,,,Okay so I was also getting the issue and turning background app refresh from WiFi to WiFi and data seems to have fixed it for me. Let me know if that works for others
comment_1okasx1_11,1okasx1,reddit,applemaps,comment,https://www.reddit.com/r/applemaps/comments/1okasx1/apple_maps_being_laggy_just_me/,1761856214.0,2025-10-30 15:30:14,,,It’s absolutely awful glad it isn’t just me
comment_1okasx1_12,1okasx1,reddit,applemaps,comment,https://www.reddit.com/r/applemaps/comments/1okasx1/apple_maps_being_laggy_just_me/,1761856214.0,2025-10-30 15:30:14,,,"Glad the problem was not my iPhone 12. I won’t upgrade, but this OS to this date is so unpolished, compared to older iOS versions."
post_1ok2plb,1ok2plb,reddit,applemaps,post,https://www.reddit.com/r/applemaps/comments/1ok2plb/railroads_other_issues/,1761837952.0,2025-10-30 10:25:52,2.0,1.0,"Railroads? Other issues?

Why do I have to be alerted at every railroad crossing 2 seconds before I cross it? I’m not an inept tech bro that relies on technology instead of my eyeballs. I can see the railroad crossings because I have my head up.

On a serious note, how come every time I open Apple Maps, there are like 3 things I have to exit out of to be to type in a location? Seems like it always wants to suggest something, or route to a map I’ve already used."
comment_1ok2plb_0,1ok2plb,reddit,applemaps,comment,https://www.reddit.com/r/applemaps/comments/1ok2plb/railroads_other_issues/,1761837952.0,2025-10-30 10:25:52,,,"You shouldn’t need to X out of anything when you open Maps. As soon as you open it, the search bar should appear at the top of the menu card on the screen."
post_1oj86ls,1oj86ls,reddit,applemaps,post,https://www.reddit.com/r/applemaps/comments/1oj86ls/apple_map_dce/,1761753078.0,2025-10-29 10:51:18,208.0,13.0,"Apple Map DCE

Went to San Diego for my brothers wedding last week and holy cow DCE was something special. Feels oddly weird and like a major downgrade coming back home and using regular Apple Maps."
comment_1oj86ls_0,1oj86ls,reddit,applemaps,comment,https://www.reddit.com/r/applemaps/comments/1oj86ls/apple_map_dce/,1761753078.0,2025-10-29 10:51:18,,,"Yes, it’s an incredible experience. It's a shame that Apple is taking so long to release in other cities..."
comment_1oj86ls_1,1oj86ls,reddit,applemaps,comment,https://www.reddit.com/r/applemaps/comments/1oj86ls/apple_map_dce/,1761753078.0,2025-10-29 10:51:18,,,The palms are even showing up?🥲😭
comment_1oj86ls_2,1oj86ls,reddit,applemaps,comment,https://www.reddit.com/r/applemaps/comments/1oj86ls/apple_map_dce/,1761753078.0,2025-10-29 10:51:18,,,tbf they cant map every single location in the world in 100% detail. i cant even see dce on my mac os x 10.9 i have to use my iphone for it.
comment_1oj86ls_3,1oj86ls,reddit,applemaps,comment,https://www.reddit.com/r/applemaps/comments/1oj86ls/apple_map_dce/,1761753078.0,2025-10-29 10:51:18,,,Yet another reason I'm glad to live in San Diego
comment_1oj86ls_4,1oj86ls,reddit,applemaps,comment,https://www.reddit.com/r/applemaps/comments/1oj86ls/apple_map_dce/,1761753078.0,2025-10-29 10:51:18,,,Atleast you have it. In Cyprus there is still no “navigation” available.
comment_1oj86ls_5,1oj86ls,reddit,applemaps,comment,https://www.reddit.com/r/applemaps/comments/1oj86ls/apple_map_dce/,1761753078.0,2025-10-29 10:51:18,,,I wont ever see this feature as an european 🥲
comment_1oj86ls_6,1oj86ls,reddit,applemaps,comment,https://www.reddit.com/r/applemaps/comments/1oj86ls/apple_map_dce/,1761753078.0,2025-10-29 10:51:18,,,"Meanwhile, in my area there are no minor roads and some major ones are in wrong places or also missing... They know OSM exists?"
comment_1oj86ls_7,1oj86ls,reddit,applemaps,comment,https://www.reddit.com/r/applemaps/comments/1oj86ls/apple_map_dce/,1761753078.0,2025-10-29 10:51:18,,,"Amap from China has been like this for many years, so it’s nothing new. However, Amap is only available in China.

I hope Google and Apple will catch up soon"
comment_1oj86ls_8,1oj86ls,reddit,applemaps,comment,https://www.reddit.com/r/applemaps/comments/1oj86ls/apple_map_dce/,1761753078.0,2025-10-29 10:51:18,,,Maps DCE sucks if you commute by bike
post_1oj781i,1oj781i,reddit,applemaps,post,https://www.reddit.com/r/applemaps/comments/1oj781i/cycling_directions_available_in_hungary_slovenia/,1761750897.0,2025-10-29 10:14:57,41.0,3.0,"Cycling Directions Available in Hungary, Slovenia, and Croatia

Apple Maps cycling directions just launched in Hungary, Slovenia, and Croatia. I believe this now leaves Israel as the only country with Apple’s first-party mapping data available without the cycling directions feature. They are very close to having full feature coverage!"
comment_1oj781i_0,1oj781i,reddit,applemaps,comment,https://www.reddit.com/r/applemaps/comments/1oj781i/cycling_directions_available_in_hungary_slovenia/,1761750897.0,2025-10-29 10:14:57,,,Edit: Cycling directions are available in Gibraltar now as well!
comment_1oj781i_1,1oj781i,reddit,applemaps,comment,https://www.reddit.com/r/applemaps/comments/1oj781i/cycling_directions_available_in_hungary_slovenia/,1761750897.0,2025-10-29 10:14:57,,,Wow! Have been waiting for this for a while.
comment_1oj781i_2,1oj781i,reddit,applemaps,comment,https://www.reddit.com/r/applemaps/comments/1oj781i/cycling_directions_available_in_hungary_slovenia/,1761750897.0,2025-10-29 10:14:57,,,"Any idea what data source they have? Is it provided by the local transport authority (or public transport provider)?
I just looked at my usual daily route in Hungary and it shows the preferred option without bicycle path where is definitely a better option with dedicated bicycle road."
post_1ohg33k,1ohg33k,reddit,applemaps,post,https://www.reddit.com/r/applemaps/comments/1ohg33k/how_to_send_directions_from_macos_to_iphone/,1761575768.0,2025-10-27 09:36:08,2.0,4.0,"How to send Directions from macOS to iPhone?

When I use Apple Maps on my Mac, I can only explore the map and get route previews but I can't actually start it which makes sense. But I would at least want to start that given route on my iPhone, is this even possible?

  
I think google has an option that you can send the directions from the PC to android but I don't see that in Apple Maps."
comment_1ohg33k_0,1ohg33k,reddit,applemaps,comment,https://www.reddit.com/r/applemaps/comments/1ohg33k/how_to_send_directions_from_macos_to_iphone/,1761575768.0,2025-10-27 09:36:08,,,"If you right-click the icon for the place on the map, you should get a menu that includes ""Send to Device"" which will then have a list of your devices. You would have to be signed into the same iCloud account on Mac and iPhone for this to work.

Alternately, you could ""Save"" the place on your Mac and then find it saved on your phone. 

https://preview.redd.it/cen8m5g47oxf1.png?width=650&amp;format=png&amp;auto=webp&amp;s=4cb7c688b06faecfb7df4fbdb529c2eb29322255"
comment_1ohg33k_1,1ohg33k,reddit,applemaps,comment,https://www.reddit.com/r/applemaps/comments/1ohg33k/how_to_send_directions_from_macos_to_iphone/,1761575768.0,2025-10-27 09:36:08,,,"There's an easy way - Continuity. Assuming you have the feature turned on in Settings, you can get the directions on your Mac, and then swipe up and hold on your iPhone to get into the recent apps view. There at the bottom there should be a rectangular button ""Maps - from \_\_\_'s MacBook \_\_\_"". Tap on that and voila!"
comment_1ohg33k_2,1ohg33k,reddit,applemaps,comment,https://www.reddit.com/r/applemaps/comments/1ohg33k/how_to_send_directions_from_macos_to_iphone/,1761575768.0,2025-10-27 09:36:08,,,"https://preview.redd.it/ayuwl3scd0yf1.png?width=3092&amp;format=png&amp;auto=webp&amp;s=dacaf6baed272af7452c9b5f97d946697954ad8b

click on this share button in the top left of the window or you can click on a poi, expand it by clicking the i button, then using the share button from there. there will be options at the top of the list for each device. i had signed out of icloud today to solve some find my issues, but they are not appearing even after logging back in. as of right now, it only works for ios 7-10/11. i got a friend to test on their devices and it worked on ios 9 but not ios 12. youll just have to look up the route manually for anything later. you can also use the share button without setting up a route. doing so will simply send the current map view to the idevice, with no route."
post_1ogkl3k,1ogkl3k,reddit,applemaps,post,https://www.reddit.com/r/applemaps/comments/1ogkl3k/apple_reportedly_moving_ahead_with_ads_in_maps_app/,1761485199.0,2025-10-26 08:26:39,211.0,62.0,"Apple Reportedly Moving Ahead With Ads in Maps App

Good idea?"
comment_1ogkl3k_0,1ogkl3k,reddit,applemaps,comment,https://www.reddit.com/r/applemaps/comments/1ogkl3k/apple_reportedly_moving_ahead_with_ads_in_maps_app/,1761485199.0,2025-10-26 08:26:39,,,The enshittification of everything continues smh
comment_1ogkl3k_1,1ogkl3k,reddit,applemaps,comment,https://www.reddit.com/r/applemaps/comments/1ogkl3k/apple_reportedly_moving_ahead_with_ads_in_maps_app/,1761485199.0,2025-10-26 08:26:39,,,Aren’t they profitable enough. My God
comment_1ogkl3k_2,1ogkl3k,reddit,applemaps,comment,https://www.reddit.com/r/applemaps/comments/1ogkl3k/apple_reportedly_moving_ahead_with_ads_in_maps_app/,1761485199.0,2025-10-26 08:26:39,,,"Apple doesn’t have better data, they compete with other maps apps on experience. Experience is all they have. Their current ad strategy (pay up front for the device, experience no ads in usage of Apple apps) is a differentiator, but if they go through with this they will be like every single other maps app. Also, Apple is not good at the invasive practices that make ads lucrative. I cannot imagine it will be a good experience for their users (us) or their customers (businesses).

I wonder if they don’t show ads if you have iCloud plus or something. This is crazy."
comment_1ogkl3k_3,1ogkl3k,reddit,applemaps,comment,https://www.reddit.com/r/applemaps/comments/1ogkl3k/apple_reportedly_moving_ahead_with_ads_in_maps_app/,1761485199.0,2025-10-26 08:26:39,,,"Depends how it’s implemented, but somewhere between ‘I don’t notice’ and ‘I’m going back to google maps’"
comment_1ogkl3k_4,1ogkl3k,reddit,applemaps,comment,https://www.reddit.com/r/applemaps/comments/1ogkl3k/apple_reportedly_moving_ahead_with_ads_in_maps_app/,1761485199.0,2025-10-26 08:26:39,,,"Is it a good idea, no. Given that it is only for business to come to the top when searching I can probably live with it. That kind of advertising hasn’t prevented me from doing what I need to do on the App Store."
comment_1ogkl3k_5,1ogkl3k,reddit,applemaps,comment,https://www.reddit.com/r/applemaps/comments/1ogkl3k/apple_reportedly_moving_ahead_with_ads_in_maps_app/,1761485199.0,2025-10-26 08:26:39,,,"I want to like Apple Maps; I’ve tried it out multiple times over the years. In the US, I feel like it’s kind of caught up but in Thailand it’s terrible. 

If AM introduces ads and it’s just the same experience I just won’t use it nor try it out again. It’s inconsistent and feature lacking. 

I wish we could get something like A Maps in China, in Shang Hai it literally tells you the exact lane to be in and how many seconds until a green light. These US companies trying to get paid for less (innovation) is a disappointment."
comment_1ogkl3k_6,1ogkl3k,reddit,applemaps,comment,https://www.reddit.com/r/applemaps/comments/1ogkl3k/apple_reportedly_moving_ahead_with_ads_in_maps_app/,1761485199.0,2025-10-26 08:26:39,,,Good idea if the goal is to make all users stop using it
comment_1ogkl3k_7,1ogkl3k,reddit,applemaps,comment,https://www.reddit.com/r/applemaps/comments/1ogkl3k/apple_reportedly_moving_ahead_with_ads_in_maps_app/,1761485199.0,2025-10-26 08:26:39,,,HECK NO
comment_1ogkl3k_8,1ogkl3k,reddit,applemaps,comment,https://www.reddit.com/r/applemaps/comments/1ogkl3k/apple_reportedly_moving_ahead_with_ads_in_maps_app/,1761485199.0,2025-10-26 08:26:39,,,"Welp, I had switched over from Google Maps a few years ago, but I’m happy to switch back or find an alternative."
comment_1ogkl3k_9,1ogkl3k,reddit,applemaps,comment,https://www.reddit.com/r/applemaps/comments/1ogkl3k/apple_reportedly_moving_ahead_with_ads_in_maps_app/,1761485199.0,2025-10-26 08:26:39,,,Ads will probably not be noticeable.
comment_1ogkl3k_10,1ogkl3k,reddit,applemaps,comment,https://www.reddit.com/r/applemaps/comments/1ogkl3k/apple_reportedly_moving_ahead_with_ads_in_maps_app/,1761485199.0,2025-10-26 08:26:39,,,If it’s just the same as Google already does then this is a non-issue.
comment_1ogkl3k_11,1ogkl3k,reddit,applemaps,comment,https://www.reddit.com/r/applemaps/comments/1ogkl3k/apple_reportedly_moving_ahead_with_ads_in_maps_app/,1761485199.0,2025-10-26 08:26:39,,,"Sounds like a great idea, alienate everybody so they stop using it instead of implementing features you announced 6 years ago that still haven’t reached even the UK.

Things that Apple could do instead:

Full Review System

Sharable Lists

LOOK AROUND

map editing that doesn’t require review

Drawable/Moveable routes

But no, let’s push Ads…"
comment_1ogkl3k_12,1ogkl3k,reddit,applemaps,comment,https://www.reddit.com/r/applemaps/comments/1ogkl3k/apple_reportedly_moving_ahead_with_ads_in_maps_app/,1761485199.0,2025-10-26 08:26:39,,,"I will say something else. If they make maps with ads, then it will be an another measurement of their priorities. Big countries (or cities) will be not affected so much, but other countries may stop being on their priorities because they don’t make money from businesses there. With this Apple may not update their maps data or look around data or even not adding new countries because it will be not profitable from ads. Apple Maps should not implement advertisements on their app and specifically not on search suggestions."
comment_1ogkl3k_13,1ogkl3k,reddit,applemaps,comment,https://www.reddit.com/r/applemaps/comments/1ogkl3k/apple_reportedly_moving_ahead_with_ads_in_maps_app/,1761485199.0,2025-10-26 08:26:39,,,Noooooooooooo
comment_1ogkl3k_14,1ogkl3k,reddit,applemaps,comment,https://www.reddit.com/r/applemaps/comments/1ogkl3k/apple_reportedly_moving_ahead_with_ads_in_maps_app/,1761485199.0,2025-10-26 08:26:39,,,"Enshittifcation is a plague regardless, but the one area that makes my blood boil more than anything is built in apps. It’s fucking insane that I could just…play Solitaire on Windows XP, while the Microsoft Solitaire on Windows 10 is an adridden piece of garbage that barely works without a connection to the internet. I get it to some extent for streaming services, where the initial price was obviously too cheap to have ever made the service profitable. But for built in apps on an expensive device it’s beyond the pale."
comment_1ogkl3k_15,1ogkl3k,reddit,applemaps,comment,https://www.reddit.com/r/applemaps/comments/1ogkl3k/apple_reportedly_moving_ahead_with_ads_in_maps_app/,1761485199.0,2025-10-26 08:26:39,,,So disappointing.
comment_1ogkl3k_16,1ogkl3k,reddit,applemaps,comment,https://www.reddit.com/r/applemaps/comments/1ogkl3k/apple_reportedly_moving_ahead_with_ads_in_maps_app/,1761485199.0,2025-10-26 08:26:39,,,I use Soara!
comment_1ogkl3k_17,1ogkl3k,reddit,applemaps,comment,https://www.reddit.com/r/applemaps/comments/1ogkl3k/apple_reportedly_moving_ahead_with_ads_in_maps_app/,1761485199.0,2025-10-26 08:26:39,,,im living the dream on os x 10.9 😎
comment_1ogkl3k_18,1ogkl3k,reddit,applemaps,comment,https://www.reddit.com/r/applemaps/comments/1ogkl3k/apple_reportedly_moving_ahead_with_ads_in_maps_app/,1761485199.0,2025-10-26 08:26:39,,,I wonder if there’s a way to stay on iOS 18 indefinitely. Like would it be possible to back port security updates to it?
comment_1ogkl3k_19,1ogkl3k,reddit,applemaps,comment,https://www.reddit.com/r/applemaps/comments/1ogkl3k/apple_reportedly_moving_ahead_with_ads_in_maps_app/,1761485199.0,2025-10-26 08:26:39,,,I am moving ahead with a different app then.
comment_1ogkl3k_20,1ogkl3k,reddit,applemaps,comment,https://www.reddit.com/r/applemaps/comments/1ogkl3k/apple_reportedly_moving_ahead_with_ads_in_maps_app/,1761485199.0,2025-10-26 08:26:39,,,I’ve never really minded these kinds of ads. I’ve found a lot of useful sites from Google’s sponsored listings and this seems similar
comment_1ogkl3k_21,1ogkl3k,reddit,applemaps,comment,https://www.reddit.com/r/applemaps/comments/1ogkl3k/apple_reportedly_moving_ahead_with_ads_in_maps_app/,1761485199.0,2025-10-26 08:26:39,,,Guys. WAZE.
comment_1ogkl3k_22,1ogkl3k,reddit,applemaps,comment,https://www.reddit.com/r/applemaps/comments/1ogkl3k/apple_reportedly_moving_ahead_with_ads_in_maps_app/,1761485199.0,2025-10-26 08:26:39,,,I live in a country where Apple Map is useless anyway and does not work so I deleted that piece of trash already.
comment_1ogkl3k_23,1ogkl3k,reddit,applemaps,comment,https://www.reddit.com/r/applemaps/comments/1ogkl3k/apple_reportedly_moving_ahead_with_ads_in_maps_app/,1761485199.0,2025-10-26 08:26:39,,,Apple fell the fuck off
comment_1ogkl3k_24,1ogkl3k,reddit,applemaps,comment,https://www.reddit.com/r/applemaps/comments/1ogkl3k/apple_reportedly_moving_ahead_with_ads_in_maps_app/,1761485199.0,2025-10-26 08:26:39,,,"Can we have a ‘Avoid U-Turn’ option, please? 
I swear they’re u-turn obsessed."
comment_1ogkl3k_25,1ogkl3k,reddit,applemaps,comment,https://www.reddit.com/r/applemaps/comments/1ogkl3k/apple_reportedly_moving_ahead_with_ads_in_maps_app/,1761485199.0,2025-10-26 08:26:39,,,"Another reason for me to continue to use Google maps, besides the fact that Google maps is just better overall"
comment_1ogkl3k_26,1ogkl3k,reddit,applemaps,comment,https://www.reddit.com/r/applemaps/comments/1ogkl3k/apple_reportedly_moving_ahead_with_ads_in_maps_app/,1761485199.0,2025-10-26 08:26:39,,,I’d genuinely switch to Android if they did that
post_1ofgxx3,1ofgxx3,reddit,applemaps,post,https://www.reddit.com/r/applemaps/comments/1ofgxx3/english_voice_uk/,1761361432.0,2025-10-24 22:03:52,0.0,4.0,"English Voice (UK)

Why have Apple chosen a ""UK accent"", probably only used by a few hundred thousand people in south London, for their Apple Maps voice directions? Surely something more prevalent and less ghetto would suite the brand better?"
comment_1ofgxx3_0,1ofgxx3,reddit,applemaps,comment,https://www.reddit.com/r/applemaps/comments/1ofgxx3/english_voice_uk/,1761361432.0,2025-10-24 22:03:52,,,I like having this UK voice. It sounds bloody proper!
comment_1ofgxx3_1,1ofgxx3,reddit,applemaps,comment,https://www.reddit.com/r/applemaps/comments/1ofgxx3/english_voice_uk/,1761361432.0,2025-10-24 22:03:52,,,What are you talking about? There are four UK voices. 1 and 2 are Received Pronunciation. Voice 3 is northern/midlands (maybe around Sunderland?). Only voice 4 sounds anything like Multicultural London English (MLE)
comment_1ofgxx3_2,1ofgxx3,reddit,applemaps,comment,https://www.reddit.com/r/applemaps/comments/1ofgxx3/english_voice_uk/,1761361432.0,2025-10-24 22:03:52,,,Apple Maps voice is dependent on your Siri voice on device
post_1ofa4am,1ofa4am,reddit,applemaps,post,https://www.reddit.com/r/applemaps/comments/1ofa4am/when_does_apple_maps_automatically_end_a_route/,1761341630.0,2025-10-24 16:33:50,9.0,5.0,"When does Apple Maps automatically end a route?

I’ve adjusted Home to take a parking space about a three minute walk away into consideration and when driving to my “adjusted” Home, Navi with stop while I still have about a one minute drive to go before my parking space. 

If I speak to Siri to navigate “home”, Maps ignores my preference for Home and routes me to my front door constantly telling me to make a U turn while in my parking lot. Also, all suggestions to get Home are always a pin to my front door and not the Home icon. 

Lastly, when navigating to work, the route never ends, even when I’m in the building. I must actually tap End Route to stop the navigation. 

What’s happening here?"
comment_1ofa4am_0,1ofa4am,reddit,applemaps,comment,https://www.reddit.com/r/applemaps/comments/1ofa4am/when_does_apple_maps_automatically_end_a_route/,1761341630.0,2025-10-24 16:33:50,,,"Explain what you mean by “I’ve adjusted Home”

Siri uses the address marked as home in your contact card, not the favorite place marked Home in Maps"
post_1oewjtb,1oewjtb,reddit,applemaps,post,https://www.reddit.com/r/applemaps/comments/1oewjtb/do_you_believe_apple_should_implement_their_own/,1761309346.0,2025-10-24 07:35:46,60.0,14.0,"Do you believe Apple should implement their own Review System?

Just curious if people’s opinions changed. For me, I love the look and functionality of Apple Maps, but when it comes to looking up new places and reviews to places, I still go to Google Maps. I’ve found with yelp, there is no whereas much reviews (usually the reviews found are quite old) and I’m not a big fan of needing to download the yelp app to get more info. It would be nice imo if Apple Maps had their own review system."
comment_1oewjtb_0,1oewjtb,reddit,applemaps,comment,https://www.reddit.com/r/applemaps/comments/1oewjtb/do_you_believe_apple_should_implement_their_own/,1761309346.0,2025-10-24 07:35:46,,,Same.   Apple Maps has a lot of positives from look and feel to verbal instructions.  But for looking stuff up and reliability I always go to google.  I have hundreds of locations pinned.
comment_1oewjtb_1,1oewjtb,reddit,applemaps,comment,https://www.reddit.com/r/applemaps/comments/1oewjtb/do_you_believe_apple_should_implement_their_own/,1761309346.0,2025-10-24 07:35:46,,,"Apple added it's own rating system to Maps in iOS 14. Their ratings are thumbs up/down only with no written reviews. You may only be able to give a single overall rating, or you may be able to rate a few different categories depending on the business.

A native Apple Maps rating will only replace Yelp, TripAdvisor, or whichever service was previously there after enough ratings and pictures have been collected. Apple determines what is ""enough"" on a case by case basis.

I never click through to read the Yelp reviews. I only look at the number, and I don't have great confidence in those anyway. TripAdvisor reviews don't show up in Maps very often, but I don't click through to those either. That's a site I use for research on my desktop before I travel to a new location. I use Google to make decisions once I'm actually there.

There is nothing Apple could ever do to make me stop using Google reviews. Any ratings they have are only a second opinion to reinforce what I have already seen on Google. If the ratings don't agree, Google always wins.

I don't need everything to be in a single app. I prefer to use the best tool for the job which is Apple for navigation and Google for browsing to find places and reading reviews."
comment_1oewjtb_2,1oewjtb,reddit,applemaps,comment,https://www.reddit.com/r/applemaps/comments/1oewjtb/do_you_believe_apple_should_implement_their_own/,1761309346.0,2025-10-24 07:35:46,,,Apple has a thumbs up / down based review system in many countries already. Do you mean text based?
comment_1oewjtb_3,1oewjtb,reddit,applemaps,comment,https://www.reddit.com/r/applemaps/comments/1oewjtb/do_you_believe_apple_should_implement_their_own/,1761309346.0,2025-10-24 07:35:46,,,"It would be nice to remove any reliance on Yelp or anything else and run it all in house, but I doubt they want that much involvement or they would have done it already."
comment_1oewjtb_4,1oewjtb,reddit,applemaps,comment,https://www.reddit.com/r/applemaps/comments/1oewjtb/do_you_believe_apple_should_implement_their_own/,1761309346.0,2025-10-24 07:35:46,,,Apple has no desire to moderate any kind of social interactions so I doubt this will ever become a thing. If they could get away with it on the App Store I don’t think they’d have written reviews there either.
comment_1oewjtb_5,1oewjtb,reddit,applemaps,comment,https://www.reddit.com/r/applemaps/comments/1oewjtb/do_you_believe_apple_should_implement_their_own/,1761309346.0,2025-10-24 07:35:46,,,"Man… reviews are really helpful. The implementation that google maps has is amazing. You can check what most real people recently have experienced in some places to give you a sense of what to expect. Apple Maps could take off if they let their products work for their customers where they could interact, albeit in a limited way."
comment_1oewjtb_6,1oewjtb,reddit,applemaps,comment,https://www.reddit.com/r/applemaps/comments/1oewjtb/do_you_believe_apple_should_implement_their_own/,1761309346.0,2025-10-24 07:35:46,,,No
comment_1oewjtb_7,1oewjtb,reddit,applemaps,comment,https://www.reddit.com/r/applemaps/comments/1oewjtb/do_you_believe_apple_should_implement_their_own/,1761309346.0,2025-10-24 07:35:46,,,I much prefer the thumbs up thumbs down and photos they have now. Also most reviews on the internet are fake and written by ai.
comment_1oewjtb_8,1oewjtb,reddit,applemaps,comment,https://www.reddit.com/r/applemaps/comments/1oewjtb/do_you_believe_apple_should_implement_their_own/,1761309346.0,2025-10-24 07:35:46,,,Yes
comment_1oewjtb_9,1oewjtb,reddit,applemaps,comment,https://www.reddit.com/r/applemaps/comments/1oewjtb/do_you_believe_apple_should_implement_their_own/,1761309346.0,2025-10-24 07:35:46,,,"No, I like the cleaner interface."
post_1obn4gb,1obn4gb,reddit,applemaps,post,https://www.reddit.com/r/applemaps/comments/1obn4gb/i_use_windows_can_i_still_update_business_info_on/,1760978072.0,2025-10-20 11:34:32,3.0,2.0,"I use Windows, can I still update business info on Apple maps?

I use Windows, can I still update business info on Apple maps?

Line"
comment_1obn4gb_0,1obn4gb,reddit,applemaps,comment,https://www.reddit.com/r/applemaps/comments/1obn4gb/i_use_windows_can_i_still_update_business_info_on/,1760978072.0,2025-10-20 11:34:32,,,You can only via Business Connect for your business but you can’t submit issues yet on the web app for others as it’s still in beta.
comment_1obn4gb_1,1obn4gb,reddit,applemaps,comment,https://www.reddit.com/r/applemaps/comments/1obn4gb/i_use_windows_can_i_still_update_business_info_on/,1760978072.0,2025-10-20 11:34:32,,,"[businessconnect.apple.com](http://businessconnect.apple.com)

[maps.apple.com](http://maps.apple.com)"
post_1ob4q14,1ob4q14,reddit,applemaps,post,https://www.reddit.com/r/applemaps/comments/1ob4q14/apple_maps_issue/,1760917161.0,2025-10-19 18:39:21,0.0,3.0,"Apple Maps Issue?

So, I was messing around in Maps but I saw that the compass that shows the direction is incorrect, N and S are correct but W and E are swapped, it can be seen in the video but I think that might be something that should be patched… for future reference, the order is always “We,” not “Ew”"
comment_1ob4q14_0,1ob4q14,reddit,applemaps,comment,https://www.reddit.com/r/applemaps/comments/1ob4q14/apple_maps_issue/,1760917161.0,2025-10-19 18:39:21,,,"The compass is correct. As with any compass, the red arrow is showing where north is in relation to the direction of travel. If north is to your right, you’re facing west."
comment_1ob4q14_1,1ob4q14,reddit,applemaps,comment,https://www.reddit.com/r/applemaps/comments/1ob4q14/apple_maps_issue/,1760917161.0,2025-10-19 18:39:21,,,"The compass is correct.  The large letter is the direction ‘you’ are facing, and the red arrow is north."
comment_1ob4q14_2,1ob4q14,reddit,applemaps,comment,https://www.reddit.com/r/applemaps/comments/1ob4q14/apple_maps_issue/,1760917161.0,2025-10-19 18:39:21,,,"Shit, I was so tired I forgot how compasses work, that makes sense now. That’s on me, apologies"
post_1ob0b2s,1ob0b2s,reddit,applemaps,post,https://www.reddit.com/r/applemaps/comments/1ob0b2s/transit_in_sofia_potentially_coming_soon/,1760905963.0,2025-10-19 15:32:43,14.0,0.0,"Transit in Sofia potentially coming soon?

On the 17th October 2025, Sofia’s urban mobility data became open to the public, signalling that transit information may soon come to Apple Maps as it’s a core requirement. BDZ (Bulgaria’s National Railway company) is also proposing to make its data open source as well which can lead to entire country coverage. The only question is how long we have to wait."
post_1oawps5,1oawps5,reddit,applemaps,post,https://www.reddit.com/r/applemaps/comments/1oawps5/visited_places/,1760897604.0,2025-10-19 13:13:24,1.0,1.0,"Visited Places

Hi, do you know when the Apple Maps Places visited feature will arrive in Europe? as a timeline?"
comment_1oawps5_0,1oawps5,reddit,applemaps,comment,https://www.reddit.com/r/applemaps/comments/1oawps5/visited_places/,1760897604.0,2025-10-19 13:13:24,,,Nobody except Apple and EU knows.
post_1o9zb6n,1o9zb6n,reddit,applemaps,post,https://www.reddit.com/r/applemaps/comments/1o9zb6n/why_is_google_maps_better_or_is_it_just_me_being/,1760802561.0,2025-10-18 10:49:21,15.0,51.0,"Why is Google Maps better? (or is it just me being dumb)

I hate using Google services, and have been removing them from my life. The other day, I entered an address into Apple Maps... 1hr minimum was the best route due to traffic.

My friend put it into their phone (Google Maps)... 40min with a route not even available on Apple.

Yeah, we used Google Maps.

And now I'm debating selling my soul back to Google for maps.

I checked the settings to see if I had anything that was ""preventing"" all routes being presented, but all looks good. I'd be interested to hear if anyone else has experienced the same, and if it's just soemthing we need to accept when using Apple Maps."
comment_1o9zb6n_0,1o9zb6n,reddit,applemaps,comment,https://www.reddit.com/r/applemaps/comments/1o9zb6n/why_is_google_maps_better_or_is_it_just_me_being/,1760802561.0,2025-10-18 10:49:21,,,"The results you get will depend on the area. Google is better than Apple in some areas while Apple is in others. If you find Google giving you better results in your area stick to Google, at least for now."
comment_1o9zb6n_1,1o9zb6n,reddit,applemaps,comment,https://www.reddit.com/r/applemaps/comments/1o9zb6n/why_is_google_maps_better_or_is_it_just_me_being/,1760802561.0,2025-10-18 10:49:21,,,Apple Maps has the best verbal instructions hands down
comment_1o9zb6n_2,1o9zb6n,reddit,applemaps,comment,https://www.reddit.com/r/applemaps/comments/1o9zb6n/why_is_google_maps_better_or_is_it_just_me_being/,1760802561.0,2025-10-18 10:49:21,,,"… did it take you 40 minutes to get there. 

In my experience Google tends to be over optimistic. Apple more realistic"
comment_1o9zb6n_3,1o9zb6n,reddit,applemaps,comment,https://www.reddit.com/r/applemaps/comments/1o9zb6n/why_is_google_maps_better_or_is_it_just_me_being/,1760802561.0,2025-10-18 10:49:21,,,"&gt;Why is Google Maps better? 

Google Maps is not better for navigation in the US, but it is better in some other countries. It used to be better, but that has not been the case in a very long time. I used Google Maps from 2008 - 2015, then Apple Maps from 2015 - 2025.

Google Maps is better for looking up points of interest, businesses, and for reading reviews of those places. There's really no excuse for Apple not to have all the same places listed as Google does, but Google has significantly better reviews due to a much larger and more active user base, and a couple decades more time than Apple collecting reviews."
comment_1o9zb6n_4,1o9zb6n,reddit,applemaps,comment,https://www.reddit.com/r/applemaps/comments/1o9zb6n/why_is_google_maps_better_or_is_it_just_me_being/,1760802561.0,2025-10-18 10:49:21,,,"I also share the same thoughts on Google Maps. I love the clarity and minimal UI of Apple Maps but Google just has more data to pull from users on top of their Waze users. 

I use turn on google in the background to guide me while using Apple Maps to reroute to the Google route as a workaround."
comment_1o9zb6n_5,1o9zb6n,reddit,applemaps,comment,https://www.reddit.com/r/applemaps/comments/1o9zb6n/why_is_google_maps_better_or_is_it_just_me_being/,1760802561.0,2025-10-18 10:49:21,,,"One of the other tricky things about navigation in either of these apps is that traffic data is crowdsourced, so the accuracy sometimes comes down to how many other people are using iPhones or Android phones in your area (and along your route). 

For example, if there are mostly iPhone users along a route, then Google Maps won't see any traffic slowdowns or stoppages, and will think that's a faster route — and vice-versa for Apple Maps routing and a route filled primarily with Android users. 

I've run into this on several occasions in Toronto. Highways tend to be busy enough that there's usually enough of a mix of both, but I've sat in traffic jams on in-town streets where one of the apps has shown a solid red line while the other thinks it's clear sailing — and it's never been consistently one or the other, as it really just varies depending on who's in front of you and which smartphones they're using (if any), and whether they're reporting in traffic data."
comment_1o9zb6n_6,1o9zb6n,reddit,applemaps,comment,https://www.reddit.com/r/applemaps/comments/1o9zb6n/why_is_google_maps_better_or_is_it_just_me_being/,1760802561.0,2025-10-18 10:49:21,,,Did it actually take forty mins? (Asking honestly.) I’ve had experiences in the past where Google Maps has given me a route but the traffic predictions haven’t factored accurately at all and it’s taken just as long as Apple has predicted in the first place.
comment_1o9zb6n_7,1o9zb6n,reddit,applemaps,comment,https://www.reddit.com/r/applemaps/comments/1o9zb6n/why_is_google_maps_better_or_is_it_just_me_being/,1760802561.0,2025-10-18 10:49:21,,,"Interesting since I’m a diehard Apple fan. But recently I moved from one part of Denmark to another, and suddenly several addresses or routes simply doesn’t exist on Apple Maps. Like the address to a pharmacy lead me to a completely wrong city with Apple Maps. 

I’m really considering changing to Google Maps. Just never had this issue - before I moved."
comment_1o9zb6n_8,1o9zb6n,reddit,applemaps,comment,https://www.reddit.com/r/applemaps/comments/1o9zb6n/why_is_google_maps_better_or_is_it_just_me_being/,1760802561.0,2025-10-18 10:49:21,,,"Me personally, never experienced this

Also, mapping services also have different policies around their communication with local authorities

Waze for instance doesn’t do so at all, endless a given road has banned through traffic, it’s going to count that road as any other

Apple and google to varying degree however cooperate with local governments to not send insane amount of through traffic down say, a neighborhood street, just to save 30 seconds

The other is simple differences in calculation, and the data that calculation is built on. Apple Maps might have added say 5 min to its calculation as a buffer so you don’t get upset with it, google might do 2.5 minutes, ect. They also could be using two different sets of data in regards to current amount of people on the roads and their average speed"
comment_1o9zb6n_9,1o9zb6n,reddit,applemaps,comment,https://www.reddit.com/r/applemaps/comments/1o9zb6n/why_is_google_maps_better_or_is_it_just_me_being/,1760802561.0,2025-10-18 10:49:21,,,"google maps is great! the app from the app store still fully works on my ios 6 iphone 4/4s. apple shut down the servers for ios 6 and ios 7 so you need to be jailbroken to fix it. even then its still half broken with rendering issues. google maps has no issues, even the default preinstalled maps app on ios 5 which uses google maps works!"
comment_1o9zb6n_10,1o9zb6n,reddit,applemaps,comment,https://www.reddit.com/r/applemaps/comments/1o9zb6n/why_is_google_maps_better_or_is_it_just_me_being/,1760802561.0,2025-10-18 10:49:21,,,"Google maps has a lot more up to date information and detail in the world. Apple Maps only works well in the USA. Google maps not only has the information of most businesses, it constantly updates. In LatAm Apple Maps does not have anything updated and searching something by address is a miss all the time. I have to lookup the name of the place instead of the address because of this. 

Google plays well with the world. Apple only with “1st world countries”. 

Also, google has transit routes. Apple does not in many countries. It only helps travel by car, if anything. I only use it to set a walking route and look it up in my watch because it does not let google show it."
comment_1o9zb6n_11,1o9zb6n,reddit,applemaps,comment,https://www.reddit.com/r/applemaps/comments/1o9zb6n/why_is_google_maps_better_or_is_it_just_me_being/,1760802561.0,2025-10-18 10:49:21,,,Recently switched to Apple Maps because Google Maps is slow at showing the next turn. Experienced this in southern San Fran Silicon Valley. Much better experience with showing next turn after the current turn
comment_1o9zb6n_12,1o9zb6n,reddit,applemaps,comment,https://www.reddit.com/r/applemaps/comments/1o9zb6n/why_is_google_maps_better_or_is_it_just_me_being/,1760802561.0,2025-10-18 10:49:21,,,"I have Apple Maps active for voiced turn-by-turn guidance, but, at the same time, I often keep Google Maps on my CarPlay screen because I slightly prefer its graphics."
comment_1o9zb6n_13,1o9zb6n,reddit,applemaps,comment,https://www.reddit.com/r/applemaps/comments/1o9zb6n/why_is_google_maps_better_or_is_it_just_me_being/,1760802561.0,2025-10-18 10:49:21,,,"I prefer Apple Maps.  
I only use google maps when looking up a business or place."
comment_1o9zb6n_14,1o9zb6n,reddit,applemaps,comment,https://www.reddit.com/r/applemaps/comments/1o9zb6n/why_is_google_maps_better_or_is_it_just_me_being/,1760802561.0,2025-10-18 10:49:21,,,"Waze is now owned by google, it used to be a better option in the Middle East. I didn’t use it recently after google took over"
comment_1o9zb6n_15,1o9zb6n,reddit,applemaps,comment,https://www.reddit.com/r/applemaps/comments/1o9zb6n/why_is_google_maps_better_or_is_it_just_me_being/,1760802561.0,2025-10-18 10:49:21,,,"I used to use Google for everything back in a day. Then the ads and data grab happened to be more prelevant than before so I cut it out completely. So I use apple maps and all of their services since. Apple maps is far superior in some ways and in some, Google is better. Exactly as all pointed out - businesses and that I struggle to find them via apple maps. But I got a safari extension which gets the address to apple maps instead of Google and it always worked. 
Traffic, it shows fairly well in my city ( and we are 5 mil country). And I just can't stand the buttons, and the whole graphical design of Google. 
On top of that. Apple updates countries - mine is semi done so soon we'll have it even better"
comment_1o9zb6n_16,1o9zb6n,reddit,applemaps,comment,https://www.reddit.com/r/applemaps/comments/1o9zb6n/why_is_google_maps_better_or_is_it_just_me_being/,1760802561.0,2025-10-18 10:49:21,,,i prefer using Apple Maps when dealing with public transit since it does account for unplanned service changes and some shuttle bus routes in NYC while Google Maps just thinks that they don’t exist at all and you should consider just walking or take another mode of transit
comment_1o9zb6n_17,1o9zb6n,reddit,applemaps,comment,https://www.reddit.com/r/applemaps/comments/1o9zb6n/why_is_google_maps_better_or_is_it_just_me_being/,1760802561.0,2025-10-18 10:49:21,,,"It really depends where you use it. In my country, Google Maps is better, even if I try my best to help keep Apple Maps updated (though most of the time they just reject my feedback)."
comment_1o9zb6n_18,1o9zb6n,reddit,applemaps,comment,https://www.reddit.com/r/applemaps/comments/1o9zb6n/why_is_google_maps_better_or_is_it_just_me_being/,1760802561.0,2025-10-18 10:49:21,,,"I use Apple Maps if I have a general idea of where I’m going or it isn’t a time sensitive matter. It’s gotten better the last few years, but I’ve been burned too many times by Apple going to an incorrect address or just bad routing. 

Google consistently goes to the right place in a timely manner, so I use this on long road trips or when I need to be somewhere on time and in the right location. Also use Google Maps when looking for restaurants or stores I need to go to, can’t deal with the yelp bs

Apple Maps has better coordination with other Apple stuff, like calendar, so I can quickly tap the address when it pops up on the screen."
comment_1o9zb6n_19,1o9zb6n,reddit,applemaps,comment,https://www.reddit.com/r/applemaps/comments/1o9zb6n/why_is_google_maps_better_or_is_it_just_me_being/,1760802561.0,2025-10-18 10:49:21,,,"I’ll just assume it’s better simply because it has more data feedback from users worldwide.

I vastly prefer Google Maps, but particularly because of reviews and business times details are much more up to date than Apple Maps.

In terms of navigation Google Maps has worked much better for me in the Mexico and Japan, with it being a tie in the US. YMMV."
comment_1o9zb6n_20,1o9zb6n,reddit,applemaps,comment,https://www.reddit.com/r/applemaps/comments/1o9zb6n/why_is_google_maps_better_or_is_it_just_me_being/,1760802561.0,2025-10-18 10:49:21,,,"No matter what, navigation experience is best ok apple maps. The lane guidance is unmatched."
comment_1o9zb6n_21,1o9zb6n,reddit,applemaps,comment,https://www.reddit.com/r/applemaps/comments/1o9zb6n/why_is_google_maps_better_or_is_it_just_me_being/,1760802561.0,2025-10-18 10:49:21,,,I had this issue with public transportation but the opposite. Google was telling me to take a certain line with transfers whereas Apple gave me another line without transfers and was actually easier since it was direct.
comment_1o9zb6n_22,1o9zb6n,reddit,applemaps,comment,https://www.reddit.com/r/applemaps/comments/1o9zb6n/why_is_google_maps_better_or_is_it_just_me_being/,1760802561.0,2025-10-18 10:49:21,,,"You’re not ‘selling your soul’ when using a product, just use whatever tool works best for you. Here in the Apple Maps subreddit there are obviously way more Apple Maps users so will steer you towards it (including myself 😁)."
comment_1o9zb6n_23,1o9zb6n,reddit,applemaps,comment,https://www.reddit.com/r/applemaps/comments/1o9zb6n/why_is_google_maps_better_or_is_it_just_me_being/,1760802561.0,2025-10-18 10:49:21,,,You don’t have to sell your soul just to use the most popular mapping app.
comment_1o9zb6n_24,1o9zb6n,reddit,applemaps,comment,https://www.reddit.com/r/applemaps/comments/1o9zb6n/why_is_google_maps_better_or_is_it_just_me_being/,1760802561.0,2025-10-18 10:49:21,,,I have my devices default to Google maps because it is still better than apple maps for most of what I use it for
comment_1o9zb6n_25,1o9zb6n,reddit,applemaps,comment,https://www.reddit.com/r/applemaps/comments/1o9zb6n/why_is_google_maps_better_or_is_it_just_me_being/,1760802561.0,2025-10-18 10:49:21,,,"Not to mention Apple products will reduce the efficiency of google maps. I remember having an android and swearing never to go back to using Apple Maps even if I got an iPhone later because it was so good, only to get an iPhone that Christmas and discover that it doesn’t work the same AT. ALL."
comment_1o9zb6n_26,1o9zb6n,reddit,applemaps,comment,https://www.reddit.com/r/applemaps/comments/1o9zb6n/why_is_google_maps_better_or_is_it_just_me_being/,1760802561.0,2025-10-18 10:49:21,,,"There have been multiple tests online that have determined all GPS apps are more or less the same at this point. So if you’re in the US then, yeah, there’s probably some internal bias there. 

However outside the US, Google has superior coverage (because they’ve been at it for so much longer) so it will be inherently more effective."
comment_1o9zb6n_27,1o9zb6n,reddit,applemaps,comment,https://www.reddit.com/r/applemaps/comments/1o9zb6n/why_is_google_maps_better_or_is_it_just_me_being/,1760802561.0,2025-10-18 10:49:21,,,"Apple maps sucks

Google is way way better. Every time I have tried using apple it has been a disaster"
post_1o99c58,1o99c58,reddit,applemaps,post,https://www.reddit.com/r/applemaps/comments/1o99c58/i_miss_the_feature_where_wallet_reports_were/,1760726074.0,2025-10-17 13:34:34,9.0,2.0,"I miss the feature where Wallet reports were automatically accepted when including an apple maps link

So in Apple wallet, some transactions will show the link in Apple Maps. When a transaction info was incorrect (incompete business name or category or etc), you could submit a report. When you included the Apple Maps link, the report was immediately accepted and reflected in wallet. I’m guessing this was done via some automated process where they cross checked the merchant name with the info pulled via Apple Maps. 

But that feature doesn’t work anymore and I feel like my wallet reports just go mostly ignored now ☹️"
comment_1o99c58_0,1o99c58,reddit,applemaps,comment,https://www.reddit.com/r/applemaps/comments/1o99c58/i_miss_the_feature_where_wallet_reports_were/,1760726074.0,2025-10-17 13:34:34,,,"Yeah I noticed that too, it’s really sad…"
comment_1o99c58_1,1o99c58,reddit,applemaps,comment,https://www.reddit.com/r/applemaps/comments/1o99c58/i_miss_the_feature_where_wallet_reports_were/,1760726074.0,2025-10-17 13:34:34,,,I actually never knew about this feature. Do you have screenshots so I can also send in feedback about it?
post_1o8zgwh,1o8zgwh,reddit,applemaps,post,https://www.reddit.com/r/applemaps/comments/1o8zgwh/liquid_glass_glitches/,1760702732.0,2025-10-17 07:05:32,3.0,1.0,"Liquid Glass Glitches

Do you think Apple is going to gradually fix the Liquid Glass interface issues which are consistently in Apple Maps across devices?

Here are a few I've noticed persist regardless of device used:

* When you pull the menu bar from the bottom gradually up, at one point it turns opaque from transparent, but the transition animation is glitchy and results in a perceived lag at that precise moment, every single time.
* During navigation, if you pull up the menu with ETAs slowly up, its framerate is severly low, maybe 10-15 FPS at most, even worse on older hardware. For both of these issues, even if you pull it full-speed, there's still a momentary animation glitch or frame drop at the very least.
* Since the whole menu system doesn't use a go ahead-back system like other apps but instead spawns and closes new layers, Liquid Glass renders every layer on top of the previous one, so if you are 2-3 layers deep when researching POIs for example, most of the transparency shows the blurred text from the other panes, rather than the map, which doesn't appear professional.

Nothing unusable really, but those are all consistent issues which are easy to replicate and appear within 5 minutes of using the app, I'm surprised they made it out of beta even."
comment_1o8zgwh_0,1o8zgwh,reddit,applemaps,comment,https://www.reddit.com/r/applemaps/comments/1o8zgwh/liquid_glass_glitches/,1760702732.0,2025-10-17 07:05:32,,,"As for that first point (the lag), yes this is definitely something that is occurring and something I can reproduce on multiple devices. Apple Stocks has a very similar ""page"" animation, but that has no lag at all. It's just something they need to work on, as well as the many other animations that don't work right.

The second point is also something that I have noticed. The lag was surprising the first time I saw it, because it's so obvious. The sheet literally pauses as you swipe up. Now, I know these are not show-stopping issues, but it's not very smooth and makes the phone feel much slower. I'm sure they'll try to fix them up over the course of iOS 26, but who knows."
post_1o8t3z2,1o8t3z2,reddit,applemaps,post,https://www.reddit.com/r/applemaps/comments/1o8t3z2/requirements_for_a_city_to_get_public_transport/,1760679474.0,2025-10-17 00:37:54,24.0,7.0,"Requirements for a city to get public transport support in Maps

My city (Sofia, Bulgaria) finally introduced a public API which publishes dynamic public transport information using the GTFS standard. There are already some open-source projects that make use of this API to display the lines, stops, schedules and even the real-time GPS location of all the vehicles on the network.
I was wondering whether this means that we might finally get support from Apple, as there are no longer any technical barriers and I imagine it would be simple to implement just like for all other cities in Europe and around the world. 
Is there a feedback form where I could submit a suggestion to the Apple Maps team, or should I wait for the New Map Data for Bulgaria which was captured over a year ago to be released before getting public transport directions?"
comment_1o8t3z2_0,1o8t3z2,reddit,applemaps,comment,https://www.reddit.com/r/applemaps/comments/1o8t3z2/requirements_for_a_city_to_get_public_transport/,1760679474.0,2025-10-17 00:37:54,,,I think it’s needs to be either  that approaches the city or country or the other way round. You could send the links of the data to Apple and see if they take a look at it though
comment_1o8t3z2_1,1o8t3z2,reddit,applemaps,comment,https://www.reddit.com/r/applemaps/comments/1o8t3z2/requirements_for_a_city_to_get_public_transport/,1760679474.0,2025-10-17 00:37:54,,,maps-transit@apple.com
comment_1o8t3z2_2,1o8t3z2,reddit,applemaps,comment,https://www.reddit.com/r/applemaps/comments/1o8t3z2/requirements_for_a_city_to_get_public_transport/,1760679474.0,2025-10-17 00:37:54,,,"Thank you for posting this! Sofia has had an impressively robust transit system for a while now (except for cleanliness but this is off-topic entirely); I remember it was probably over 10 years ago they launched the first website 'virtual boards' where you could check how long until the bus comes. Currently we have full support on Google Maps for example and the app is even displaying where the bus you're waiting for currently is.

I also find it rather 'unfair', for a lack of better word to think of, that Thessaloniki for example has had Apple Maps transit support for a while now, even though it's a much smaller city and I highly doubt their API-s are much easier to deal with."
post_1o85gry,1o85gry,reddit,applemaps,post,https://www.reddit.com/r/applemaps/comments/1o85gry/eta_sent_as_sms_and_not_over_app/,1760619510.0,2025-10-16 07:58:30,5.0,4.0,"ETA sent as SMS and not over App

Hi all,   
I bought myself new 17PM and my wife took my old 13PM, so now when I am willing to send ETA everything works as it should but when my wife sends me ETA it comes as SMS and I tried to see what was going on. 

In settings for iMessages I found that my phone number was not added to iMessages, after adding it now it shows myself as blue but still sending over iMessages and not Apple Maps, what should I try to see if it works."
comment_1o85gry_0,1o85gry,reddit,applemaps,comment,https://www.reddit.com/r/applemaps/comments/1o85gry/eta_sent_as_sms_and_not_over_app/,1760619510.0,2025-10-16 07:58:30,,,Restart your phone. Delete and reinstall maps.
comment_1o85gry_1,1o85gry,reddit,applemaps,comment,https://www.reddit.com/r/applemaps/comments/1o85gry/eta_sent_as_sms_and_not_over_app/,1760619510.0,2025-10-16 07:58:30,,,Try resetting the phones perhaps (having made a backup beforehand! ;-))
comment_1o85gry_2,1o85gry,reddit,applemaps,comment,https://www.reddit.com/r/applemaps/comments/1o85gry/eta_sent_as_sms_and_not_over_app/,1760619510.0,2025-10-16 07:58:30,,,"If you’re only showing as iMessage from the other phone, check that you have Maps turned on in your iCloud settings."
post_1o7zuu8,1o7zuu8,reddit,applemaps,post,https://www.reddit.com/r/applemaps/comments/1o7zuu8/why_arent_these_cities_in_méxico_covered_on_apple/,1760600021.0,2025-10-16 02:33:41,16.0,1.0,"why aren't these cities in méxico covered on apple maps yet?

i also noticed many rural parts aren't covered either"
comment_1o7zuu8_0,1o7zuu8,reddit,applemaps,comment,https://www.reddit.com/r/applemaps/comments/1o7zuu8/why_arent_these_cities_in_méxico_covered_on_apple/,1760600021.0,2025-10-16 02:33:41,,,Because they haven’t released [the data](https://maps.apple.com/imagecollection/) yet..
post_1o7297g,1o7297g,reddit,applemaps,post,https://www.reddit.com/r/applemaps/comments/1o7297g/why_apple_maps_blurs_the_house/,1760504895.0,2025-10-15 00:08:15,551.0,51.0,"Why Apple Maps blurs the house?

https://maps.apple/p/8AaWG-nP-rUXhv"
comment_1o7297g_0,1o7297g,reddit,applemaps,comment,https://www.reddit.com/r/applemaps/comments/1o7297g/why_apple_maps_blurs_the_house/,1760504895.0,2025-10-15 00:08:15,,,You can request this from Apple
comment_1o7297g_1,1o7297g,reddit,applemaps,comment,https://www.reddit.com/r/applemaps/comments/1o7297g/why_apple_maps_blurs_the_house/,1760504895.0,2025-10-15 00:08:15,,,It’s not just houses btw: certain buildings will be blurred for security reasons and local laws in various countries (eg: Greece has airports blurred)
comment_1o7297g_2,1o7297g,reddit,applemaps,comment,https://www.reddit.com/r/applemaps/comments/1o7297g/why_apple_maps_blurs_the_house/,1760504895.0,2025-10-15 00:08:15,,,It’s not blurry — it’s just from Minecraft
comment_1o7297g_3,1o7297g,reddit,applemaps,comment,https://www.reddit.com/r/applemaps/comments/1o7297g/why_apple_maps_blurs_the_house/,1760504895.0,2025-10-15 00:08:15,,,Home owners requested it preferring to have privacy.
comment_1o7297g_4,1o7297g,reddit,applemaps,comment,https://www.reddit.com/r/applemaps/comments/1o7297g/why_apple_maps_blurs_the_house/,1760504895.0,2025-10-15 00:08:15,,,Because the owner asked
comment_1o7297g_5,1o7297g,reddit,applemaps,comment,https://www.reddit.com/r/applemaps/comments/1o7297g/why_apple_maps_blurs_the_house/,1760504895.0,2025-10-15 00:08:15,,,if you're in the US go look at it from your county assessor's portal. sometimes I look the owners up on Iowa courts online too
comment_1o7297g_6,1o7297g,reddit,applemaps,comment,https://www.reddit.com/r/applemaps/comments/1o7297g/why_apple_maps_blurs_the_house/,1760504895.0,2025-10-15 00:08:15,,,Japanese and Turkish censoring
comment_1o7297g_7,1o7297g,reddit,applemaps,comment,https://www.reddit.com/r/applemaps/comments/1o7297g/why_apple_maps_blurs_the_house/,1760504895.0,2025-10-15 00:08:15,,,There is a building in NYC that looks kinda like this
comment_1o7297g_8,1o7297g,reddit,applemaps,comment,https://www.reddit.com/r/applemaps/comments/1o7297g/why_apple_maps_blurs_the_house/,1760504895.0,2025-10-15 00:08:15,,,"It’s not blur, it’s a Minecraft house! 😜"
comment_1o7297g_9,1o7297g,reddit,applemaps,comment,https://www.reddit.com/r/applemaps/comments/1o7297g/why_apple_maps_blurs_the_house/,1760504895.0,2025-10-15 00:08:15,,,Not privacy reasons for sure
comment_1o7297g_10,1o7297g,reddit,applemaps,comment,https://www.reddit.com/r/applemaps/comments/1o7297g/why_apple_maps_blurs_the_house/,1760504895.0,2025-10-15 00:08:15,,,He declined the cookies
comment_1o7297g_11,1o7297g,reddit,applemaps,comment,https://www.reddit.com/r/applemaps/comments/1o7297g/why_apple_maps_blurs_the_house/,1760504895.0,2025-10-15 00:08:15,,,It’s a Japanese home.
comment_1o7297g_12,1o7297g,reddit,applemaps,comment,https://www.reddit.com/r/applemaps/comments/1o7297g/why_apple_maps_blurs_the_house/,1760504895.0,2025-10-15 00:08:15,,,Great album cover
comment_1o7297g_13,1o7297g,reddit,applemaps,comment,https://www.reddit.com/r/applemaps/comments/1o7297g/why_apple_maps_blurs_the_house/,1760504895.0,2025-10-15 00:08:15,,,It’s NSFW
comment_1o7297g_14,1o7297g,reddit,applemaps,comment,https://www.reddit.com/r/applemaps/comments/1o7297g/why_apple_maps_blurs_the_house/,1760504895.0,2025-10-15 00:08:15,,,I have requested Google Maps to blur a street view image of my home.  I work for a local fire service and had a command vehicle home.  The street view showed the vehicle in my driveway.  I sent them a request and the vehicle has been removed from street view
comment_1o7297g_15,1o7297g,reddit,applemaps,comment,https://www.reddit.com/r/applemaps/comments/1o7297g/why_apple_maps_blurs_the_house/,1760504895.0,2025-10-15 00:08:15,,,How do you request it?
comment_1o7297g_16,1o7297g,reddit,applemaps,comment,https://www.reddit.com/r/applemaps/comments/1o7297g/why_apple_maps_blurs_the_house/,1760504895.0,2025-10-15 00:08:15,,,Minecraft invading Apple Maps.
comment_1o7297g_17,1o7297g,reddit,applemaps,comment,https://www.reddit.com/r/applemaps/comments/1o7297g/why_apple_maps_blurs_the_house/,1760504895.0,2025-10-15 00:08:15,,,"If you have a certain level of security clearance with the government they blur your address as well. 

Source: My coworker was in the 75th ranger regiment in the US AMRY, and they blurred his house on every map."
comment_1o7297g_18,1o7297g,reddit,applemaps,comment,https://www.reddit.com/r/applemaps/comments/1o7297g/why_apple_maps_blurs_the_house/,1760504895.0,2025-10-15 00:08:15,,,apple maps has street view???
comment_1o7297g_19,1o7297g,reddit,applemaps,comment,https://www.reddit.com/r/applemaps/comments/1o7297g/why_apple_maps_blurs_the_house/,1760504895.0,2025-10-15 00:08:15,,,Rtfm
post_1o6usxg,1o6usxg,reddit,applemaps,post,https://www.reddit.com/r/applemaps/comments/1o6usxg/machine_learning_engineer_apple_maps_navigation/,1760483250.0,2025-10-14 18:07:30,7.0,4.0,"Machine Learning Engineer - Apple Maps Navigation

I found this job posting at Apple Maps. It seems interesting (for the future), so I'm sharing it here."
comment_1o6usxg_0,1o6usxg,reddit,applemaps,comment,https://www.reddit.com/r/applemaps/comments/1o6usxg/machine_learning_engineer_apple_maps_navigation/,1760483250.0,2025-10-14 18:07:30,,,"How’s this any different from the tons of other Maps postings on their job site? 

Years ago there were a bunch of Ground Truth postings for various countries to verify POI’s but those haven’t been posted since."
comment_1o6usxg_1,1o6usxg,reddit,applemaps,comment,https://www.reddit.com/r/applemaps/comments/1o6usxg/machine_learning_engineer_apple_maps_navigation/,1760483250.0,2025-10-14 18:07:30,,,Hmm. Wonder why it’s in Switzerland.
post_1o5k05f,1o5k05f,reddit,applemaps,post,https://www.reddit.com/r/applemaps/comments/1o5k05f/route_recalculation_problem/,1760362811.0,2025-10-13 08:40:11,5.0,4.0,"Route recalculation problem

Hello. Today, while walking, Apple Maps wanted me to turn onto a street that was under road construction. Normally, I should have walked 200 meters and turned onto the next street. But as I kept walking, Apple Maps insisted that I turn onto the first street and couldn’t recalculate the route. Is there any setting I need to change to make the app recalculate the route, or is it a bug in Apple Maps?"
comment_1o5k05f_0,1o5k05f,reddit,applemaps,comment,https://www.reddit.com/r/applemaps/comments/1o5k05f/route_recalculation_problem/,1760362811.0,2025-10-13 08:40:11,,,Just keep walking the alternative way...that is how Maps adjusts the route for the next person.
post_1o5715k,1o5715k,reddit,applemaps,post,https://www.reddit.com/r/applemaps/comments/1o5715k/a_directions_fix_for_the_os_x_109_maps_app/,1760320253.0,2025-10-12 20:50:53,0.0,1.0,"A directions fix for the OS X 10.9 Maps app!

DOES NOT FIX ETA IN THE CALENDAR APP, SINCE IT IS REQUESTED BY THE ""CalendarAgent"" PROCESS WHICH IS NOT A COCOA APPLICATION, MEANING SIMBL CANNOT TARGET IT



basically apple had changed some things around in the directions.arpc endpoint and the server no longer understands the directions requests from os x 10.9, ios 6, and ios 7. someone has made a fix for ios 6/7 directions, but os x 10.9 is not ios and cydia substrate is not possible! as a result, i decided to use xcode to write a .bundle to use with SIMBL. head over to [mavericksforever.com](http://mavericksforever.com) to grab the SIMBL installer. it's simple to set up. all you have to do is run the pkg installer, sign out and sign back in, then place the .bundle file into /Library/Application Support/SIMBL/Plugins, where you should see the other .bundle plugins pre-installed. relaunch the maps app if you haven't already and directions will work!

if it fails to navigate and will only work when you drop a purple pin, enable ssl proxying with maps.apple.com. apple's directions endpoint no longer provides the search function inside of it, so new maps clients will first call the dispatcher to search for coordinates. i made the app call the search endpoint used by the web apple maps app, which has newer ssl settings.

kudos to chatgpt 5 for helping with debugging and writing pseudocode. i am not the best at objective-c so there were some issues along the way."
comment_1o5715k_0,1o5715k,reddit,applemaps,comment,https://www.reddit.com/r/applemaps/comments/1o5715k/a_directions_fix_for_the_os_x_109_maps_app/,1760320253.0,2025-10-12 20:50:53,,,note: the actual map itself does not work by default. you will need to rewrite some urls using charles proxy or another man in the middle proxy of your choice. i posted a full tutorial here: https://forums.macrumors.com/goto/post?id=33978306.
post_1o535sv,1o535sv,reddit,applemaps,post,https://www.reddit.com/r/applemaps/comments/1o535sv/does_apple_maps_not_allow_you_to_navigate_in/,1760309144.0,2025-10-12 17:45:44,0.0,6.0,"Does Apple Maps not allow you to navigate in satellite view?

On Google Maps you can have satellite view when using navigation, but can you not on Apple Maps?"
comment_1o535sv_0,1o535sv,reddit,applemaps,comment,https://www.reddit.com/r/applemaps/comments/1o535sv/does_apple_maps_not_allow_you_to_navigate_in/,1760309144.0,2025-10-12 17:45:44,,,No. You can only navigate in the illustrated view. I would assume this is the reduce distractions and confusion while driving.
comment_1o535sv_1,1o535sv,reddit,applemaps,comment,https://www.reddit.com/r/applemaps/comments/1o535sv/does_apple_maps_not_allow_you_to_navigate_in/,1760309144.0,2025-10-12 17:45:44,,,[Sidecar](https://sidecar.clutch.engineering/) uses Apple Maps as the base layer/UI with satelittle view in 3D! Give it a try :)
comment_1o535sv_2,1o535sv,reddit,applemaps,comment,https://www.reddit.com/r/applemaps/comments/1o535sv/does_apple_maps_not_allow_you_to_navigate_in/,1760309144.0,2025-10-12 17:45:44,,,Sure you can. Just choose “Satellite” Map type before you press the Start button.
post_1o3kq64,1o3kq64,reddit,applemaps,post,https://www.reddit.com/r/applemaps/comments/1o3kq64/flyover_no_longer_works_on_ios_12/,1760151642.0,2025-10-10 22:00:42,6.0,0.0,"Flyover no longer works on iOS 12

Recently found my old iPhone 6 Plus running iOS 12. Had a blast playing around seeing how far Apple Maps evolved over the years. The Flyover feature worked without a hitch initially but over the past week I started seeing Flyover no longer work. When I switch to Flyover I just see black &amp; white meshes instead of 3D buildings. Satellite still works. Is this happening to anyone on an older device?"
post_1o1tqgf,1o1tqgf,reddit,applemaps,post,https://www.reddit.com/r/applemaps/comments/1o1tqgf/what_are_these_flags_on_apple_maps/,1759974714.0,2025-10-08 20:51:54,104.0,33.0,What are these flags on Apple Maps?
comment_1o1tqgf_0,1o1tqgf,reddit,applemaps,comment,https://www.reddit.com/r/applemaps/comments/1o1tqgf/what_are_these_flags_on_apple_maps/,1759974714.0,2025-10-08 20:51:54,,,"Zoom in, they literally tell you."
comment_1o1tqgf_1,1o1tqgf,reddit,applemaps,comment,https://www.reddit.com/r/applemaps/comments/1o1tqgf/what_are_these_flags_on_apple_maps/,1759974714.0,2025-10-08 20:51:54,,,"It’s the unique shield for that roadway.

[https://en.wikipedia.org/wiki/Atlantic_City_Expressway?wprov=sfti1](https://en.wikipedia.org/wiki/Atlantic_City_Expressway?wprov=sfti1)"
comment_1o1tqgf_2,1o1tqgf,reddit,applemaps,comment,https://www.reddit.com/r/applemaps/comments/1o1tqgf/what_are_these_flags_on_apple_maps/,1759974714.0,2025-10-08 20:51:54,,,"Screenshot-Zoom In

https://preview.redd.it/4e761sekvztf1.jpeg?width=869&amp;format=pjpg&amp;auto=webp&amp;s=3ed4912bf68da62cceefc1c769dd823d55b3553a"
comment_1o1tqgf_3,1o1tqgf,reddit,applemaps,comment,https://www.reddit.com/r/applemaps/comments/1o1tqgf/what_are_these_flags_on_apple_maps/,1759974714.0,2025-10-08 20:51:54,,,That’s the Atlantic City expressway
comment_1o1tqgf_4,1o1tqgf,reddit,applemaps,comment,https://www.reddit.com/r/applemaps/comments/1o1tqgf/what_are_these_flags_on_apple_maps/,1759974714.0,2025-10-08 20:51:54,,,Every few days I see the same posts here asking what do the road markings mean lol.. 🤦‍♂️
comment_1o1tqgf_5,1o1tqgf,reddit,applemaps,comment,https://www.reddit.com/r/applemaps/comments/1o1tqgf/what_are_these_flags_on_apple_maps/,1759974714.0,2025-10-08 20:51:54,,,learn how to read maybe
comment_1o1tqgf_6,1o1tqgf,reddit,applemaps,comment,https://www.reddit.com/r/applemaps/comments/1o1tqgf/what_are_these_flags_on_apple_maps/,1759974714.0,2025-10-08 20:51:54,,,City/state highway logo.
comment_1o1tqgf_7,1o1tqgf,reddit,applemaps,comment,https://www.reddit.com/r/applemaps/comments/1o1tqgf/what_are_these_flags_on_apple_maps/,1759974714.0,2025-10-08 20:51:54,,,The logo of the Atlantic City Expressway.
comment_1o1tqgf_8,1o1tqgf,reddit,applemaps,comment,https://www.reddit.com/r/applemaps/comments/1o1tqgf/what_are_these_flags_on_apple_maps/,1759974714.0,2025-10-08 20:51:54,,,…the Atlantic City express way? It says it.
comment_1o1tqgf_9,1o1tqgf,reddit,applemaps,comment,https://www.reddit.com/r/applemaps/comments/1o1tqgf/what_are_these_flags_on_apple_maps/,1759974714.0,2025-10-08 20:51:54,,,Atlantic City Expressway
comment_1o1tqgf_10,1o1tqgf,reddit,applemaps,comment,https://www.reddit.com/r/applemaps/comments/1o1tqgf/what_are_these_flags_on_apple_maps/,1759974714.0,2025-10-08 20:51:54,,,"Same as the highway 30 and 54 in the screenshot, except this highway has a unique badge/logo"
comment_1o1tqgf_11,1o1tqgf,reddit,applemaps,comment,https://www.reddit.com/r/applemaps/comments/1o1tqgf/what_are_these_flags_on_apple_maps/,1759974714.0,2025-10-08 20:51:54,,,Atlantic City Expressway
comment_1o1tqgf_12,1o1tqgf,reddit,applemaps,comment,https://www.reddit.com/r/applemaps/comments/1o1tqgf/what_are_these_flags_on_apple_maps/,1759974714.0,2025-10-08 20:51:54,,,We need to ban these type of posts.
comment_1o1tqgf_13,1o1tqgf,reddit,applemaps,comment,https://www.reddit.com/r/applemaps/comments/1o1tqgf/what_are_these_flags_on_apple_maps/,1759974714.0,2025-10-08 20:51:54,,,It’s the logo for the AC Expressway. Apple Maps shows the same thing for the turnpike. The actual logo for the road if you want to call it a logo.
comment_1o1tqgf_14,1o1tqgf,reddit,applemaps,comment,https://www.reddit.com/r/applemaps/comments/1o1tqgf/what_are_these_flags_on_apple_maps/,1759974714.0,2025-10-08 20:51:54,,,"That’s the symbol for the ac expressway.  
Hello fellow NJ resident 👋"
comment_1o1tqgf_15,1o1tqgf,reddit,applemaps,comment,https://www.reddit.com/r/applemaps/comments/1o1tqgf/what_are_these_flags_on_apple_maps/,1759974714.0,2025-10-08 20:51:54,,,"It's the road name, which apparently was an emblem."
comment_1o1tqgf_16,1o1tqgf,reddit,applemaps,comment,https://www.reddit.com/r/applemaps/comments/1o1tqgf/what_are_these_flags_on_apple_maps/,1759974714.0,2025-10-08 20:51:54,,,The atlantic city expressway
comment_1o1tqgf_17,1o1tqgf,reddit,applemaps,comment,https://www.reddit.com/r/applemaps/comments/1o1tqgf/what_are_these_flags_on_apple_maps/,1759974714.0,2025-10-08 20:51:54,,,That’s the highway shield (marker) for the Atlantic City Expressway.
comment_1o1tqgf_18,1o1tqgf,reddit,applemaps,comment,https://www.reddit.com/r/applemaps/comments/1o1tqgf/what_are_these_flags_on_apple_maps/,1759974714.0,2025-10-08 20:51:54,,,Just read
comment_1o1tqgf_19,1o1tqgf,reddit,applemaps,comment,https://www.reddit.com/r/applemaps/comments/1o1tqgf/what_are_these_flags_on_apple_maps/,1759974714.0,2025-10-08 20:51:54,,,False flags
comment_1o1tqgf_20,1o1tqgf,reddit,applemaps,comment,https://www.reddit.com/r/applemaps/comments/1o1tqgf/what_are_these_flags_on_apple_maps/,1759974714.0,2025-10-08 20:51:54,,,I thought it was Rangers FC logo lol
comment_1o1tqgf_21,1o1tqgf,reddit,applemaps,comment,https://www.reddit.com/r/applemaps/comments/1o1tqgf/what_are_these_flags_on_apple_maps/,1759974714.0,2025-10-08 20:51:54,,,they just label the pike
post_1o0kxzu,1o0kxzu,reddit,applemaps,post,https://www.reddit.com/r/applemaps/comments/1o0kxzu/fixing_the_most_annoying_apple_maps_bug_phantom/,1759857416.0,2025-10-07 12:16:56,9.0,1.0,"Fixing the most annoying Apple Maps bug — phantom Home locations

This is a well documented bug elsewhere, so I won’t rehash it here. [here](https://www.reddit.com/r/applemaps/comments/1efniu1/i_deleted_my_old_home_address_off_my_contact_card/) is one example out of many. A web search for the words “Apple Maps old home address” will show this is a pretty widespread issue and has been for multiple years.

I have tried every single solution I could find on Reddit or Apple support and none of them worked. I even had an hour long conversation with an Apple support technician, who was very nice, but was ultimately unable to help me. By Sherlock, I stumbled into something that I think fixed it and since I have not seen this solution posted anywhere on the Internet I thought I would share:

# The Solution:
The crucial piece that all of the published solutions I could find was missing is turning off iCloud Maps syncing. You have to do this in addition to all the other solutions that you may have found that don’t actually work.

Make sure you have completely cleaned up your Apple devices list by deleting them off of Find My. This was part of my earlier unsuccessful attempts, but I believe it is necessary because it’s an iCloud problem. I had previously had an old iPad and an old MacBook Air on there that I no longer use. That left me with just my iPhone and my MacBook Pro.

On the MacBook Pro, I just disabled iCloud maps syncing and that fixed it for the MacBook Pro. No clue why all the other much more involved “solutions” didn’t do it but this did. 

On the iPhone, it required a little more work. I turned off iCloud maps syncing, cleared and disabled, significant locations &amp; routes, reset locations &amp; privacy, reset network settings (I suspect this may have been unnecessary, but I was getting desperate and whacking every possible option that I could try), uninstalled Apple Maps, turned off my phone, turned my phone back on, reinstalled Apple Maps. **Note that after a few seconds to a minute, reinstalling Apple Maps will automatically turn on iCloud Apple Maps syncing. Turn this off again before opening Apple Maps.** now open Apple Maps and it doesn’t show my old home address that I have not lived in for five years.

Note that this was after trying literally everything I could find on the Internet, including: deleting my contact card and creating a new one that didn’t have any addresses on it at all, removing every single email from my email inbox that had my old address so that Siri wouldn’t find it, completely disabling Siri suggestions, factory resetting the phone… everything I could find.

Hopefully this solution helps someone else out who is going similarly insane."
comment_1o0kxzu_0,1o0kxzu,reddit,applemaps,comment,https://www.reddit.com/r/applemaps/comments/1o0kxzu/fixing_the_most_annoying_apple_maps_bug_phantom/,1759857416.0,2025-10-07 12:16:56,,,"Hi I have the same problem here so after deleting my devices, when can I activate find my"
post_1nzlei9,1nzlei9,reddit,applemaps,post,https://www.reddit.com/r/applemaps/comments/1nzlei9/apple_maps_view/,1759762732.0,2025-10-06 09:58:52,575.0,36.0,"Apple Maps view?

How do I get this view on Apple Maps? I use Apple Maps everyday and have never once had this view."
comment_1nzlei9_0,1nzlei9,reddit,applemaps,comment,https://www.reddit.com/r/applemaps/comments/1nzlei9/apple_maps_view/,1759762732.0,2025-10-06 09:58:52,,,It is part of Apple Maps DCE - detailed city experience. It’s not available everywhere.
comment_1nzlei9_1,1nzlei9,reddit,applemaps,comment,https://www.reddit.com/r/applemaps/comments/1nzlei9/apple_maps_view/,1759762732.0,2025-10-06 09:58:52,,,"You have to be in one of these cities...

Australia – Melbourne, Sydney

Canada – Montreal, Toronto, Vancouver

Denmark – Copenhagen

France – Paris

Germany – Berlin, Hamburg, Munich

Monaco – Monaco

Netherlands – Amsterdam

Portugal – Lisbon

Singapore – Singapore

Spain – Barcelona, Madrid

Sweden – Stockholm

United Kingdom – London

United States – Atlanta, Boston, Chicago, Dallas, Houston, Las Vegas, Los Angeles, Miami, New Orleans, New York, Philadelphia, San Diego, San Francisco, Seattle, Washington D.C."
comment_1nzlei9_2,1nzlei9,reddit,applemaps,comment,https://www.reddit.com/r/applemaps/comments/1nzlei9/apple_maps_view/,1759762732.0,2025-10-06 09:58:52,,,You need to be in one of the [DCE areas](https://www.apple.com/ca/ios/feature-availability/#:~:text=Maps:%20Detailed%20City%20Experience).
comment_1nzlei9_3,1nzlei9,reddit,applemaps,comment,https://www.reddit.com/r/applemaps/comments/1nzlei9/apple_maps_view/,1759762732.0,2025-10-06 09:58:52,,,Move to a large expensive city
comment_1nzlei9_4,1nzlei9,reddit,applemaps,comment,https://www.reddit.com/r/applemaps/comments/1nzlei9/apple_maps_view/,1759762732.0,2025-10-06 09:58:52,,,Android phone? lol
comment_1nzlei9_5,1nzlei9,reddit,applemaps,comment,https://www.reddit.com/r/applemaps/comments/1nzlei9/apple_maps_view/,1759762732.0,2025-10-06 09:58:52,,,"If 1 bed apartments in the downtown of your city start at $2500, congrats you’re in an area that Apple Maps does this"
comment_1nzlei9_6,1nzlei9,reddit,applemaps,comment,https://www.reddit.com/r/applemaps/comments/1nzlei9/apple_maps_view/,1759762732.0,2025-10-06 09:58:52,,,"Probably a long shot, but how difficult is it to provide this experience? Apple Maps has been out for awhile and u know it’s only been a decent app in recent years, but how long to implement in more places?"
comment_1nzlei9_7,1nzlei9,reddit,applemaps,comment,https://www.reddit.com/r/applemaps/comments/1nzlei9/apple_maps_view/,1759762732.0,2025-10-06 09:58:52,,,"oh wow, where I frequent in New Jersey (I guess because they’re considered suburbs of NYC?) I’ve been getting this view in many places."
comment_1nzlei9_8,1nzlei9,reddit,applemaps,comment,https://www.reddit.com/r/applemaps/comments/1nzlei9/apple_maps_view/,1759762732.0,2025-10-06 09:58:52,,,Is that the rumoured IPhone 18
comment_1nzlei9_9,1nzlei9,reddit,applemaps,comment,https://www.reddit.com/r/applemaps/comments/1nzlei9/apple_maps_view/,1759762732.0,2025-10-06 09:58:52,,,"Sorry, ignoring the maps, but what iPhone is that?"
comment_1nzlei9_10,1nzlei9,reddit,applemaps,comment,https://www.reddit.com/r/applemaps/comments/1nzlei9/apple_maps_view/,1759762732.0,2025-10-06 09:58:52,,,I see this everyday lol. Didn’t realize it was special
comment_1nzlei9_11,1nzlei9,reddit,applemaps,comment,https://www.reddit.com/r/applemaps/comments/1nzlei9/apple_maps_view/,1759762732.0,2025-10-06 09:58:52,,,Get this on the M1 in London.
comment_1nzlei9_12,1nzlei9,reddit,applemaps,comment,https://www.reddit.com/r/applemaps/comments/1nzlei9/apple_maps_view/,1759762732.0,2025-10-06 09:58:52,,,Can confirm I see this in Vancouver BC
comment_1nzlei9_13,1nzlei9,reddit,applemaps,comment,https://www.reddit.com/r/applemaps/comments/1nzlei9/apple_maps_view/,1759762732.0,2025-10-06 09:58:52,,,L'Italia non è considerata da Apple --- ovvio che molti usino Waze! Anche le info sul percorso sono spesso errate
comment_1nzlei9_14,1nzlei9,reddit,applemaps,comment,https://www.reddit.com/r/applemaps/comments/1nzlei9/apple_maps_view/,1759762732.0,2025-10-06 09:58:52,,,Just use Waze! I have been surprised how amazing the app is after using it for the first time during my trip in Dubai.
comment_1nzlei9_15,1nzlei9,reddit,applemaps,comment,https://www.reddit.com/r/applemaps/comments/1nzlei9/apple_maps_view/,1759762732.0,2025-10-06 09:58:52,,,It’s just an animation not really useful
post_1nzle5t,1nzle5t,reddit,applemaps,post,https://www.reddit.com/r/applemaps/comments/1nzle5t/how_to_fix_this_incorrect_directions/,1759762710.0,2025-10-06 09:58:30,21.0,3.0,"How to fix this? Incorrect directions

I always drive a certain route home from work but for whatever reason Apple Maps can’t calculate it properly. It tries to get me to go down Houlton Way and then do a U turn. 

I know the route so it’s not the end of the world but is there any way I can correct this or somehow reset it perhaps?

It’s a fairly newly-built area so maybe that’s the issue."
comment_1nzle5t_0,1nzle5t,reddit,applemaps,comment,https://www.reddit.com/r/applemaps/comments/1nzle5t/how_to_fix_this_incorrect_directions/,1759762710.0,2025-10-06 09:58:30,,,"You can report incorrect directions - tap on your profile photo in the maps app &gt; reports &gt; report new issue &gt; report route issue 

I’ve reported before and they’ve changed directions based on my reports."
post_1nz9ach,1nz9ach,reddit,applemaps,post,https://www.reddit.com/r/applemaps/comments/1nz9ach/expressways_toggle_please/,1759723822.0,2025-10-05 23:10:22,17.0,10.0,"Expressways Toggle Please

Please, Apple, allow me to toggle expressways on and off. I do not care to pay extra money to use the highway premium lanes. I don’t want to avoid the highway completely, and I don’t care about paying regular tolls, but I don’t want to drive one lane over for an extra $15. 

Where I live, there are highway entrances that are expressway only, and Apple maps refuses to route me to a non-expressway highway entrance. Today it routed me past a regular entrance to get on an expressway entrance. Please give me a toggle."
comment_1nz9ach_0,1nz9ach,reddit,applemaps,comment,https://www.reddit.com/r/applemaps/comments/1nz9ach/expressways_toggle_please/,1759723822.0,2025-10-05 23:10:22,,,This seems very specific to certain regions or cities. Might be worth giving feedback to them about it.
comment_1nz9ach_1,1nz9ach,reddit,applemaps,comment,https://www.reddit.com/r/applemaps/comments/1nz9ach/expressways_toggle_please/,1759723822.0,2025-10-05 23:10:22,,,"toll granularity is something most map apps (including Apple) will struggle with — for instance, where I live (NYC), it often makes sense to pay *some* tolls but not all the tolls — ways to get someplace can look like this:

Route A: no tolls, 2 hours and 20 minutes

Route B: $21 in tolls, 1 hour and 21 minutes

Route C: $7 in tolls, 1 hour and 30 minutes

Now most map apps won’t be able to show you route C given the binary of tolls/no tolls, while any human decision-making process will probably opt for route C given that $7 nets you 50 minutes in savings but you’re saved having to pay an additional $14 for a meager 9 more minutes saved"
comment_1nz9ach_2,1nz9ach,reddit,applemaps,comment,https://www.reddit.com/r/applemaps/comments/1nz9ach/expressways_toggle_please/,1759723822.0,2025-10-05 23:10:22,,,"OP’s question is a good example how much, as a society, we have come to depend on technologies that still have a lot of maturing to do. 

It’s not just Apple Maps, it’s literally every map app available. In some parts of the country, tolls are prolific and largely unavoidable (I’m looking at you NYC). None of the apps I’ve tried can show multiple routes with accurate toll rates for a given choice. 

I also find that regardless of the map app in use, I’m often directed to use a route that takes longer and is more circuitous than a route I know and have used before. I will check traffic and often ignore the gps directions, saving myself time and fuel in the process."
comment_1nz9ach_3,1nz9ach,reddit,applemaps,comment,https://www.reddit.com/r/applemaps/comments/1nz9ach/expressways_toggle_please/,1759723822.0,2025-10-05 23:10:22,,,"https://preview.redd.it/rsnawl7ouhtf1.jpeg?width=1206&amp;format=pjpg&amp;auto=webp&amp;s=9834ac3c110c60be671555a114ee5f66eee6f4c2

It does?"
comment_1nz9ach_4,1nz9ach,reddit,applemaps,comment,https://www.reddit.com/r/applemaps/comments/1nz9ach/expressways_toggle_please/,1759723822.0,2025-10-05 23:10:22,,,Why not “avoid tolls” button that DOES exist??
post_1nyxgxe,1nyxgxe,reddit,applemaps,post,https://www.reddit.com/r/applemaps/comments/1nyxgxe/seoul/,1759692277.0,2025-10-05 14:24:37,7.0,3.0,"Seoul

Tried to look up a number of bar and restaurants in Seoul and Apple Maps didn’t have them identified.  I found them all on Google Maps.  Why is Apple Maps so bad in Seoul?"
comment_1nyxgxe_0,1nyxgxe,reddit,applemaps,comment,https://www.reddit.com/r/applemaps/comments/1nyxgxe/seoul/,1759692277.0,2025-10-05 14:24:37,,,"Because people don’t use it there, Google is also bad there, for Korea it’s only Naver Maps or Kakao Map, any other always lack places and features, but Apple Maps is trying to improve there, they even copied that Michelin stars in places from them then I recommend Naver, the live cameras feature is also very useful"
comment_1nyxgxe_1,1nyxgxe,reddit,applemaps,comment,https://www.reddit.com/r/applemaps/comments/1nyxgxe/seoul/,1759692277.0,2025-10-05 14:24:37,,,"+1 on Naver Maps. Google will give you the transit directions for the subway but can’t give you the walking directions to get from the station to your hotel. 

And yeah I don’t think Apple Maps was any better when I was in Korea. 

Heck, Naver Maps will even tell you which door to stand at for getting on the subway, it’s pretty dang granular."
comment_1nyxgxe_2,1nyxgxe,reddit,applemaps,comment,https://www.reddit.com/r/applemaps/comments/1nyxgxe/seoul/,1759692277.0,2025-10-05 14:24:37,,,"Korea is not keen on letting maps data leave the country, probably because of their northern neighbor.

That makes it hard for Google and Apple, who I guess don't have a lot of resources in Korea, to make their map data there any good.

https://thediplomat.com/2025/07/why-google-maps-cant-guide-you-through-seoul/"
post_1ny1tgl,1ny1tgl,reddit,applemaps,post,https://www.reddit.com/r/applemaps/comments/1ny1tgl/apple_maps_and_iphone_13/,1759603088.0,2025-10-04 13:38:08,1.0,9.0,"Apple maps and Iphone 13

Hello. I use Apple Maps on my iPhone 13. When using walking navigation, it sometimes detects my location incorrectly, and I have to walk 30–40 meters before it corrects itself. Do you think this problem is related to my phone or to Apple Maps? Has anyone else experienced the same issue?"
comment_1ny1tgl_0,1ny1tgl,reddit,applemaps,comment,https://www.reddit.com/r/applemaps/comments/1ny1tgl/apple_maps_and_iphone_13/,1759603088.0,2025-10-04 13:38:08,,,Often indicates an issue with the GPS module (hardware)
comment_1ny1tgl_1,1ny1tgl,reddit,applemaps,comment,https://www.reddit.com/r/applemaps/comments/1ny1tgl/apple_maps_and_iphone_13/,1759603088.0,2025-10-04 13:38:08,,,try another maps app. if it persists then it's likely a gps issue.
comment_1ny1tgl_2,1ny1tgl,reddit,applemaps,comment,https://www.reddit.com/r/applemaps/comments/1ny1tgl/apple_maps_and_iphone_13/,1759603088.0,2025-10-04 13:38:08,,,I’m iPhone 13 user. Only had some slow gps problems when I deliberately turned wifi off
post_1nxzrwx,1nxzrwx,reddit,applemaps,post,https://www.reddit.com/r/applemaps/comments/1nxzrwx/ev_preconditioning/,1759598340.0,2025-10-04 12:19:00,19.0,10.0,"EV Preconditioning

Apple Maps does a great job with EV route planning on the Ford Mustang Mach-E, but there’s still a key feature missing compared to Android Auto. Android Auto not only plans EV routes, it also preconditions the battery before charging stops—something CarPlay does not currently support.

This isn’t something Ford (or other automakers) can fix—it’s up to Apple. Adding EV battery preconditioning would make CarPlay’s EV routing far more useful and competitive.

If you agree this is an important feature, please upvote and help bring more visibility to Apple so they prioritize adding it in future updates."
comment_1nxzrwx_0,1nxzrwx,reddit,applemaps,comment,https://www.reddit.com/r/applemaps/comments/1nxzrwx/ev_preconditioning/,1759598340.0,2025-10-04 12:19:00,,,Have you submitted a feedback report?
comment_1nxzrwx_1,1nxzrwx,reddit,applemaps,comment,https://www.reddit.com/r/applemaps/comments/1nxzrwx/ev_preconditioning/,1759598340.0,2025-10-04 12:19:00,,,I’m surprised OEMs allow Android Auto to control a vehicle system like preconditioning but it sounds like a very useful feature!
comment_1nxzrwx_2,1nxzrwx,reddit,applemaps,comment,https://www.reddit.com/r/applemaps/comments/1nxzrwx/ev_preconditioning/,1759598340.0,2025-10-04 12:19:00,,,"Please submit a feedback report.  

If you’re on the official release, the Feedback app is hidden but you can access it by navigating here in Safari:  

applefeedback://  

Then tap Open when prompted to “Open this page in Feedback”."
comment_1nxzrwx_3,1nxzrwx,reddit,applemaps,comment,https://www.reddit.com/r/applemaps/comments/1nxzrwx/ev_preconditioning/,1759598340.0,2025-10-04 12:19:00,,,"This isn’t true….

Google Maps only does this when integrated as part of the vehicle system like it is on some Ford cars. 

This does NOT work through Android Auto nor CarPlay. 

It COULD work through CarPlay Ultra. 

Again…it only works with systems fully integrated with the car’s system…NOT through a Maps app.

If Ford adds CarPlay Ultra, then yes, Apple Maps EV routing would or could include preconditioning as it is part of the car’s system and not an add-on."
post_1nwrufi,1nwrufi,reddit,applemaps,post,https://www.reddit.com/r/applemaps/comments/1nwrufi/any_customisation_with_3d_view_when_navigating/,1759473747.0,2025-10-03 01:42:27,3.0,5.0,"Any Customisation with 3D View (when Navigating)

Trying to make the switch from Google Maps / Waze to Apple Maps as I quite like all the integration with my watch, ease of sharing ETA, etc.

However, the thing holding me back is - when I navigate (by car) and have the normal 3D view on, the perspective keeps swinging round from side to side as I go. By comparrison, Google Maps and Waze keep the view right behind the arrow. Is there anywhere I can turn of this panning effect, as it's giving me motion sickness and I find it takes a second to understand junctions as quick glance?

I'm using via CarPlay too, if that makes any difference."
comment_1nwrufi_0,1nwrufi,reddit,applemaps,comment,https://www.reddit.com/r/applemaps/comments/1nwrufi/any_customisation_with_3d_view_when_navigating/,1759473747.0,2025-10-03 01:42:27,,,"This is a common point of feedback. Apple Maps tries to frame the upcoming road or intersection and smoothly transfer between the  views rather rotate around the current location as the center. It actually results in less motion sickness for most people because there isn’t as much motion overall.

There is no way to customize this."
comment_1nwrufi_1,1nwrufi,reddit,applemaps,comment,https://www.reddit.com/r/applemaps/comments/1nwrufi/any_customisation_with_3d_view_when_navigating/,1759473747.0,2025-10-03 01:42:27,,,You can’t change that at all. The camera will reposition itself as needed to keep as much of the road ahead in sight.
comment_1nwrufi_2,1nwrufi,reddit,applemaps,comment,https://www.reddit.com/r/applemaps/comments/1nwrufi/any_customisation_with_3d_view_when_navigating/,1759473747.0,2025-10-03 01:42:27,,,"This is one of the reasons why I love Apple Maps, it’s way more smooth and comfortable to me compared to other apps with fixed views."
comment_1nwrufi_3,1nwrufi,reddit,applemaps,comment,https://www.reddit.com/r/applemaps/comments/1nwrufi/any_customisation_with_3d_view_when_navigating/,1759473747.0,2025-10-03 01:42:27,,,This is the reason why I love Apple Maps. I get sick of all the other apps.
comment_1nwrufi_4,1nwrufi,reddit,applemaps,comment,https://www.reddit.com/r/applemaps/comments/1nwrufi/any_customisation_with_3d_view_when_navigating/,1759473747.0,2025-10-03 01:42:27,,,"https://preview.redd.it/neugnnh384tf1.jpeg?width=3024&amp;format=pjpg&amp;auto=webp&amp;s=30c923b2164ca831b003446bc631dfd40e92d774

This is what I mean. Why would I want the camera to pan round to this position? Feels like I’m drifting."
post_1nuvx76,1nuvx76,reddit,applemaps,post,https://www.reddit.com/r/applemaps/comments/1nuvx76/apple_maps_issue/,1759284068.0,2025-09-30 21:01:08,8.0,5.0,"Apple Maps issue

So does anyone happen to know why my Apple Maps is taking up SO much storage? And does anyone know how I would fix this issue? Is my maps downloading every place I ever drive to? I also offloaded the app but somehow the storage space is still being accounted for. 

If anyone can help pleaseee!!!!"
comment_1nuvx76_0,1nuvx76,reddit,applemaps,comment,https://www.reddit.com/r/applemaps/comments/1nuvx76/apple_maps_issue/,1759284068.0,2025-09-30 21:01:08,,,"Like previously discussed in many posts, just keep maps installed and let it manage its cache itself. You'll save storage by keeping it installed"
comment_1nuvx76_1,1nuvx76,reddit,applemaps,comment,https://www.reddit.com/r/applemaps/comments/1nuvx76/apple_maps_issue/,1759284068.0,2025-09-30 21:01:08,,,But you’re ok with Tik Tok taking up 10gb more…
comment_1nuvx76_2,1nuvx76,reddit,applemaps,comment,https://www.reddit.com/r/applemaps/comments/1nuvx76/apple_maps_issue/,1759284068.0,2025-09-30 21:01:08,,,Perhaps you have offline maps downloaded?
comment_1nuvx76_3,1nuvx76,reddit,applemaps,comment,https://www.reddit.com/r/applemaps/comments/1nuvx76/apple_maps_issue/,1759284068.0,2025-09-30 21:01:08,,,"I don’t know about the taking so much storage space, but about the still taking storage space after offloading: Offloading only “deletes” the app itself, it does NOT delete any app data. Offloading is meant to be a temporary solution if you run out of storage space and want to “delete” apps without losing the app data (for example with social media apps like WhatsApp where the chats are not necessarily synced; or games that don’t support accounts)"
comment_1nuvx76_4,1nuvx76,reddit,applemaps,comment,https://www.reddit.com/r/applemaps/comments/1nuvx76/apple_maps_issue/,1759284068.0,2025-09-30 21:01:08,,,"Notice Maps is offloaded (cloud icon).

Disable app offloading it can manage its cache correctly."
post_1numjel,1numjel,reddit,applemaps,post,https://www.reddit.com/r/applemaps/comments/1numjel/apple_maps_is_honestly_so_underrated/,1759260192.0,2025-09-30 14:23:12,395.0,22.0,Apple Maps is honestly so underrated.
comment_1numjel_0,1numjel,reddit,applemaps,comment,https://www.reddit.com/r/applemaps/comments/1numjel/apple_maps_is_honestly_so_underrated/,1759260192.0,2025-09-30 14:23:12,,,If they just fix the lack of correct business info etc then i would agree
comment_1numjel_1,1numjel,reddit,applemaps,comment,https://www.reddit.com/r/applemaps/comments/1numjel/apple_maps_is_honestly_so_underrated/,1759260192.0,2025-09-30 14:23:12,,,"It’s got amazing UI but I have found myself in a number of pickles due to completely incorrect Apple Maps, especially outside the US"
comment_1numjel_2,1numjel,reddit,applemaps,comment,https://www.reddit.com/r/applemaps/comments/1numjel/apple_maps_is_honestly_so_underrated/,1759260192.0,2025-09-30 14:23:12,,,Perhaps in a major metro area.. every where else not so much.. let me have sat photos while im driving with turn by turn
comment_1numjel_3,1numjel,reddit,applemaps,comment,https://www.reddit.com/r/applemaps/comments/1numjel/apple_maps_is_honestly_so_underrated/,1759260192.0,2025-09-30 14:23:12,,,I think it works great if you mainly use it in cities.  Out in the country it could use some work.
comment_1numjel_4,1numjel,reddit,applemaps,comment,https://www.reddit.com/r/applemaps/comments/1numjel/apple_maps_is_honestly_so_underrated/,1759260192.0,2025-09-30 14:23:12,,,Ayo Stockholm!
comment_1numjel_5,1numjel,reddit,applemaps,comment,https://www.reddit.com/r/applemaps/comments/1numjel/apple_maps_is_honestly_so_underrated/,1759260192.0,2025-09-30 14:23:12,,,"if they fixed the tile data to display water and brought back the gspaXX.ls.apple.com servers i would agree

https://preview.redd.it/s1wjzia2pdsf1.jpeg?width=1206&amp;format=pjpg&amp;auto=webp&amp;s=aebf25d06d9db76bfb4df389ebcb1adea8893d22

i got burnt out fixing directions as well, it was a tedious process. and theyre saying ""it just works""."
comment_1numjel_6,1numjel,reddit,applemaps,comment,https://www.reddit.com/r/applemaps/comments/1numjel/apple_maps_is_honestly_so_underrated/,1759260192.0,2025-09-30 14:23:12,,,"The eye candy is nice, agreed"
comment_1numjel_7,1numjel,reddit,applemaps,comment,https://www.reddit.com/r/applemaps/comments/1numjel/apple_maps_is_honestly_so_underrated/,1759260192.0,2025-09-30 14:23:12,,,They need to work on transit integration! Sometimes it doesn’t refresh when bus/train is late also don’t change if route change right away!
comment_1numjel_8,1numjel,reddit,applemaps,comment,https://www.reddit.com/r/applemaps/comments/1numjel/apple_maps_is_honestly_so_underrated/,1759260192.0,2025-09-30 14:23:12,,,Maybe in the US. In the EU they are far behind Google Maps. They should focus on overall quality.
comment_1numjel_9,1numjel,reddit,applemaps,comment,https://www.reddit.com/r/applemaps/comments/1numjel/apple_maps_is_honestly_so_underrated/,1759260192.0,2025-09-30 14:23:12,,,"In Europe, North America, Australia and very few areas outside these continents, yeah you're completely right. Apple Maps is underrated. However for literally anywhere else in the world, Google is much better."
comment_1numjel_10,1numjel,reddit,applemaps,comment,https://www.reddit.com/r/applemaps/comments/1numjel/apple_maps_is_honestly_so_underrated/,1759260192.0,2025-09-30 14:23:12,,,Not in Adelaide… you Americans have too many good buildings
comment_1numjel_11,1numjel,reddit,applemaps,comment,https://www.reddit.com/r/applemaps/comments/1numjel/apple_maps_is_honestly_so_underrated/,1759260192.0,2025-09-30 14:23:12,,,"I use Apple Maps to plan routes, navigate by bike, foot, or public transit.
I use Google maps if I’m looking for businesses or reviews.

Apple Maps is very nice to use and the turn by turn directions are excellent where they are available (they are for &gt;99% of my journeys, your mileage may vary)"
comment_1numjel_12,1numjel,reddit,applemaps,comment,https://www.reddit.com/r/applemaps/comments/1numjel/apple_maps_is_honestly_so_underrated/,1759260192.0,2025-09-30 14:23:12,,,Until it has built in reviews and photos like Google Maps does it won’t be quite as useful for actually finding decent places. Yes it technically has this but it requires you to use yelp which to me defeats the purpose beyond just showing the star ratings.
post_1nu9fw3,1nu9fw3,reddit,applemaps,post,https://www.reddit.com/r/applemaps/comments/1nu9fw3/glitch/,1759227667.0,2025-09-30 05:21:07,8.0,7.0,"Glitch

Apple Maps street name glitching."
comment_1nu9fw3_0,1nu9fw3,reddit,applemaps,comment,https://www.reddit.com/r/applemaps/comments/1nu9fw3/glitch/,1759227667.0,2025-09-30 05:21:07,,,"Please submit a feedback report.  

If you’re on the official release, the Feedback app is hidden but you can access it by navigating here in Safari:  

applefeedback://  

Then tap Open when prompted to “Open this page in Feedback”."
comment_1nu9fw3_1,1nu9fw3,reddit,applemaps,comment,https://www.reddit.com/r/applemaps/comments/1nu9fw3/glitch/,1759227667.0,2025-09-30 05:21:07,,,What’s the glitch?
comment_1nu9fw3_2,1nu9fw3,reddit,applemaps,comment,https://www.reddit.com/r/applemaps/comments/1nu9fw3/glitch/,1759227667.0,2025-09-30 05:21:07,,,I had this when I reinstalled the maps app. It went away after a restart.
post_1ntrqgq,1ntrqgq,reddit,applemaps,post,https://www.reddit.com/r/applemaps/comments/1ntrqgq/apple_maps_now_supports_virtual_business_business/,1759174677.0,2025-09-29 14:37:57,101.0,5.0,"Apple Maps now supports Virtual Business, Business Connect page gets updated

[**Business Connect page**](https://businessconnect.apple.com/) 

Recently been updated to highlight additional apps that showcase your business beyond Apple Maps:

* Phone - When calling businesses utilizes business names and logos
* Calendar - When adding locations utilizes correct addresses
* Safari - When embedding Apple Maps shows your business POI correctly
* Siri - When asking for directions, shows business names, logos and directions correctly
* Wallet - Shows business logo when using Tap to Pay and business details
* Mail - Shows brand logos when using email
* Find My - Shows business details correctly

**Virtual Business**

According to the same page above, Business Connect (and through extension Maps) now supports online businesses such as:

* Online stores
* Tutoring programs
* Staffing agencies
* Taco trucks
* Virtual businesses

**Business Connect Sign In Page**

* Now displays business names rather than random identifiers, making managing multiple company accounts far easier
* There is now a Switch Company option under username in Business Connect, you no longer have to sign out and in again to get to the switcher

Personally, I haven't gotten Virtual Business to work yet as creating a new business still asks for an address, so not sure how that would work for a fully 'virtual business'?"
comment_1ntrqgq_0,1ntrqgq,reddit,applemaps,comment,https://www.reddit.com/r/applemaps/comments/1ntrqgq/apple_maps_now_supports_virtual_business_business/,1759174677.0,2025-09-29 14:37:57,,,These icons are very old
comment_1ntrqgq_1,1ntrqgq,reddit,applemaps,comment,https://www.reddit.com/r/applemaps/comments/1ntrqgq/apple_maps_now_supports_virtual_business_business/,1759174677.0,2025-09-29 14:37:57,,,"I hope this results on more people putting up their business here in Europe, the dissonance between Google/Apple reported business is what makes me not able to uninstall Google maps for good."
comment_1ntrqgq_2,1ntrqgq,reddit,applemaps,comment,https://www.reddit.com/r/applemaps/comments/1ntrqgq/apple_maps_now_supports_virtual_business_business/,1759174677.0,2025-09-29 14:37:57,,,"Has anyone here started to utilize Shortcuts with Private Cloud Models to help automate Business Connect onboarding, maintenance and such? e.g. business/event descriptions, csv export analysis and so on. One would hope Apple themselves will revamp Business Connect to this effect over time, but for now Shortcuts should help make some of this easier.."
post_1ntleet,1ntleet,reddit,applemaps,post,https://www.reddit.com/r/applemaps/comments/1ntleet/as_an_nonapple_user_how_do_i_check_if_business_is/,1759160430.0,2025-09-29 10:40:30,6.0,8.0,"As an non-Apple user how do I check if business is listed or not?

I don't own any Apple products, but as a Digital Marketer, one of my clients has asked me to optimise their business on Apple Maps. To which I have several questions.  
  
How do I check if the business is already listed or not? Yes, I know I need to create an Apple account to do this, but Google Maps allows us to see business information without even creating an account. Just wanted to check if I can do the same in Apple Maps.

Sorry for the English and Thanks in Advance."
comment_1ntleet_0,1ntleet,reddit,applemaps,comment,https://www.reddit.com/r/applemaps/comments/1ntleet/as_an_nonapple_user_how_do_i_check_if_business_is/,1759160430.0,2025-09-29 10:40:30,,,https://businessconnect.apple.com/
comment_1ntleet_1,1ntleet,reddit,applemaps,comment,https://www.reddit.com/r/applemaps/comments/1ntleet/as_an_nonapple_user_how_do_i_check_if_business_is/,1759160430.0,2025-09-29 10:40:30,,,maps.apple.com
comment_1ntleet_2,1ntleet,reddit,applemaps,comment,https://www.reddit.com/r/applemaps/comments/1ntleet/as_an_nonapple_user_how_do_i_check_if_business_is/,1759160430.0,2025-09-29 10:40:30,,,Open Apple Maps Web and check
comment_1ntleet_3,1ntleet,reddit,applemaps,comment,https://www.reddit.com/r/applemaps/comments/1ntleet/as_an_nonapple_user_how_do_i_check_if_business_is/,1759160430.0,2025-09-29 10:40:30,,,Apple Maps connect to register
post_1nthix8,1nthix8,reddit,applemaps,post,https://www.reddit.com/r/applemaps/comments/1nthix8/greater_copenhagen_light_rail_hovedstadens/,1759151180.0,2025-09-29 08:06:20,28.0,0.0,"Greater Copenhagen Light Rail (Hovedstadens Letbane) stations appear on Apple Maps. Opening on October 25, 2025, between Ishøj and Rødovre Nord, the second phase with the rest of the line in summer 2026."
post_1nsbpw4,1nsbpw4,reddit,applemaps,post,https://www.reddit.com/r/applemaps/comments/1nsbpw4/i_deleted_my_post_by_accident/,1759022500.0,2025-09-27 20:21:40,6.0,15.0,"I deleted my post by accident 🤦🏻‍♂️

Hi everyone!

A few months ago I launched ForceMaps in this community and got some really great feedback. The main functionality of the app is to allow users to automatically open addresses from Google search in Safari in Apple maps instead of being forced to use Google maps by Google.

We launched version 1.5 using this feedback which included stability fixes (obviously), support for Waze, the ability to hide goggles AI overview, and a few other things.

Looking to launch version 2.0 in the coming weeks and we would love to hear what other functionality could be useful to you all.

Some early ideas are: History of the addresses opened from Safari Ad blocker Dark mode for Safari

Can check it out here, it’s currently $4.99 in the US, no subscriptions nor other iAP. https://apps.apple.com/us/app/forcemaps/id6748969920


EDIT:

To answer the last question of how is this different from Mapper and why we don’t do other devices like Mac:

1. We also block the “sign in with google” and other google pop up’s. 
2. We have the option to enable Waze too
3. We have the option to block the google AI overview box 
4. I just chose to limit to the iPhone since that was where it was a pain point for me. For me, Mac I actually want the opposite and want Google Maps. Again, just my preference why I did it that way. 
5. We have a free, basic putt putt game that you might play when you’re stuck at the airport one day 
6. Hopefully this new feature someone suggests! :)"
comment_1nsbpw4_0,1nsbpw4,reddit,applemaps,comment,https://www.reddit.com/r/applemaps/comments/1nsbpw4/i_deleted_my_post_by_accident/,1759022500.0,2025-09-27 20:21:40,,,"I use it a lot. I have one issue tho. If I click on the address google map card, it opens Apple Maps.
But if I click on the map thumbnail right next to the address it opens Apple Maps web version (which does not work well or allow directions).

Here’s a video:

https://share.icloud.com/photos/003AqW4JANgxvamNn_47ICrGw"
comment_1nsbpw4_1,1nsbpw4,reddit,applemaps,comment,https://www.reddit.com/r/applemaps/comments/1nsbpw4/i_deleted_my_post_by_accident/,1759022500.0,2025-09-27 20:21:40,,,"Thanks for answering my question, I’d also change the title of this post to announce the new release. Some of my suggestions:
* Reach feature parity with Mapper, that includes both iPadOS and macOS versions. On Mac should also add option to open the beta web app instead of native app. 
* Shortcuts support, enabling you to pass actions to different Amaps features (Is this already a thing?)

Also, is there a way to convert/redirect those Gmaps buttons to their Amaps equivalents? i.e. Clicking Reviews would take me to Ratings in Amaps."
comment_1nsbpw4_2,1nsbpw4,reddit,applemaps,comment,https://www.reddit.com/r/applemaps/comments/1nsbpw4/i_deleted_my_post_by_accident/,1759022500.0,2025-09-27 20:21:40,,,"Why is this post downvoted? I really like the idea, and i am thinking about trying out your app :) What about privacy/security?"
comment_1nsbpw4_3,1nsbpw4,reddit,applemaps,comment,https://www.reddit.com/r/applemaps/comments/1nsbpw4/i_deleted_my_post_by_accident/,1759022500.0,2025-09-27 20:21:40,,,This is not a new thing. Mapper has been around since Safari extensions were first launched.
comment_1nsbpw4_4,1nsbpw4,reddit,applemaps,comment,https://www.reddit.com/r/applemaps/comments/1nsbpw4/i_deleted_my_post_by_accident/,1759022500.0,2025-09-27 20:21:40,,,"This may seem a bit counterintuitive given the name, but I’d love every feature _except_ blocking Google Maps (Apple Maps in my country is not great for cycling)."
comment_1nsbpw4_5,1nsbpw4,reddit,applemaps,comment,https://www.reddit.com/r/applemaps/comments/1nsbpw4/i_deleted_my_post_by_accident/,1759022500.0,2025-09-27 20:21:40,,,"u/logthefout Just bought it. Did the settings correctly, yet nothing happens when I click on the address in Google Maps card. The address has an option to copy it or suggest and edit when clicked.

https://preview.redd.it/tfnbll1jwfsf1.png?width=1290&amp;format=png&amp;auto=webp&amp;s=9bbe2f76367ef41d3852dc55f5c639a3d8e3daa7"
post_1nryndh,1nryndh,reddit,applemaps,post,https://www.reddit.com/r/applemaps/comments/1nryndh/a_cheeky_self_portrait/,1758988315.0,2025-09-27 10:51:55,132.0,4.0,"A cheeky self portrait

Whilst attending a rugby match at Tunbridge Wells on the 10th of May I heard a plane going a couple of times and looked it up on the flight radar. On its next pass I had a lay down and have been waiting to see which mapping service it was for. Apple maps wins! https://maps.apple.com/place?coordinate=51.114027,0.259455&amp;name=Marked%20Location&amp;map=h
Hope you appreciate a little bit of whimsy!"
comment_1nryndh_0,1nryndh,reddit,applemaps,comment,https://www.reddit.com/r/applemaps/comments/1nryndh/a_cheeky_self_portrait/,1758988315.0,2025-09-27 10:51:55,,,"There have been a couple times when I’ve seen the Google Street View car go by and have found myself later, but this is next level. Kudos."
comment_1nryndh_1,1nryndh,reddit,applemaps,comment,https://www.reddit.com/r/applemaps/comments/1nryndh/a_cheeky_self_portrait/,1758988315.0,2025-09-27 10:51:55,,,"This is hilarious. If no one knew, people would have guessed you were either sun-baking or dead. 

Also I didn’t know they used planes, I thought it was all satellite imagery."
comment_1nryndh_2,1nryndh,reddit,applemaps,comment,https://www.reddit.com/r/applemaps/comments/1nryndh/a_cheeky_self_portrait/,1758988315.0,2025-09-27 10:51:55,,,"This is hilarious  - also the scrum on the adjacent Rugby pitch looks like a piece of art with you there. Great timing, I’d be screen grabbing that and getting it printed off for my wall if it was me!"
post_1nrqg7r,1nrqg7r,reddit,applemaps,post,https://www.reddit.com/r/applemaps/comments/1nrqg7r/route_planing/,1758963599.0,2025-09-27 03:59:59,1.0,10.0,"Route planing

Why can't Apple Maps implement ""directions from here"" to ""directions here""? Other maps do it well. This is the only limitation that makes me not want to use them."
comment_1nrqg7r_0,1nrqg7r,reddit,applemaps,comment,https://www.reddit.com/r/applemaps/comments/1nrqg7r/route_planing/,1758963599.0,2025-09-27 03:59:59,,,Can you clarify what you mean exactly?
comment_1nrqg7r_1,1nrqg7r,reddit,applemaps,comment,https://www.reddit.com/r/applemaps/comments/1nrqg7r/route_planing/,1758963599.0,2025-09-27 03:59:59,,,You mean like placing two pins? You can do that by long pressing and then clicking navigate. You then add a second pin by doing the same thing but press add stop. Then remove the first one.
comment_1nrqg7r_2,1nrqg7r,reddit,applemaps,comment,https://www.reddit.com/r/applemaps/comments/1nrqg7r/route_planing/,1758963599.0,2025-09-27 03:59:59,,,Well u can u just add those 2 direction u want. Then u delete ur location and it shows u. … nothing special
comment_1nrqg7r_3,1nrqg7r,reddit,applemaps,comment,https://www.reddit.com/r/applemaps/comments/1nrqg7r/route_planing/,1758963599.0,2025-09-27 03:59:59,,,You can use Siri to ask for directions between two places. You can also just type “directions from X to Y” into the search field in Maps.
post_1nrmjrk,1nrmjrk,reddit,applemaps,post,https://www.reddit.com/r/applemaps/comments/1nrmjrk/maps_preferred_routes_now_available_on_méxico/,1758948987.0,2025-09-26 23:56:27,43.0,3.0,"Maps preferred routes now available on México

Started Apple Maps today, and a pop-up about preferred route appeared with the configuration needed next. This was not available on the launch of iOS 26 in Mexico."
comment_1nrmjrk_0,1nrmjrk,reddit,applemaps,comment,https://www.reddit.com/r/applemaps/comments/1nrmjrk/maps_preferred_routes_now_available_on_méxico/,1758948987.0,2025-09-26 23:56:27,,,"Por fin, buena noticia amigo! 🎉

I'm in Mexico now, but don't see this option, even after changing my region to Mexico. Does anybody know if this requires you to change your App Store account to be outside EU as well? I thought it doesn't require Apple Intelligence.."
post_1nrdnbo,1nrdnbo,reddit,applemaps,post,https://www.reddit.com/r/applemaps/comments/1nrdnbo/scenic_route_apple_maps/,1758922398.0,2025-09-26 16:33:18,52.0,3.0,"Scenic route apple maps

Seriously why would this be an option? This is an old screenshot i forgot about and there was storms but literally no reason to take this route"
comment_1nrdnbo_0,1nrdnbo,reddit,applemaps,comment,https://www.reddit.com/r/applemaps/comments/1nrdnbo/scenic_route_apple_maps/,1758922398.0,2025-09-26 16:33:18,,,Probably bc it avoids the severe weather
comment_1nrdnbo_1,1nrdnbo,reddit,applemaps,comment,https://www.reddit.com/r/applemaps/comments/1nrdnbo/scenic_route_apple_maps/,1758922398.0,2025-09-26 16:33:18,,,To avoid severe weather
post_1nr6q7o,1nr6q7o,reddit,applemaps,post,https://www.reddit.com/r/applemaps/comments/1nr6q7o/disable_parking_location_notification_but_keep/,1758905972.0,2025-09-26 11:59:32,5.0,4.0,"Disable parking location notification but keep saving location?

Whenever I use CarPlay, I get a notification from Apple Maps saying that it saved my parking location. I actually like that it records where I parked, but I’d rather not get the notification every time.

Is there any way to disable just the parking location notification while still keeping the feature active?"
comment_1nr6q7o_0,1nr6q7o,reddit,applemaps,comment,https://www.reddit.com/r/applemaps/comments/1nr6q7o/disable_parking_location_notification_but_keep/,1758905972.0,2025-09-26 11:59:32,,,You can turn off maps notifications in settings
comment_1nr6q7o_1,1nr6q7o,reddit,applemaps,comment,https://www.reddit.com/r/applemaps/comments/1nr6q7o/disable_parking_location_notification_but_keep/,1758905972.0,2025-09-26 11:59:32,,,"It’s insane that this is something we can’t do. I just want to keep the ability to see where I’m parked within the app, but not be sent a notification about it every time I park. And I don’t want to turn off ALL maps notifications…"
post_1nr3eap,1nr3eap,reddit,applemaps,post,https://www.reddit.com/r/applemaps/comments/1nr3eap/with_launch_of_new_season_apple_maps_debuts_slow/,1758898272.0,2025-09-26 09:51:12,25.0,4.0,"With launch of new season, Apple Maps debuts Slow Horses locations guide in London"
comment_1nr3eap_0,1nr3eap,reddit,applemaps,comment,https://www.reddit.com/r/applemaps/comments/1nr3eap/with_launch_of_new_season_apple_maps_debuts_slow/,1758898272.0,2025-09-26 09:51:12,,,[Called it](https://www.reddit.com/r/applemaps/s/Fwwz5X0xmo) and got called out for it.
post_1nqidlg,1nqidlg,reddit,applemaps,post,https://www.reddit.com/r/applemaps/comments/1nqidlg/apple_maps_releases_navigation_in_panama_city/,1758833731.0,2025-09-25 15:55:31,49.0,3.0,"Apple Maps releases navigation in Panama City, Panama"
comment_1nqidlg_0,1nqidlg,reddit,applemaps,comment,https://www.reddit.com/r/applemaps/comments/1nqidlg/apple_maps_releases_navigation_in_panama_city/,1758833731.0,2025-09-25 15:55:31,,,Works in Guatemala too!
comment_1nqidlg_1,1nqidlg,reddit,applemaps,comment,https://www.reddit.com/r/applemaps/comments/1nqidlg/apple_maps_releases_navigation_in_panama_city/,1758833731.0,2025-09-25 15:55:31,,,Hilarious how in /r/panama many keep repeating ad naseum to use GMaps or Waze instead. As if that’s relevant lol.
post_1nqhicn,1nqhicn,reddit,applemaps,post,https://www.reddit.com/r/applemaps/comments/1nqhicn/weird_deviations_since_ios_26/,1758831714.0,2025-09-25 15:21:54,5.0,5.0,"Weird Deviations Since iOS 26

Anyone else had odd deviations since iOS 26 released? The use Apple Maps on my daily commute but the last week has had some weird behavior. Like one day it told me to get off an interstate and then immediately get back on. There was no reports in the area and just weird.

It's also been suggesting that I don't use certain on ramps to get on the interstate and to drive past them and take country roads until the next on ramp. Traffic was clear and was no reason to do this. Has been pretty stellar up until this newest release. I've reported them to Apple but they just say they aren't able to make the change. Anyone seen similar issues or have any suggestions?"
comment_1nqhicn_0,1nqhicn,reddit,applemaps,comment,https://www.reddit.com/r/applemaps/comments/1nqhicn/weird_deviations_since_ios_26/,1758831714.0,2025-09-25 15:21:54,,,"&gt;Like one day it told me to get off an interstate and then immediately get back on. 

I can't think of any OS versions in recent history where this hasn't happened to me from time to time."
comment_1nqhicn_1,1nqhicn,reddit,applemaps,comment,https://www.reddit.com/r/applemaps/comments/1nqhicn/weird_deviations_since_ios_26/,1758831714.0,2025-09-25 15:21:54,,,Not that I’ve noticed.
comment_1nqhicn_2,1nqhicn,reddit,applemaps,comment,https://www.reddit.com/r/applemaps/comments/1nqhicn/weird_deviations_since_ios_26/,1758831714.0,2025-09-25 15:21:54,,,No issues for me
comment_1nqhicn_3,1nqhicn,reddit,applemaps,comment,https://www.reddit.com/r/applemaps/comments/1nqhicn/weird_deviations_since_ios_26/,1758831714.0,2025-09-25 15:21:54,,,it's an issue with the directions server not the os
post_1nqbvtw,1nqbvtw,reddit,applemaps,post,https://www.reddit.com/r/applemaps/comments/1nqbvtw/traffico_apple_maps/,1758818804.0,2025-09-25 11:46:44,0.0,1.0,"Traffico Apple maps

Se Apple Maps comprasse i dati del traffico da Waze sarebbe imbattibile"
comment_1nqbvtw_0,1nqbvtw,reddit,applemaps,comment,https://www.reddit.com/r/applemaps/comments/1nqbvtw/traffico_apple_maps/,1758818804.0,2025-09-25 11:46:44,,,"Se mia nonna avesse le ruote, sarebbe una carriola."
post_1nqbasa,1nqbasa,reddit,applemaps,post,https://www.reddit.com/r/applemaps/comments/1nqbasa/apple_maps_place_showing_in_search_but_not_on_map/,1758817468.0,2025-09-25 11:24:28,5.0,3.0,"Apple Maps Place showing in Search but not on Map

Hey I have a problem with making our place visible in Apple Maps. It can be found when searching for the place but it is not visible on the Map."
comment_1nqbasa_0,1nqbasa,reddit,applemaps,comment,https://www.reddit.com/r/applemaps/comments/1nqbasa/apple_maps_place_showing_in_search_but_not_on_map/,1758817468.0,2025-09-25 11:24:28,,,"Not all places are visible, because then you wouldn’t see anything of the map. Only frequently visited places like restaurants, gas stations, malls, supermarkets, etc. are shown on the map, but not most doctors, therapists, etc."
comment_1nqbasa_1,1nqbasa,reddit,applemaps,comment,https://www.reddit.com/r/applemaps/comments/1nqbasa/apple_maps_place_showing_in_search_but_not_on_map/,1758817468.0,2025-09-25 11:24:28,,,"this is likely intentional. only popular locations show up. for example, schools don't appear for me. universities and colleges do."
post_1nq52fy,1nq52fy,reddit,applemaps,post,https://www.reddit.com/r/applemaps/comments/1nq52fy/apple_maps_routes_through_a_closed_intersection/,1758802324.0,2025-09-25 07:12:04,69.0,4.0,"Apple Maps routes through a closed intersection

The intersection in the screenshot is closed, but Apple Maps still plans a route that uses it. Is this a Maps error, or an issue with how the road closure was reported?

Location on Apple Maps: https://maps.apple.com/place?address=6001%20GZ%20Weert,%20Nederland&amp;coordinate=51.257224,5.704217&amp;name=Weert%20Kermis&amp;place-id=IB6180F8677F38B87&amp;map=explore"
comment_1nq52fy_0,1nq52fy,reddit,applemaps,comment,https://www.reddit.com/r/applemaps/comments/1nq52fy/apple_maps_routes_through_a_closed_intersection/,1758802324.0,2025-09-25 07:12:04,,,Seems like it’s probably assuming that the intersection itself is still open and that the only closed portion is the road beyond it. I’d report it in the app and be specific about what’s wrong
comment_1nq52fy_1,1nq52fy,reddit,applemaps,comment,https://www.reddit.com/r/applemaps/comments/1nq52fy/apple_maps_routes_through_a_closed_intersection/,1758802324.0,2025-09-25 07:12:04,,,Well its clear that u cant go straight soo Apple maps is taking u to make a right turn. Whats the issue ? I domt see it
post_1npuljs,1npuljs,reddit,applemaps,post,https://www.reddit.com/r/applemaps/comments/1npuljs/guides_in_apple_maps_missing_places_after_ios_26/,1758765555.0,2025-09-24 20:59:15,9.0,6.0,"Guides in Apple Maps Missing Places After iOS 26 Upgrade

I maintain a guide of 28 places in Apple Maps that I use to run errands for my elderly mother. Right after upgrading my iPhone to iOS 26, I noticed that only the first 5 places, sorted by name, are in the guide. My Mac and iPad (which was also upgraded to iOS 26) do NOT have this issue. Sorting by distance or 'date added' brings up an additional 4 places, but only temporarily. I've tried everything I can think of to resolve this, but I'm convinced it's a bug. Anyone else running into this; if so, were you able to resolve it? Thanks!"
comment_1npuljs_0,1npuljs,reddit,applemaps,comment,https://www.reddit.com/r/applemaps/comments/1npuljs/guides_in_apple_maps_missing_places_after_ios_26/,1758765555.0,2025-09-24 20:59:15,,,Same problem.  Dis also not got a solution
comment_1npuljs_1,1npuljs,reddit,applemaps,comment,https://www.reddit.com/r/applemaps/comments/1npuljs/guides_in_apple_maps_missing_places_after_ios_26/,1758765555.0,2025-09-24 20:59:15,,,I have the se 2022 i think 3rd?    Infound the real home button better.  This has a touch home button.    Bitbit was for me the only smallnin size phone.      If I find a solution i will let know
post_1npofs2,1npofs2,reddit,applemaps,post,https://www.reddit.com/r/applemaps/comments/1npofs2/any_way_to_convince_apple_maps_that_certain_rapid/,1758748895.0,2025-09-24 16:21:35,13.0,4.0,"Any way to convince Apple Maps that certain rapid enter/exit directions are unviable or otherwise stupid?

Think merging from the left and needing to exit 3 lanes to the right within half a mile, or saving 500 feet by taking an exit meant for surface streets and quickly merging to the other highway instead of taking the wraparound ramp that eventually gets its own lane."
comment_1npofs2_0,1npofs2,reddit,applemaps,comment,https://www.reddit.com/r/applemaps/comments/1npofs2/any_way_to_convince_apple_maps_that_certain_rapid/,1758748895.0,2025-09-24 16:21:35,,,"At the bottom, click Report an issue and then select Report route issue. It will let you report an issue for specific directions during a route"
comment_1npofs2_1,1npofs2,reddit,applemaps,comment,https://www.reddit.com/r/applemaps/comments/1npofs2/any_way_to_convince_apple_maps_that_certain_rapid/,1758748895.0,2025-09-24 16:21:35,,,Don't give up hope. I reported an obviously wrong rotary description and after two years they recently corrected it. It might help to take pictures.
comment_1npofs2_2,1npofs2,reddit,applemaps,comment,https://www.reddit.com/r/applemaps/comments/1npofs2/any_way_to_convince_apple_maps_that_certain_rapid/,1758748895.0,2025-09-24 16:21:35,,,I recently reported one such wrong exit on the map. They didn’t change it. I will stop reporting errors to apple. Clearly they don’t want it.
comment_1npofs2_3,1npofs2,reddit,applemaps,comment,https://www.reddit.com/r/applemaps/comments/1npofs2/any_way_to_convince_apple_maps_that_certain_rapid/,1758748895.0,2025-09-24 16:21:35,,,L’azienda che si occupa delle correzioni Apple è vergognoso! Apple dovrebbe cambiare politica
post_1nnydix,1nnydix,reddit,applemaps,post,https://www.reddit.com/r/applemaps/comments/1nnydix/how_exactly_does_reporting_a_road_closure_work/,1758574628.0,2025-09-22 15:57:08,13.0,8.0,"How exactly does reporting a road closure work?

I’m happy that iOS 26 now allows us to report road closures, but I don’t really understand how this feature is supposed to work. In Waze, when you report a road closure, you can indicate which road specifically is closed. In Apple Maps, I didn’t see the option to indicate that.

Does anyone know what’s the “correct” way of using this feature?"
comment_1nnydix_0,1nnydix,reddit,applemaps,comment,https://www.reddit.com/r/applemaps/comments/1nnydix/how_exactly_does_reporting_a_road_closure_work/,1758574628.0,2025-09-22 15:57:08,,,"When tapping your profile picture &gt; Reports &gt; Report a New Issue &gt; Report an Incident &gt; Road Closure, it allows you to drag and drop a location for the road closure, while also providing some extra details if you wish."
comment_1nnydix_1,1nnydix,reddit,applemaps,comment,https://www.reddit.com/r/applemaps/comments/1nnydix/how_exactly_does_reporting_a_road_closure_work/,1758574628.0,2025-09-22 15:57:08,,,"It seems to me, this new iOS 26 road closure reporting is totally missed opportunity. Your example with Waze is what it should work, but it does nothing. Even if I reported closed street, I then stopped the navigation and tried again to set up a route, it gives me the same route even with closed street with road closure marker that I previously reported. Sorry Apple, but this is useless piece of …. ."
comment_1nnydix_2,1nnydix,reddit,applemaps,comment,https://www.reddit.com/r/applemaps/comments/1nnydix/how_exactly_does_reporting_a_road_closure_work/,1758574628.0,2025-09-22 15:57:08,,,"It’s probably just a warning for other drivers, nothing that directly affects routing."
post_1nnspz7,1nnspz7,reddit,applemaps,post,https://www.reddit.com/r/applemaps/comments/1nnspz7/all_guides_and_saved_places_gone/,1758561865.0,2025-09-22 12:24:25,5.0,4.0,"All Guides and Saved Places gone

Hi folks,

  
Title is pretty straightforward : I lost all my saved places and guides in Apple Maps. I had to change my phone recently, went from my iPhone to a Pixel, then an old iPhone. And now there's nothing left in Apple Maps. It is so weird, surely all my guides and saved places are saved somewhere on my iCloud account right ? Side note : Maps was synced with iCloud in my settings.

I had like 200 addresses there, it is super important to me"
comment_1nnspz7_0,1nnspz7,reddit,applemaps,comment,https://www.reddit.com/r/applemaps/comments/1nnspz7/all_guides_and_saved_places_gone/,1758561865.0,2025-09-22 12:24:25,,,"It keeps saved on your iCloud, just log in"
comment_1nnspz7_1,1nnspz7,reddit,applemaps,comment,https://www.reddit.com/r/applemaps/comments/1nnspz7/all_guides_and_saved_places_gone/,1758561865.0,2025-09-22 12:24:25,,,I had the same issue. I deleted maps and redownloaded it and everything came back. Hope this helps
post_1nnjol7,1nnjol7,reddit,applemaps,post,https://www.reddit.com/r/applemaps/comments/1nnjol7/reporting_on_maps_vs_maps_escalationsapplecom/,1758539817.0,2025-09-22 06:16:57,19.0,7.0,"Reporting on Maps vs maps_escalations@apple.com

About a month and a half ago, I reported an issue on the Maps application. There was an error with the entry of Poi. Maps was directing to the delivery entrance. As of today, it still hasn't been addressed. On Saturday night, I submitted a report via maps_escalations@apple.com, including exactly the same information. By Sunday morning, the problem was fixed. Frustrating..."
comment_1nnjol7_0,1nnjol7,reddit,applemaps,comment,https://www.reddit.com/r/applemaps/comments/1nnjol7/reporting_on_maps_vs_maps_escalationsapplecom/,1758539817.0,2025-09-22 06:16:57,,,"As the email address suggests, an email to them is an ""escalation"" of the issue and is thus taken as higher priority. 

Keep in mind though that you should always still ideally report the issue within the app first, since they also cross check to see if it has been already reported in the app, and also because bombarding that email with reports prevents other people with potentially business damaging inaccuracies from getting the fixes they need fast. 

So essentially, you should use that email for important cases if they have not been addressed yet through the built in report feature. Treat the email as a ""last resort""."
comment_1nnjol7_1,1nnjol7,reddit,applemaps,comment,https://www.reddit.com/r/applemaps/comments/1nnjol7/reporting_on_maps_vs_maps_escalationsapplecom/,1758539817.0,2025-09-22 06:16:57,,,"In my experience, they are getting faster with reports in the app, but only in some regions, some neighbourhoods take weeks to update"
comment_1nnjol7_2,1nnjol7,reddit,applemaps,comment,https://www.reddit.com/r/applemaps/comments/1nnjol7/reporting_on_maps_vs_maps_escalationsapplecom/,1758539817.0,2025-09-22 06:16:57,,,Was on vacation in Sicily and reported a map issue through the app and was updated a few days later 🤷🏽‍♂️
comment_1nnjol7_3,1nnjol7,reddit,applemaps,comment,https://www.reddit.com/r/applemaps/comments/1nnjol7/reporting_on_maps_vs_maps_escalationsapplecom/,1758539817.0,2025-09-22 06:16:57,,,I always report in the app and within 1-2 weeks it’s been fixed.
post_1nm8vbh,1nm8vbh,reddit,applemaps,post,https://www.reddit.com/r/applemaps/comments/1nm8vbh/siri_dont_know_pinned_places/,1758400552.0,2025-09-20 15:35:52,5.0,3.0,"Siri don’t know pinned places

I love how Apple Maps have pinned places because when I navigate to those places it I can have it automatically share my eta with people. But for the life of me I can’t figure out to get Siri to use a pinned place. I always have to select it myself. Any ideas how to get Siri to use a pinned place?"
comment_1nm8vbh_0,1nm8vbh,reddit,applemaps,comment,https://www.reddit.com/r/applemaps/comments/1nm8vbh/siri_dont_know_pinned_places/,1758400552.0,2025-09-20 15:35:52,,,"No Siri cannot pin places 

Here’s what I found on google

No, Siri cannot directly ""pin"" a location on the map, but you can drop a pin in the Apple Maps app by touch-and-holding the map, and then save that pin to your Places for future reference 

[Pin Places Maps](https://support.apple.com/en-au/guide/iphone/iphfa7286b57/ios)"
post_1nm6l6v,1nm6l6v,reddit,applemaps,post,https://www.reddit.com/r/applemaps/comments/1nm6l6v/why_is_visited_places_restricted_to_os26/,1758395015.0,2025-09-20 14:03:35,0.0,4.0,"Why is Visited Places restricted to OS26?

Visited Places is a new feature for iOS 26. My iPhone is on iOS 18. 

I went shopping at a store last week. I just opened the Maps app on my Mac (Sequoia 15.6) and looked up that same store to check traffic. There was a ratings suggestion saying that I had visited this store last week. 

If the individual store locations are already being tracked and saved, why is Visited Places not a feature in iOS 18? Apple has the information but is denying me access to it? 



This is one of the many reasons Apple apps should be updated through the App Store like other apps. I should not be required to install an entire operating system to get a single feature update.

https://preview.redd.it/iic0ul8uadqf1.png?width=572&amp;format=png&amp;auto=webp&amp;s=23da64ecaf0b467ee5e0a3f2e4e219a8b5486442"
comment_1nm6l6v_0,1nm6l6v,reddit,applemaps,comment,https://www.reddit.com/r/applemaps/comments/1nm6l6v/why_is_visited_places_restricted_to_os26/,1758395015.0,2025-09-20 14:03:35,,,"Because it's a feature that came with iOS 26. I agree that some apps have features that seem like they could have been updated standalone, without requiring a whole OS update, but this streamlines features to prevent people from updating their OS and realising that some apps don't have the claimed features because they have to be updated separately from the App store. 

Also, the new feature requires you to give it permission to store and keep track of places you've been specifically through more precise time measurements and location readings the first time, rather than analysing a pattern, which is what ""Siri suggestions"" does."
comment_1nm6l6v_1,1nm6l6v,reddit,applemaps,comment,https://www.reddit.com/r/applemaps/comments/1nm6l6v/why_is_visited_places_restricted_to_os26/,1758395015.0,2025-09-20 14:03:35,,,It’s always how apple update worked. It’s not like the standalone app like sport
comment_1nm6l6v_2,1nm6l6v,reddit,applemaps,comment,https://www.reddit.com/r/applemaps/comments/1nm6l6v/why_is_visited_places_restricted_to_os26/,1758395015.0,2025-09-20 14:03:35,,,"You’re not missing anything, I have it and it has recorded maybe 1 out of 100 visited locations."
post_1nkrfog,1nkrfog,reddit,applemaps,post,https://www.reddit.com/r/applemaps/comments/1nkrfog/least_populated_city_to_get_apple_maps_hollowed/,1758248334.0,2025-09-18 21:18:54,6.0,3.0,"Least populated city to get Apple Maps’ hollowed out circle icon?

Just wanting to find a pretty small town to get one of those white circle filled in with black icons Apple Maps’ usually reserves for major or highly populated cities. Uploaded a little screenshot of Juneau on Apple Maps for some reference as to what I mean by that icon.

https://preview.redd.it/vav9mhi671qf1.jpg?width=770&amp;format=pjpg&amp;auto=webp&amp;s=5526a9ebc0a610dd0c7327fee7d018e54dcacff5"
comment_1nkrfog_0,1nkrfog,reddit,applemaps,comment,https://www.reddit.com/r/applemaps/comments/1nkrfog/least_populated_city_to_get_apple_maps_hollowed/,1758248334.0,2025-09-18 21:18:54,,,Isn’t that because it’s a state capital?
post_1nkrcji,1nkrcji,reddit,applemaps,post,https://www.reddit.com/r/applemaps/comments/1nkrcji/directions_endpoint_no_longer_accepts_os_x_109/,1758248093.0,2025-09-18 21:14:53,7.0,4.0,"Directions endpoint no longer accepts OS X 10.9 request format

The main directions endpoint at [https://gsp-ssl.ls.apple.com/directions.arpc](https://gsp-ssl.ls.apple.com/directions.arpc) was updated somewhere in 2024 and now no longer accepts directions requests from OS X Mavericks, iOS 6 and iOS 7. MapsX fixes directions for iOS but there isn't a fix for OS X at the moment. Does anyone know of an alternate endpoint that hasn't been updated? I've tried gsp-ssl-commute, gsp57-locus-ssl, [gsp-ssl.apple.com](http://gsp-ssl.apple.com), gsp57-background-ssl, gspe-ssl, [gsp.ls.apple.com](http://gsp.ls.apple.com), gsp57-ssl, and a couple more."
comment_1nkrcji_0,1nkrcji,reddit,applemaps,comment,https://www.reddit.com/r/applemaps/comments/1nkrcji/directions_endpoint_no_longer_accepts_os_x_109/,1758248093.0,2025-09-18 21:14:53,,,Bro why are you on Mavericks
post_1nkqtdz,1nkqtdz,reddit,applemaps,post,https://www.reddit.com/r/applemaps/comments/1nkqtdz/titanic_wreck_is_marked_on_apple_maps/,1758246602.0,2025-09-18 20:50:02,584.0,21.0,"Titanic Wreck is marked on Apple Maps

I was just going around the north Atlantic ocean when I noticed titanic wreck were marked in the exact location it sank. what an interesting detail from Apple"
comment_1nkqtdz_0,1nkqtdz,reddit,applemaps,comment,https://www.reddit.com/r/applemaps/comments/1nkqtdz/titanic_wreck_is_marked_on_apple_maps/,1758246602.0,2025-09-18 20:50:02,,,"Uhhh….

https://preview.redd.it/soz3yyvb31qf1.jpeg?width=1290&amp;format=pjpg&amp;auto=webp&amp;s=b74ff4a0e73406b3315dfa2a3ebc08990b39b2e4"
comment_1nkqtdz_1,1nkqtdz,reddit,applemaps,comment,https://www.reddit.com/r/applemaps/comments/1nkqtdz/titanic_wreck_is_marked_on_apple_maps/,1758246602.0,2025-09-18 20:50:02,,,When do you think they’ll add lookaround for that?
comment_1nkqtdz_2,1nkqtdz,reddit,applemaps,comment,https://www.reddit.com/r/applemaps/comments/1nkqtdz/titanic_wreck_is_marked_on_apple_maps/,1758246602.0,2025-09-18 20:50:02,,,Which one?
comment_1nkqtdz_3,1nkqtdz,reddit,applemaps,comment,https://www.reddit.com/r/applemaps/comments/1nkqtdz/titanic_wreck_is_marked_on_apple_maps/,1758246602.0,2025-09-18 20:50:02,,,"Nice, I wonder if other shipwrecks are marked"
comment_1nkqtdz_4,1nkqtdz,reddit,applemaps,comment,https://www.reddit.com/r/applemaps/comments/1nkqtdz/titanic_wreck_is_marked_on_apple_maps/,1758246602.0,2025-09-18 20:50:02,,,Likely that's the BACK of the wreck. You'll still need to drive around to find the front entrance.
comment_1nkqtdz_5,1nkqtdz,reddit,applemaps,comment,https://www.reddit.com/r/applemaps/comments/1nkqtdz/titanic_wreck_is_marked_on_apple_maps/,1758246602.0,2025-09-18 20:50:02,,,"Well how else are billionaires supposed to find it??! 

/s"
comment_1nkqtdz_6,1nkqtdz,reddit,applemaps,comment,https://www.reddit.com/r/applemaps/comments/1nkqtdz/titanic_wreck_is_marked_on_apple_maps/,1758246602.0,2025-09-18 20:50:02,,,But they can’t expand look around.
comment_1nkqtdz_7,1nkqtdz,reddit,applemaps,comment,https://www.reddit.com/r/applemaps/comments/1nkqtdz/titanic_wreck_is_marked_on_apple_maps/,1758246602.0,2025-09-18 20:50:02,,,"Great, I’ll add a review now"
comment_1nkqtdz_8,1nkqtdz,reddit,applemaps,comment,https://www.reddit.com/r/applemaps/comments/1nkqtdz/titanic_wreck_is_marked_on_apple_maps/,1758246602.0,2025-09-18 20:50:02,,,Did they also mark the Titan wreck?
post_1nkp0lc,1nkp0lc,reddit,applemaps,post,https://www.reddit.com/r/applemaps/comments/1nkp0lc/still_no_nsew/,1758241516.0,2025-09-18 19:25:16,0.0,4.0,"STILL no N/S/E/W?

It's 2025, why can't Apple add which direction you're going? This is SO frustrating to me! I don't want to have to use Google Maps just for this. 😫"
comment_1nkp0lc_0,1nkp0lc,reddit,applemaps,comment,https://www.reddit.com/r/applemaps/comments/1nkp0lc/still_no_nsew/,1758241516.0,2025-09-18 19:25:16,,,"The did, years ago. 

Settings &gt; Apps &gt; Maps &gt; Directions &gt; Driving &gt; Compass"
comment_1nkp0lc_1,1nkp0lc,reddit,applemaps,comment,https://www.reddit.com/r/applemaps/comments/1nkp0lc/still_no_nsew/,1758241516.0,2025-09-18 19:25:16,,,Maybe do a little google search before a complaint post 😁
post_1njsgkc,1njsgkc,reddit,applemaps,post,https://www.reddit.com/r/applemaps/comments/1njsgkc/how_do_you_edit_guide_pin_names_in_ios_26/,1758151031.0,2025-09-17 18:17:11,5.0,3.0,"How do you edit guide pin names in iOS 26?

Hey all! Been using iOS 26 for a few days now, and just came across the first issue that I cannot find a solution for.

I’m sure most members of this sub are familiar with the guide feature in Apple Maps, where you can add multiple pins to a particular guide/group. I just use it to group my pins with things like “campsites” or “boat launches.”

Has anyone figured out how the hell to add a pin to a guide in iOS 26 and rename that pin? I can add a pin, and then go to Places &gt; Pinned &gt; “i” icon, to rename individual pins. Great, I figured that out. But then I go to add the same exact pin to my guide, and it just titles it with the address or zip code after I already renamed it, and there doesn’t seem to be a way to rename after adding. I swear I’ve tried everything and cannot figure out how to rename these guide locations—in the previous OS it was not hard at all (you would swipe left, hit the pencil icon with the blue background, and rename). I can easily rename the group, but not the individual pins.

Am I missing something, or did the devs forget to add this feature in iOS 26? Thank you in advance for any help here."
comment_1njsgkc_0,1njsgkc,reddit,applemaps,comment,https://www.reddit.com/r/applemaps/comments/1njsgkc/how_do_you_edit_guide_pin_names_in_ios_26/,1758151031.0,2025-09-17 18:17:11,,,"I just got off a call with senior support and they agreed with my conclusion that this feature is missing and should be reported as a bug. I’m part of the dev program and will report thru feedback assistant, but if anyone else can try it and maybe report as well that would be helpful. This is one of my most used Apple Maps features.

As a software dev myself, the fact that pinned locations have an obvious “i” icon for exactly this purpose, and guide locations do not (nor any other way to rename), makes me pretty confident that it was simply an oversight by the devs and QA folks. They just need to add that same icon and logic in the guide section that already exists in the pinned section."
post_1njqduj,1njqduj,reddit,applemaps,post,https://www.reddit.com/r/applemaps/comments/1njqduj/very_strange_bug_estimating_distance/,1758145829.0,2025-09-17 16:50:29,6.0,0.0,"Very strange bug estimating distance

My wife and I were driving from Boston to Ottawa Ontario, using Apple Maps. Everything was working fine. Then we got off the road for a rest stop, and when we got back on the road, the arrival time and time estimate were correct, but the app showed a distance of 26,870 miles. BOTH phones showed this. The mileage estimate was off in this way until we arrived at our destination.

Has anyone seen anything like this?

https://preview.redd.it/is1hoh63qspf1.png?width=1170&amp;format=png&amp;auto=webp&amp;s=5ab376836ce7bf0c0c3150f46c02cdcc3895039e

No, it's about 150 miles, not over 26k!"
post_1njethm,1njethm,reddit,applemaps,post,https://www.reddit.com/r/applemaps/comments/1njethm/apple_maps_navigation_stopped_working_after_ios/,1758119639.0,2025-09-17 09:33:59,1.0,1.0,Apple Maps navigation stopped working after ios 26 update
comment_1njethm_0,1njethm,reddit,applemaps,comment,https://www.reddit.com/r/applemaps/comments/1njethm/apple_maps_navigation_stopped_working_after_ios/,1758119639.0,2025-09-17 09:33:59,,,I believe it said in another post that this is known bug and should be fixed in the next update?
post_1njaine,1njaine,reddit,applemaps,post,https://www.reddit.com/r/applemaps/comments/1njaine/what_are_the_symbols_within_apple_maps/,1758108507.0,2025-09-17 06:28:27,0.0,23.0,"What are the symbols within Apple Maps

I’m using Apple Maps creating a route and now there’s symbols with which I don’t know?"
comment_1njaine_0,1njaine,reddit,applemaps,comment,https://www.reddit.com/r/applemaps/comments/1njaine/what_are_the_symbols_within_apple_maps/,1758108507.0,2025-09-17 06:28:27,,,Stairs.
comment_1njaine_1,1njaine,reddit,applemaps,comment,https://www.reddit.com/r/applemaps/comments/1njaine/what_are_the_symbols_within_apple_maps/,1758108507.0,2025-09-17 06:28:27,,,Is this a deliberate shitpost? There’s a massive set of stairs where the stairs are marked and the entire “different colour” section is part of Southern Cross station.
comment_1njaine_2,1njaine,reddit,applemaps,comment,https://www.reddit.com/r/applemaps/comments/1njaine/what_are_the_symbols_within_apple_maps/,1758108507.0,2025-09-17 06:28:27,,,# FUCK OFF SEA POO QUEEN
comment_1njaine_3,1njaine,reddit,applemaps,comment,https://www.reddit.com/r/applemaps/comments/1njaine/what_are_the_symbols_within_apple_maps/,1758108507.0,2025-09-17 06:28:27,,,"Looks like stairs to me... ;)

https://preview.redd.it/4xz60rgh3qpf1.png?width=1501&amp;format=png&amp;auto=webp&amp;s=163d888fb4fb0d06b7968580896be1591a660e81"
comment_1njaine_4,1njaine,reddit,applemaps,comment,https://www.reddit.com/r/applemaps/comments/1njaine/what_are_the_symbols_within_apple_maps/,1758108507.0,2025-09-17 06:28:27,,,Zoom in. It isn’t more establishments?
comment_1njaine_5,1njaine,reddit,applemaps,comment,https://www.reddit.com/r/applemaps/comments/1njaine/what_are_the_symbols_within_apple_maps/,1758108507.0,2025-09-17 06:28:27,,,well what could the stairs symbol be? lets see. a hot dog vendor maybe?
comment_1njaine_6,1njaine,reddit,applemaps,comment,https://www.reddit.com/r/applemaps/comments/1njaine/what_are_the_symbols_within_apple_maps/,1758108507.0,2025-09-17 06:28:27,,,Does it not show you if you tap on it?
post_1nj2cxy,1nj2cxy,reddit,applemaps,post,https://www.reddit.com/r/applemaps/comments/1nj2cxy/why_do_you_use_apple_maps/,1758079549.0,2025-09-16 22:25:49,80.0,60.0,"Why do you use Apple Maps?

Hi everyone! I’m interested as a cartographer why people choose their map apps on phones for a project I’m doing. If you could help out and explain your reasoning for using Apple Maps that would be appreciated!

Thank you for your time!"
comment_1nj2cxy_0,1nj2cxy,reddit,applemaps,comment,https://www.reddit.com/r/applemaps/comments/1nj2cxy/why_do_you_use_apple_maps/,1758079549.0,2025-09-16 22:25:49,,,"It's pretty. 

Also it gives better lane guidance imo. Like if I am taking a left and then immediately have to take a right and there are two left-turn lanes, Apple Maps will tell me to specifically go on the rightmost left-turn lane so I can easily turn right after the intersection, while Google Maps doesn't do it as well.

But also it's pretty."
comment_1nj2cxy_1,1nj2cxy,reddit,applemaps,comment,https://www.reddit.com/r/applemaps/comments/1nj2cxy/why_do_you_use_apple_maps/,1758079549.0,2025-09-16 22:25:49,,,"Initially, it was how good it looked that brought me over, and it's an Apple product, too, so it's deeply integrated. Turned out, it’s even better in a lot of aspects if your region supports it, especially voice direction is awesome when it tells you to turn at a certain light or sign, which is better than distance."
comment_1nj2cxy_2,1nj2cxy,reddit,applemaps,comment,https://www.reddit.com/r/applemaps/comments/1nj2cxy/why_do_you_use_apple_maps/,1758079549.0,2025-09-16 22:25:49,,,"It might be more helpful to gather more specific data points via Google Forms, but here are mine:

1. UI/UX: Apple Maps is simply better than all the competition here such as Gmaps, Waze, Mapy.com, Here, KakaoMaps, Organic Maps and others. The UI is not as cluttered and is fast and responsive. It just works here. UX is also better across devices due to familiarity and so on. 

2. Performance and battery: I touched on the responsiveness above, but also in Flyover and Look Around, the performance runs at a native level compared to the competition which is often choppy or doesn’t exist. 

3. Availability: It’s also available natively/offline on watchOS and I think even visionOS and there’s even a third party tvOS version. Now also on web in beta. 

4. Privacy: No trackers, ads (at the moment) and reselling of your data while you use the product. No upselling to paid versions and so on. It all stays private on your device. How can you not like that?

5. Support: Compared to Google, Business Connect has actual human support team behind it and not just AI. Escalations emails hardly ever get responses but Business Connect does. 

6. Features: Maps in some countries has Apple’s data, which tends to be very accurate and combined with government and third party info can also be quite accurate. This has especially been true in Mexico once data started showing up earlier this year. Then there’s topographic maps for US/UK, Visited Places in a few more regions, DCE providing really detailed data for some cities and so on. 

7. Transit and Bike: Transit where available is extremely detailed and with real time data gets even easier to use. Biking paths utilize elevation and other data to make for an excellent biking experience.

And lastly this community. There are some real passionate Maps users here who have put in a ton of work to help improve Maps. In my opinion, they all deserve a type of ‘Local Guide’ or at least some recognition from Apple, but that’s another story. But yeah, that’s another source of inspiration to use Apple Maps for me. 😊"
comment_1nj2cxy_3,1nj2cxy,reddit,applemaps,comment,https://www.reddit.com/r/applemaps/comments/1nj2cxy/why_do_you_use_apple_maps/,1758079549.0,2025-09-16 22:25:49,,,"Initially I started using Apple Maps because my Car’s heads up display only supported showing directions when using Apple Maps via Car Play. Recently an update made the heads up display with Google Maps.

After trying to switch back, I was making multiple errors navigating due to how lane changes and other details are captured. Some parts are wrong, in dense areas it was unclear from a glance if the next turn was the immediate side street or not. Now, I’m back to use Apple Maps. 

Hope Apple keeps improving data and UX by investing in the product."
comment_1nj2cxy_4,1nj2cxy,reddit,applemaps,comment,https://www.reddit.com/r/applemaps/comments/1nj2cxy/why_do_you_use_apple_maps/,1758079549.0,2025-09-16 22:25:49,,,"Cleaner, easier to use UI. Fewer distractions when driving compared to competitors. Strong integration with my Apple devices. Great lane guidance."
comment_1nj2cxy_5,1nj2cxy,reddit,applemaps,comment,https://www.reddit.com/r/applemaps/comments/1nj2cxy/why_do_you_use_apple_maps/,1758079549.0,2025-09-16 22:25:49,,,Because I’m deep into the Apple ecosystem.
comment_1nj2cxy_6,1nj2cxy,reddit,applemaps,comment,https://www.reddit.com/r/applemaps/comments/1nj2cxy/why_do_you_use_apple_maps/,1758079549.0,2025-09-16 22:25:49,,,"I use it when driving and generally the guidance approach is good, things like “Go past these lights and at the next lights, turn right.” Clear and all delivered in plenty of time.

That’s the good. Unfortunately, occasionally, the vocal instructions get left and right mixed up, so I always have to check which way the arrow is pointing on the screen. A small thing but if you can’t rely on it 100%, then you always have to check

The integration with the Apple Watch s great too. Wrist taps draw your attention.

Roundabout exit counting is a bit hit and miss. I don’t card if the first exit is a private road or business driveway, it’s still an exit, so count it as an exit!

I still like the friendly style of the interface and will use it despite its flaws."
comment_1nj2cxy_7,1nj2cxy,reddit,applemaps,comment,https://www.reddit.com/r/applemaps/comments/1nj2cxy/why_do_you_use_apple_maps/,1758079549.0,2025-09-16 22:25:49,,,"It all started with directions. Especially with regard to lane guidance. But now I just appreciate it more. And it looks nicer to me. Richer, in a way."
comment_1nj2cxy_8,1nj2cxy,reddit,applemaps,comment,https://www.reddit.com/r/applemaps/comments/1nj2cxy/why_do_you_use_apple_maps/,1758079549.0,2025-09-16 22:25:49,,,"I use 4 maps depending on use case:

- Tesla Maps
- Apple Maps
- Google Maps
- Waze

I use Google Maps when I’m going somewhere long distance (200km) and I don’t know where it is. I find that Google Maps has better information in places outside cities, so it’s great for highways. 

I use Waze when there’s a lot of traffic. But it’s very resource intensive so I try not to use it all the time. 

Apple Maps I use in any other situations when I’m driving my gas car that has CarPlay. I’d love to use it in my Tesla too, but Tesla doesn’t support CarPlay.

So, I use Tesla Maps when I drive my Tesla and I’m not traveling far or in traffic.

I do have the dongle to add CarPlay to Tesla through the onscreen browser, but it’s a hassle so I don’t use it all the time. I use it mostly when I really need Waze, since Tesla uses Google Maps data…"
comment_1nj2cxy_9,1nj2cxy,reddit,applemaps,comment,https://www.reddit.com/r/applemaps/comments/1nj2cxy/why_do_you_use_apple_maps/,1758079549.0,2025-09-16 22:25:49,,,"I like the voice selections better on Apple Maps.  I use Apple for driving directions, but Google for ""where is a place to eat near me?"""
comment_1nj2cxy_10,1nj2cxy,reddit,applemaps,comment,https://www.reddit.com/r/applemaps/comments/1nj2cxy/why_do_you_use_apple_maps/,1758079549.0,2025-09-16 22:25:49,,,"Used Waze for a long time but the ETA changed a lot on the journey, and not just down to new incidents, it just never seemed accurate. For the most part with Apple Maps I arrive at the time it says I will at the start of my journey, or at least a lot closer to it.

Also, Waze on an iPhone doesn’t work with voice commands, you have to install Google Assistant (or something like that) and that interferes with other functionality and even then the voice commands never seemed to work. Being able to easily give voice commands to change route or report incidents is a huge factor for me (although I wish there were more options of things to report, at the moment it’s just hazardous, accident and speed check).

As others have said too, it gives much better instructions too on lanes to use for exits or taking a turning after the next set of lights, stuff like that. Overall, just a much better user experience."
comment_1nj2cxy_11,1nj2cxy,reddit,applemaps,comment,https://www.reddit.com/r/applemaps/comments/1nj2cxy/why_do_you_use_apple_maps/,1758079549.0,2025-09-16 22:25:49,,,"It has all the features I need, gets me where I need to go and isn’t trying to drive engagement or sell me anything."
comment_1nj2cxy_12,1nj2cxy,reddit,applemaps,comment,https://www.reddit.com/r/applemaps/comments/1nj2cxy/why_do_you_use_apple_maps/,1758079549.0,2025-09-16 22:25:49,,,Because it’s less annoying than Google Maps and Waze.
comment_1nj2cxy_13,1nj2cxy,reddit,applemaps,comment,https://www.reddit.com/r/applemaps/comments/1nj2cxy/why_do_you_use_apple_maps/,1758079549.0,2025-09-16 22:25:49,,,"It just works. I never needed a mapping service when it was first released because I wasn’t able to drive. So never used Apple Maps when it was just starting. Never used Google Maps either. We had our Tom Tom GPS and that was it. Then when I got to college and started going on more roadtrips, that’s when I started to use Apple Maps and it just worked for me.

I tried Google Maps, but it’s a cluttered mess when searching and shows too much information when driving. The newest thing I found that makes it great is voice directions vs. Google Maps. Apple’s is clear for me and tells me directly what I need to know and when to turn e.g. “after this light, get in the right two lanes and make a right at the next stop sign.” It’s clearer than what Google Maps offers."
comment_1nj2cxy_14,1nj2cxy,reddit,applemaps,comment,https://www.reddit.com/r/applemaps/comments/1nj2cxy/why_do_you_use_apple_maps/,1758079549.0,2025-09-16 22:25:49,,,Because it’s not Google.
comment_1nj2cxy_15,1nj2cxy,reddit,applemaps,comment,https://www.reddit.com/r/applemaps/comments/1nj2cxy/why_do_you_use_apple_maps/,1758079549.0,2025-09-16 22:25:49,,,"I was using it but found a huge flaw with it for my area, Rome, Italy...
We have a big green area around all the city where only newer veichles can enter, then inside there are smaller restricted areas for residents and workers .

Well to not get tickets  you need to know and avoid those, Apple map is the only map app that only show and consider the big first one (so it say to enter the city you need appropriate car) as it can only show one single alert... meanwhile every other apps show a list of alerts so you know for example ""attention your path goes through the green area"" and another for "" attention your path goes through ZTL city center"" and so on... so basically I am trying  other apps as really want to avoid tickets ... reported many times but this being mostly a big Italian city problem doubt Apple has any fix in mind"
comment_1nj2cxy_16,1nj2cxy,reddit,applemaps,comment,https://www.reddit.com/r/applemaps/comments/1nj2cxy/why_do_you_use_apple_maps/,1758079549.0,2025-09-16 22:25:49,,,"Will I need to upgrade it into macOS and iOS.

More importantly, since getting New Maps Data^tm tends to be more accurate in terms of routing and street layout.  (Google Maps is still the king of business information)."
comment_1nj2cxy_17,1nj2cxy,reddit,applemaps,comment,https://www.reddit.com/r/applemaps/comments/1nj2cxy/why_do_you_use_apple_maps/,1758079549.0,2025-09-16 22:25:49,,,"I just like it, not for a particular reason to be honest. I use it for walking, transit, and driving; and it does a good job at it. 

But I only use it in Vancouver, I often switch to Google Maps when travelling to other countries where Apple’s coverage isn’t as good.

Good luck!"
comment_1nj2cxy_18,1nj2cxy,reddit,applemaps,comment,https://www.reddit.com/r/applemaps/comments/1nj2cxy/why_do_you_use_apple_maps/,1758079549.0,2025-09-16 22:25:49,,,"It looks good, it works great and I don't know all the roads by heart ;-)"
comment_1nj2cxy_19,1nj2cxy,reddit,applemaps,comment,https://www.reddit.com/r/applemaps/comments/1nj2cxy/why_do_you_use_apple_maps/,1758079549.0,2025-09-16 22:25:49,,,"I don’t unless I’m walking which is rare. The Google maps user base is so much larger so police are reported, debris on the road, directions are better. I’ve never seen a police reported while driving in Apple Maps, and I assume it’s because no one uses it (US)."
comment_1nj2cxy_20,1nj2cxy,reddit,applemaps,comment,https://www.reddit.com/r/applemaps/comments/1nj2cxy/why_do_you_use_apple_maps/,1758079549.0,2025-09-16 22:25:49,,,"I use google maps to find places and Apple maps for actual directions, i feel like it’s better"
comment_1nj2cxy_21,1nj2cxy,reddit,applemaps,comment,https://www.reddit.com/r/applemaps/comments/1nj2cxy/why_do_you_use_apple_maps/,1758079549.0,2025-09-16 22:25:49,,,"It works better for me in my city than does Google Maps (as in, I find it more accurate regarding routes changed due to streets closed for long construction projects). It’s less busy looking on my CarPlay screen. Easier to get to the traffic reporting controls. Doesn’t freeze up my CarPlay like Google Maps sometimes does."
comment_1nj2cxy_22,1nj2cxy,reddit,applemaps,comment,https://www.reddit.com/r/applemaps/comments/1nj2cxy/why_do_you_use_apple_maps/,1758079549.0,2025-09-16 22:25:49,,,"What about why we don’t use it? I don’t use it because it won’t let me keep north up when navigating. I don’t know much else about it because I’ve never used it due to that, which is non negotiable to me."
comment_1nj2cxy_23,1nj2cxy,reddit,applemaps,comment,https://www.reddit.com/r/applemaps/comments/1nj2cxy/why_do_you_use_apple_maps/,1758079549.0,2025-09-16 22:25:49,,,"In Taiwan, it shows speed limit AND traffic lights, which makes it easy to navigate a complicated intersection by using the lights as beacons. Sometimes on google, a turning will come and go due to the lack of “beacons” and the GPS lag. Google is still way better at finding actually destinations though. So I’ll sometimes grab coordinates from google and paste them into maps."
comment_1nj2cxy_24,1nj2cxy,reddit,applemaps,comment,https://www.reddit.com/r/applemaps/comments/1nj2cxy/why_do_you_use_apple_maps/,1758079549.0,2025-09-16 22:25:49,,,"Privacy and as someone who rarely has their phone, it works entirely on just the watch."
comment_1nj2cxy_25,1nj2cxy,reddit,applemaps,comment,https://www.reddit.com/r/applemaps/comments/1nj2cxy/why_do_you_use_apple_maps/,1758079549.0,2025-09-16 22:25:49,,,It’s not cluttered. And I get the alerts from directions on my watch and don’t have to listen to it yell at me about upcoming turns or whatever
comment_1nj2cxy_26,1nj2cxy,reddit,applemaps,comment,https://www.reddit.com/r/applemaps/comments/1nj2cxy/why_do_you_use_apple_maps/,1758079549.0,2025-09-16 22:25:49,,,"For me it works better than Google Maps nowadays. It gives me more information, it looks nicer. Only advantage google maps has is when I’m looking at a business or place. Google has many more reviews and pictures of the place, and make it a lot easier to add a review yourself. Otherwise, for transit, driving, biking directions, I’ve found Apple Maps works a lot better and even gives me more information in many cases.

For why the transit layer is better, you might be interested in seeing this video here:
https://youtu.be/mltgfHzUH38"
comment_1nj2cxy_27,1nj2cxy,reddit,applemaps,comment,https://www.reddit.com/r/applemaps/comments/1nj2cxy/why_do_you_use_apple_maps/,1758079549.0,2025-09-16 22:25:49,,,"Compared to Google Maps, it’s nicer looking, pleasant voice directions and useful red light/speed camera warnings."
comment_1nj2cxy_28,1nj2cxy,reddit,applemaps,comment,https://www.reddit.com/r/applemaps/comments/1nj2cxy/why_do_you_use_apple_maps/,1758079549.0,2025-09-16 22:25:49,,,"it’s a very beautiful app mainly, but i also don’t use google services as much as i possibly can."
comment_1nj2cxy_29,1nj2cxy,reddit,applemaps,comment,https://www.reddit.com/r/applemaps/comments/1nj2cxy/why_do_you_use_apple_maps/,1758079549.0,2025-09-16 22:25:49,,,It’s more up to date with aerial shots than google! I know that’s hard to believe but it’s true.
comment_1nj2cxy_30,1nj2cxy,reddit,applemaps,comment,https://www.reddit.com/r/applemaps/comments/1nj2cxy/why_do_you_use_apple_maps/,1758079549.0,2025-09-16 22:25:49,,,"Voice directions.

It’s easier to figure out “Turn right at the next stop sign”, than “Turn right after 500 ft.”."
comment_1nj2cxy_31,1nj2cxy,reddit,applemaps,comment,https://www.reddit.com/r/applemaps/comments/1nj2cxy/why_do_you_use_apple_maps/,1758079549.0,2025-09-16 22:25:49,,,"I‘m switching between TomTom Go and Apple Maps. Apple Maps has a nicer map design, but I miss a route bar like in Tom Tom Go, which I prefer while commuting."
comment_1nj2cxy_32,1nj2cxy,reddit,applemaps,comment,https://www.reddit.com/r/applemaps/comments/1nj2cxy/why_do_you_use_apple_maps/,1758079549.0,2025-09-16 22:25:49,,,More intuitive turn by turn directions
comment_1nj2cxy_33,1nj2cxy,reddit,applemaps,comment,https://www.reddit.com/r/applemaps/comments/1nj2cxy/why_do_you_use_apple_maps/,1758079549.0,2025-09-16 22:25:49,,,The 3D buildings. And it doesn’t send my location data anywhere unlike Google Maps and Waze.
comment_1nj2cxy_34,1nj2cxy,reddit,applemaps,comment,https://www.reddit.com/r/applemaps/comments/1nj2cxy/why_do_you_use_apple_maps/,1758079549.0,2025-09-16 22:25:49,,,"Less clutter on screen, more natural/easier to follow spoken directions, not owned by an advertising megacorp. 

As far as I can tell, my only real gripe with Maps is business/POI info — such as hours, ratings, etc. In my experience, sometimes that info is either lacking or not there altogether. Google has the upper-hand in that arena, which is to be expected, unfortunately."
comment_1nj2cxy_35,1nj2cxy,reddit,applemaps,comment,https://www.reddit.com/r/applemaps/comments/1nj2cxy/why_do_you_use_apple_maps/,1758079549.0,2025-09-16 22:25:49,,,I love the UI and haven't had an issue in years.
comment_1nj2cxy_36,1nj2cxy,reddit,applemaps,comment,https://www.reddit.com/r/applemaps/comments/1nj2cxy/why_do_you_use_apple_maps/,1758079549.0,2025-09-16 22:25:49,,,"I’m using multiple map apps for multiple use cases.

Apple maps for turn by turn navigation in car since my car allows directions in the driver’s dashboard only with Apple maps and I finding them better for acual directions communication than Google or Waze.

For searching general directions and POIs I use Google maps.

For directions when trekking or cycling I mostly use Czech mapy.com, since it shows the topography and all tourist and cycling paths."
comment_1nj2cxy_37,1nj2cxy,reddit,applemaps,comment,https://www.reddit.com/r/applemaps/comments/1nj2cxy/why_do_you_use_apple_maps/,1758079549.0,2025-09-16 22:25:49,,,"Gives better lane guidance, lets you know how many lights/ stop signs ahead something is, and just overall easy to yse"
comment_1nj2cxy_38,1nj2cxy,reddit,applemaps,comment,https://www.reddit.com/r/applemaps/comments/1nj2cxy/why_do_you_use_apple_maps/,1758079549.0,2025-09-16 22:25:49,,,"lane guidance, and I like the design. Waze is mostly better, but the UI and the amount of clutter are crazy even when you cut it down via the settings

And the watch gives little vibrations when you need to turn right or left"
comment_1nj2cxy_39,1nj2cxy,reddit,applemaps,comment,https://www.reddit.com/r/applemaps/comments/1nj2cxy/why_do_you_use_apple_maps/,1758079549.0,2025-09-16 22:25:49,,,"It works 1000% better than every other navigation app. Except for reporting hazards. I use Waze on long highway trips for this reason. 
But Apple Maps is light years ahead of everything else.
And it looks so pretty!"
comment_1nj2cxy_40,1nj2cxy,reddit,applemaps,comment,https://www.reddit.com/r/applemaps/comments/1nj2cxy/why_do_you_use_apple_maps/,1758079549.0,2025-09-16 22:25:49,,,"I don’t. The points of interest (businesses, restaurants, etc.) are so wildly inaccurate to be useless. Lots of very old places, duplicates, nonexistent places. I’ve reported dozens of issues near me but they never get fixed. So now I use Google Maps and Waze on all devices."
comment_1nj2cxy_41,1nj2cxy,reddit,applemaps,comment,https://www.reddit.com/r/applemaps/comments/1nj2cxy/why_do_you_use_apple_maps/,1758079549.0,2025-09-16 22:25:49,,,Apple Watch integration
comment_1nj2cxy_42,1nj2cxy,reddit,applemaps,comment,https://www.reddit.com/r/applemaps/comments/1nj2cxy/why_do_you_use_apple_maps/,1758079549.0,2025-09-16 22:25:49,,,I find it works better in most circumstances that I use it - on continental Europe. Less errors and less likely to bring you to the back door of an amenity rather than the car park :)
comment_1nj2cxy_43,1nj2cxy,reddit,applemaps,comment,https://www.reddit.com/r/applemaps/comments/1nj2cxy/why_do_you_use_apple_maps/,1758079549.0,2025-09-16 22:25:49,,,"With CarPlay engaged, the game-changer for me while en route is when I want to find a (insert name of chain business, e.g. Starbucks) to make a stop. Engage Siri with ""Starbucks""--it will return all the Starbucks roughly along the route ahead in order, and tell you how many minutes each one will add to your trip. The other apps only tell you where the closest one is (even if it's behind you) without regard to how much time it's adding to your trip."
comment_1nj2cxy_44,1nj2cxy,reddit,applemaps,comment,https://www.reddit.com/r/applemaps/comments/1nj2cxy/why_do_you_use_apple_maps/,1758079549.0,2025-09-16 22:25:49,,,I want to use Apple Maps but I only use Waze because the community alerts. Knowing there are cops up ahead is too important for me to lose.
comment_1nj2cxy_45,1nj2cxy,reddit,applemaps,comment,https://www.reddit.com/r/applemaps/comments/1nj2cxy/why_do_you_use_apple_maps/,1758079549.0,2025-09-16 22:25:49,,,I used to be a Waze user but after awhile I decided to make the switch to Apple Maps and I haven’t looked back
comment_1nj2cxy_46,1nj2cxy,reddit,applemaps,comment,https://www.reddit.com/r/applemaps/comments/1nj2cxy/why_do_you_use_apple_maps/,1758079549.0,2025-09-16 22:25:49,,,"I used Waze for a very long time until Google happened and switched to Maps-fortunately when an update made it usable.  Since then, I’ve gotten used to all its visuals that I was lost using Waze recently.  The contrast of the roads were more discernible compared to Waze.  Also like how it integrates with my RAV4’s dashboard with turn by turn navigation that I don’t need to look at the multimedia screen.  And definitely love the exit ramp animation."
comment_1nj2cxy_47,1nj2cxy,reddit,applemaps,comment,https://www.reddit.com/r/applemaps/comments/1nj2cxy/why_do_you_use_apple_maps/,1758079549.0,2025-09-16 22:25:49,,,"I would kill for waze interface for cops and speed cameras, the search and location reviews of Google maps with the gorgeous interface of apple maps. Apple maps gives better directions in my opinion and just looks right when using carplay"
comment_1nj2cxy_48,1nj2cxy,reddit,applemaps,comment,https://www.reddit.com/r/applemaps/comments/1nj2cxy/why_do_you_use_apple_maps/,1758079549.0,2025-09-16 22:25:49,,,"Hi, I use Apple maps because is it multifunctional : I can use in car navigation, transit navigation, pedestrian and cycle navigation. Plus, all my favourites are in Apple Maps and it’s a good looking app. I use google maps when I want to read some users reviews and when an address isn’t in Apple Maps. For hiking I use GPX viewer 2 because this app read GPX files"
comment_1nj2cxy_49,1nj2cxy,reddit,applemaps,comment,https://www.reddit.com/r/applemaps/comments/1nj2cxy/why_do_you_use_apple_maps/,1758079549.0,2025-09-16 22:25:49,,,"When getting driving instructions, Google Maps defaults to satellite view, which is information overload for the user. 

Poor UX like that turns me off using it any further, although it must be said it’s easy to switch satellite view to normal map view."
post_1nizxi8,1nizxi8,reddit,applemaps,post,https://www.reddit.com/r/applemaps/comments/1nizxi8/navigation/,1758072543.0,2025-09-16 20:29:03,3.0,3.0,"Navigation

Apple or Google maps for navigation in uk, what’s peoples opinions ?"
comment_1nizxi8_0,1nizxi8,reddit,applemaps,comment,https://www.reddit.com/r/applemaps/comments/1nizxi8/navigation/,1758072543.0,2025-09-16 20:29:03,,,"I love the look of Apple Maps, and the guidance is better to read while driving."
comment_1nizxi8_1,1nizxi8,reddit,applemaps,comment,https://www.reddit.com/r/applemaps/comments/1nizxi8/navigation/,1758072543.0,2025-09-16 20:29:03,,,"You can't go wrong with either. Just try both, see which one suits you better. They both will have good things, and both will sometimes make mistakes, route incorrectly etc. My setup - searching for businesses etc. with Google maps, then navigating with Apple Maps."
comment_1nizxi8_2,1nizxi8,reddit,applemaps,comment,https://www.reddit.com/r/applemaps/comments/1nizxi8/navigation/,1758072543.0,2025-09-16 20:29:03,,,Waze
post_1nizmyv,1nizmyv,reddit,applemaps,post,https://www.reddit.com/r/applemaps/comments/1nizmyv/apple_business_connect_is_awful/,1758071723.0,2025-09-16 20:15:23,4.0,15.0,"apple business connect is awful.

Can't verify my business for some reason 

It says my business license says it's older than a year....

yes the license lists all the years I've been in business since 2019

what an awful fucking portal

Cool so now my business is just listed as permanently closed on apple maps because we changed our name.

Shit sucks, really wish I didn't have to give this company any of my money"
comment_1nizmyv_0,1nizmyv,reddit,applemaps,comment,https://www.reddit.com/r/applemaps/comments/1nizmyv/apple_business_connect_is_awful/,1758071723.0,2025-09-16 20:15:23,,,"Have you tried contacting support via the link on the Business Connect website?

And yes as the other person suggested, go in on Apple Maps and report the issue as a regular user there in the meantime"
comment_1nizmyv_1,1nizmyv,reddit,applemaps,comment,https://www.reddit.com/r/applemaps/comments/1nizmyv/apple_business_connect_is_awful/,1758071723.0,2025-09-16 20:15:23,,,"Go in as a regular user or have someone else do it, and report the correct information about the business still being open."
comment_1nizmyv_2,1nizmyv,reddit,applemaps,comment,https://www.reddit.com/r/applemaps/comments/1nizmyv/apple_business_connect_is_awful/,1758071723.0,2025-09-16 20:15:23,,,Just use a utility bill or another business doc with your business name on it and resubmit.
comment_1nizmyv_3,1nizmyv,reddit,applemaps,comment,https://www.reddit.com/r/applemaps/comments/1nizmyv/apple_business_connect_is_awful/,1758071723.0,2025-09-16 20:15:23,,,They are AWFUL ! I swear they do not want to support small business.  There are so many stipulations and weird tiny rules to being able to register your brand/business with Apple business connect!  Why don’t they just actually give us the rules upfront so that we can follow them? I’ve been back-and-forth with them for two weeks trying to get my Salon recognized so we can show up on Apple Maps etc.  It’s absolutely ridiculous and shouldn’t be this hard.
comment_1nizmyv_4,1nizmyv,reddit,applemaps,comment,https://www.reddit.com/r/applemaps/comments/1nizmyv/apple_business_connect_is_awful/,1758071723.0,2025-09-16 20:15:23,,,Dealing with this same issue. Did you get any resolution? They nitpick the names of our brands and won't allow me to change the categorization.
comment_1nizmyv_5,1nizmyv,reddit,applemaps,comment,https://www.reddit.com/r/applemaps/comments/1nizmyv/apple_business_connect_is_awful/,1758071723.0,2025-09-16 20:15:23,,,"Apple Business Connect just rejected my legitimate, verified business because my email address doesn't match my website domain. Let that sink in.

I run a 20+ year digital marketing agency. My business is verified. My domain ownership is verified (it literally says ""Domain Validation ✓ Verified"" in my account). I submitted government ID. Everything checks out.

But because I use a professional email on a different domain than my website - like millions of businesses do - Apple says ""Unable to add company. Incorrect Details.""

Their ""solution""? Register with an email that matches your website domain.

So Apple is now dictating what email provider I can use? What about:

* Agencies managing client listings
* Businesses using Google Workspace or Microsoft 365
* Companies with multiple brands under one umbrella
* Anyone who's used the same business email for 20 years

This isn't security. This is lazy verification that punishes legitimate businesses while doing nothing to stop actual fraud. A scammer can buy a $12 domain and matching email in 10 minutes.

Meanwhile, established businesses with real track records get locked out.

Google Business Profile doesn't pull this nonsense. Bing Places doesn't. Only Apple, in their infinite wisdom, decided email domain matching is the hill to die on.

Zero stars. Fix your broken verification system, Apple."
post_1nim1rp,1nim1rp,reddit,applemaps,post,https://www.reddit.com/r/applemaps/comments/1nim1rp/apple_maps_wants_me_to_cut_through_a_parking_lot/,1758039611.0,2025-09-16 11:20:11,1547.0,69.0,"Apple Maps wants me to cut through a parking lot

Anyone else get these weird parking lot detours?"
comment_1nim1rp_0,1nim1rp,reddit,applemaps,comment,https://www.reddit.com/r/applemaps/comments/1nim1rp/apple_maps_wants_me_to_cut_through_a_parking_lot/,1758039611.0,2025-09-16 11:20:11,,,Im gonna assume it’s because it learns that many people do this and doesn’t detect it’s a parking lot and therefore considers it normal roads
comment_1nim1rp_1,1nim1rp,reddit,applemaps,comment,https://www.reddit.com/r/applemaps/comments/1nim1rp/apple_maps_wants_me_to_cut_through_a_parking_lot/,1758039611.0,2025-09-16 11:20:11,,,"I’m more curious why the camera hasn’t switched to the top-down view yet, and you’re only 250 feet from your turn. Did you manually mess with the zoom level for the sake of the photo?"
comment_1nim1rp_2,1nim1rp,reddit,applemaps,comment,https://www.reddit.com/r/applemaps/comments/1nim1rp/apple_maps_wants_me_to_cut_through_a_parking_lot/,1758039611.0,2025-09-16 11:20:11,,,You can take a screen shot normally when on CarPlay and it’ll save the CarPlay view too fyi
comment_1nim1rp_3,1nim1rp,reddit,applemaps,comment,https://www.reddit.com/r/applemaps/comments/1nim1rp/apple_maps_wants_me_to_cut_through_a_parking_lot/,1758039611.0,2025-09-16 11:20:11,,,"It’s the app self learning curve, I once attended Waze pre-bought presentation and they mention exactly this behavior"
comment_1nim1rp_4,1nim1rp,reddit,applemaps,comment,https://www.reddit.com/r/applemaps/comments/1nim1rp/apple_maps_wants_me_to_cut_through_a_parking_lot/,1758039611.0,2025-09-16 11:20:11,,,"Based on the LookAround at that turn, it's faster to go through the parking lot and around Whole Foods.  Like said in another comment, this must happen all the time for Apple to ""learn"" it as a better option.

https://preview.redd.it/sy0untsw5lpf1.png?width=1506&amp;format=png&amp;auto=webp&amp;s=6bfb1f63bb5f77cb3689964a38f1aa7f5ce430cc"
comment_1nim1rp_5,1nim1rp,reddit,applemaps,comment,https://www.reddit.com/r/applemaps/comments/1nim1rp/apple_maps_wants_me_to_cut_through_a_parking_lot/,1758039611.0,2025-09-16 11:20:11,,,"The short answer is that Maps has determined that it's likely faster than turning right at the intersection. Was traffic backed up there?

If Maps can navigate you through rows on a parking lot and then onto a public road (and it does), not sure why this would seem all that unusual."
comment_1nim1rp_6,1nim1rp,reddit,applemaps,comment,https://www.reddit.com/r/applemaps/comments/1nim1rp/apple_maps_wants_me_to_cut_through_a_parking_lot/,1758039611.0,2025-09-16 11:20:11,,,"Sometimes it’s not clever to detour via parking lots, some retail parks have ALPR/ANPR photo enforcement cameras that can cite drivers that cut through a parking lot without parking up to shop."
comment_1nim1rp_7,1nim1rp,reddit,applemaps,comment,https://www.reddit.com/r/applemaps/comments/1nim1rp/apple_maps_wants_me_to_cut_through_a_parking_lot/,1758039611.0,2025-09-16 11:20:11,,,"I noticed on google maps in larger cities they started marking ""streets"" in parking lots, which I found strange.  Looking around further, I also noted areas like above where it could do this.  

Another thing you will notice when you look neighborhoods is street line breaks for each driveway."
comment_1nim1rp_8,1nim1rp,reddit,applemaps,comment,https://www.reddit.com/r/applemaps/comments/1nim1rp/apple_maps_wants_me_to_cut_through_a_parking_lot/,1758039611.0,2025-09-16 11:20:11,,,"I was literally just thinking about this today and then first thing that’s come up when I opened Reddit. 

I’m summering in Canada at the moment and it keeps sending me via parking lots. And being not from here, I do it too, like a stupid fool."
comment_1nim1rp_9,1nim1rp,reddit,applemaps,comment,https://www.reddit.com/r/applemaps/comments/1nim1rp/apple_maps_wants_me_to_cut_through_a_parking_lot/,1758039611.0,2025-09-16 11:20:11,,,I’m assuming that’s a failure to classify the road properly so that the system doesn’t direct through traffic
comment_1nim1rp_10,1nim1rp,reddit,applemaps,comment,https://www.reddit.com/r/applemaps/comments/1nim1rp/apple_maps_wants_me_to_cut_through_a_parking_lot/,1758039611.0,2025-09-16 11:20:11,,,Google Maps my friend
comment_1nim1rp_11,1nim1rp,reddit,applemaps,comment,https://www.reddit.com/r/applemaps/comments/1nim1rp/apple_maps_wants_me_to_cut_through_a_parking_lot/,1758039611.0,2025-09-16 11:20:11,,,"I think it happens after ios 26 update. While the map seems to know what road is the main road and what is not, it seems like it might be a part of the new frequently traveled route feature"
comment_1nim1rp_12,1nim1rp,reddit,applemaps,comment,https://www.reddit.com/r/applemaps/comments/1nim1rp/apple_maps_wants_me_to_cut_through_a_parking_lot/,1758039611.0,2025-09-16 11:20:11,,,"The map was made incorrectly or the routing directions is allowing for illegal maneuvers through parking lots; either way, you should not follow these instructions and report the issue to Maps and/or its escalation team, or whatever they call it."
comment_1nim1rp_13,1nim1rp,reddit,applemaps,comment,https://www.reddit.com/r/applemaps/comments/1nim1rp/apple_maps_wants_me_to_cut_through_a_parking_lot/,1758039611.0,2025-09-16 11:20:11,,,Sponsored by Metropolis
comment_1nim1rp_14,1nim1rp,reddit,applemaps,comment,https://www.reddit.com/r/applemaps/comments/1nim1rp/apple_maps_wants_me_to_cut_through_a_parking_lot/,1758039611.0,2025-09-16 11:20:11,,,They’re taking notes from Waze lol
comment_1nim1rp_15,1nim1rp,reddit,applemaps,comment,https://www.reddit.com/r/applemaps/comments/1nim1rp/apple_maps_wants_me_to_cut_through_a_parking_lot/,1758039611.0,2025-09-16 11:20:11,,,Do it.
comment_1nim1rp_16,1nim1rp,reddit,applemaps,comment,https://www.reddit.com/r/applemaps/comments/1nim1rp/apple_maps_wants_me_to_cut_through_a_parking_lot/,1758039611.0,2025-09-16 11:20:11,,,You sure you aren’t using Uber’s navigation?
comment_1nim1rp_17,1nim1rp,reddit,applemaps,comment,https://www.reddit.com/r/applemaps/comments/1nim1rp/apple_maps_wants_me_to_cut_through_a_parking_lot/,1758039611.0,2025-09-16 11:20:11,,,Do it. We’re subservient to the bots.
comment_1nim1rp_18,1nim1rp,reddit,applemaps,comment,https://www.reddit.com/r/applemaps/comments/1nim1rp/apple_maps_wants_me_to_cut_through_a_parking_lot/,1758039611.0,2025-09-16 11:20:11,,,The new maps in ios26 is terrible
comment_1nim1rp_19,1nim1rp,reddit,applemaps,comment,https://www.reddit.com/r/applemaps/comments/1nim1rp/apple_maps_wants_me_to_cut_through_a_parking_lot/,1758039611.0,2025-09-16 11:20:11,,,Avoiding a traffic control device by cutting through a parking lot will get you a ticket if you're caught.
comment_1nim1rp_20,1nim1rp,reddit,applemaps,comment,https://www.reddit.com/r/applemaps/comments/1nim1rp/apple_maps_wants_me_to_cut_through_a_parking_lot/,1758039611.0,2025-09-16 11:20:11,,,Nice! Usually I have to decide to do that myself and Maps doesn’t even try to suggest it!
comment_1nim1rp_21,1nim1rp,reddit,applemaps,comment,https://www.reddit.com/r/applemaps/comments/1nim1rp/apple_maps_wants_me_to_cut_through_a_parking_lot/,1758039611.0,2025-09-16 11:20:11,,,Seems like a shortcut. You’re welcome
comment_1nim1rp_22,1nim1rp,reddit,applemaps,comment,https://www.reddit.com/r/applemaps/comments/1nim1rp/apple_maps_wants_me_to_cut_through_a_parking_lot/,1758039611.0,2025-09-16 11:20:11,,,![gif](giphy|pTQUOfSmjo2hG)
comment_1nim1rp_23,1nim1rp,reddit,applemaps,comment,https://www.reddit.com/r/applemaps/comments/1nim1rp/apple_maps_wants_me_to_cut_through_a_parking_lot/,1758039611.0,2025-09-16 11:20:11,,,It’s just saying the dark thoughts out loud
comment_1nim1rp_24,1nim1rp,reddit,applemaps,comment,https://www.reddit.com/r/applemaps/comments/1nim1rp/apple_maps_wants_me_to_cut_through_a_parking_lot/,1758039611.0,2025-09-16 11:20:11,,,Never question it. Just do it.
comment_1nim1rp_25,1nim1rp,reddit,applemaps,comment,https://www.reddit.com/r/applemaps/comments/1nim1rp/apple_maps_wants_me_to_cut_through_a_parking_lot/,1758039611.0,2025-09-16 11:20:11,,,I don't know why people willingly use apple maps
post_1nibdhj,1nibdhj,reddit,applemaps,post,https://www.reddit.com/r/applemaps/comments/1nibdhj/accessed_look_around_in_stockton_on_tees_uk/,1758009525.0,2025-09-16 02:58:45,16.0,1.0,"Accessed Look Around in Stockton on Tees, UK

Apple Maps bugged out and gave me the option to browse Look Around after I searched for an address in Stockton on Tees. The next time I tried searching for the same or any other location outside London or Edinburgh, it was unavailable. iOS 26"
comment_1nibdhj_0,1nibdhj,reddit,applemaps,comment,https://www.reddit.com/r/applemaps/comments/1nibdhj/accessed_look_around_in_stockton_on_tees_uk/,1758009525.0,2025-09-16 02:58:45,,,Remember when this used to be to happen regularly when new Maps was introduced?  Hopefully an update is coming on Thursday (Maps normal update day)
post_1nhvktl,1nhvktl,reddit,applemaps,post,https://www.reddit.com/r/applemaps/comments/1nhvktl/anyone_else_have_this_problem/,1757964601.0,2025-09-15 14:30:01,2.0,3.0,"Anyone else have this problem?

Maybe this is common and I’m just an idiot (sorry in advance if that’s the case) but I’ve been having a really weird issue with maps. It’s almost like they disagree with the route I choose so they put me on another one without telling me or asking with that prompt I usually see. 

Today after leaving work, I chose my route home (less congested yes, but also avoids a road too small for my vehicle to fit), and Apple Maps for some reason suggests I use the fully red route instead of the fully blue one I need to take. I click the blue anyways and start my journey. 

I quickly realize I am on the wrong route. I am quickly smack dab in the middle of fully red traffic and I check maps— and yes, they changed my route. This was probably the fifth time it’s happened this month. My question is why? Is this a new feature or a bug anyone else has experienced? Why would they suggest a fully red route with a 30+minute increase in drive time, than the 15 minute route I actually HAVE to take?"
comment_1nhvktl_0,1nhvktl,reddit,applemaps,comment,https://www.reddit.com/r/applemaps/comments/1nhvktl/anyone_else_have_this_problem/,1757964601.0,2025-09-15 14:30:01,,,on my way home from north jersey heading south and it threw us north to go south and added a bunch of extra time and we didn’t even realize but we had it set to go down 206 and now we’re on the turnpike
comment_1nhvktl_1,1nhvktl,reddit,applemaps,comment,https://www.reddit.com/r/applemaps/comments/1nhvktl/anyone_else_have_this_problem/,1757964601.0,2025-09-15 14:30:01,,,This happens to me all the time. It drives me insane
post_1nhehhi,1nhehhi,reddit,applemaps,post,https://www.reddit.com/r/applemaps/comments/1nhehhi/any_apple_shortcut_scrip_to_convert_google_maps/,1757917910.0,2025-09-15 01:31:50,2.0,3.0,"Any apple shortcut scrip to convert google maps url to Apple maps ?

Hi all, i have been trying to create a shortcut which converts google maps url to apple maps url, so i can open those locations in apple map. Basically extract the lat and long from google maps url and construct an url in the format of apple maps which will open in apple maps

eg: [https://maps.app.goo.gl/QYEa6PRSiwz99xTA8](https://maps.app.goo.gl/QYEa6PRSiwz99xTA8) \- &gt; to expand into full url, extract lat and long and construct in apple support url format so i can open the same location to use in apple maps"
comment_1nhehhi_0,1nhehhi,reddit,applemaps,comment,https://www.reddit.com/r/applemaps/comments/1nhehhi/any_apple_shortcut_scrip_to_convert_google_maps/,1757917910.0,2025-09-15 01:31:50,,,"IIRC, someone made an app for that… can’t remember the details, but I think it also was in this sub.

Anyways, good idea, if a shortcut would be possible, that’s probably the neatest idea."
comment_1nhehhi_1,1nhehhi,reddit,applemaps,comment,https://www.reddit.com/r/applemaps/comments/1nhehhi/any_apple_shortcut_scrip_to_convert_google_maps/,1757917910.0,2025-09-15 01:31:50,,,"There’s an app for that

https://apps.apple.com/pt/app/forcemaps/id6748969920"
comment_1nhehhi_2,1nhehhi,reddit,applemaps,comment,https://www.reddit.com/r/applemaps/comments/1nhehhi/any_apple_shortcut_scrip_to_convert_google_maps/,1757917910.0,2025-09-15 01:31:50,,,"I use Mapper - when you click the link in Safari, it opens the Maps app automatically. Works on Mac, iPhone and iPad. 

  
[https://apps.apple.com/gb/app/mapper-for-safari/id1589391989](https://apps.apple.com/gb/app/mapper-for-safari/id1589391989)

Mapper for Safari"
post_1nf82ds,1nf82ds,reddit,applemaps,post,https://www.reddit.com/r/applemaps/comments/1nf82ds/turned_apple_maps_flyover_into_a_social/,1757695109.0,2025-09-12 11:38:29,12.0,10.0,"Turned Apple Maps Flyover into a Social Navigation app, letting you and friends explore together using Game Center. Implemented Liquid Glass also 🫡"
comment_1nf82ds_0,1nf82ds,reddit,applemaps,comment,https://www.reddit.com/r/applemaps/comments/1nf82ds/turned_apple_maps_flyover_into_a_social/,1757695109.0,2025-09-12 11:38:29,,,Im confused what’s happening
comment_1nf82ds_1,1nf82ds,reddit,applemaps,comment,https://www.reddit.com/r/applemaps/comments/1nf82ds/turned_apple_maps_flyover_into_a_social/,1757695109.0,2025-09-12 11:38:29,,,"Would be really cool in action, what’s the app name and when do you think it’ll be launched on the App Store?"
comment_1nf82ds_2,1nf82ds,reddit,applemaps,comment,https://www.reddit.com/r/applemaps/comments/1nf82ds/turned_apple_maps_flyover_into_a_social/,1757695109.0,2025-09-12 11:38:29,,,WTH 🤦 and you don’t include the app name
comment_1nf82ds_3,1nf82ds,reddit,applemaps,comment,https://www.reddit.com/r/applemaps/comments/1nf82ds/turned_apple_maps_flyover_into_a_social/,1757695109.0,2025-09-12 11:38:29,,,Also this is not flyover
comment_1nf82ds_4,1nf82ds,reddit,applemaps,comment,https://www.reddit.com/r/applemaps/comments/1nf82ds/turned_apple_maps_flyover_into_a_social/,1757695109.0,2025-09-12 11:38:29,,,Why’s the difference from the find my app?
comment_1nf82ds_5,1nf82ds,reddit,applemaps,comment,https://www.reddit.com/r/applemaps/comments/1nf82ds/turned_apple_maps_flyover_into_a_social/,1757695109.0,2025-09-12 11:38:29,,,wait how do you do that
post_1ne1x07,1ne1x07,reddit,applemaps,post,https://www.reddit.com/r/applemaps/comments/1ne1x07/apple_maps_uk_satellite_view_update_worse/,1757573647.0,2025-09-11 01:54:07,38.0,7.0,"Apple Maps UK satellite view update worse

Does anyone know what’s happening with the update to the satellite view in the UK? It appears to be updating around the country but far worse than it was before. 

In the image above shows where some has updated not at the top. The top is the old view and bottom of the screen is new satellite view. The shadows of buildings make it so hard to see what you’re looking at."
post_1ndsp9s,1ndsp9s,reddit,applemaps,post,https://www.reddit.com/r/applemaps/comments/1ndsp9s/reporting/,1757544507.0,2025-09-10 17:48:27,29.0,7.0,"Reporting

Does everyone always report to Apple Maps ?"
post_1nddxpr,1nddxpr,reddit,applemaps,post,https://www.reddit.com/r/applemaps/comments/1nddxpr/did_apple_maps_get_worse_in_ios_26/,1757510169.0,2025-09-10 08:16:09,3.0,10.0,"Did apple maps get worse in ios 26?

I’ve pretty religiously used apple maps for a while now, but since the update half the addresses I enter dont show up when they do on google maps. I’m a contractor in a very rural area so maybe thats why? I didnt used to have this issue and was wondering if anyone else did."
post_1nc335q,1nc335q,reddit,applemaps,post,https://www.reddit.com/r/applemaps/comments/1nc335q/apple_maps_gets_a_chief_of_war_tour_guide_with/,1757373502.0,2025-09-08 18:18:22,24.0,2.0,Apple Maps gets a ‘Chief of War’ tour guide with spots in Hawai’i and New Zealand
post_1nbrqgh,1nbrqgh,reddit,applemaps,post,https://www.reddit.com/r/applemaps/comments/1nbrqgh/for_some_reason_apple_maps_has_decided_that_this/,1757347380.0,2025-09-08 11:03:00,172.0,17.0,"For some reason, Apple Maps has decided that this station is now called “King’s Cross St. Pancras ⍰”."
post_1nbl2vf,1nbl2vf,reddit,applemaps,post,https://www.reddit.com/r/applemaps/comments/1nbl2vf/if_apple_really_wants_to_save_the_planet_and_save/,1757330644.0,2025-09-08 06:24:04,0.0,6.0,"If apple really wants to save the planet and save environment…. Then

Close the apple maps.

Its not needed in this world, it has helped enough people to get lost and burn more energy in doing so..

And servers required to keep this service or disservice running are wasting the energy..


THANK YOU FOR YOUR ATTENTION TO THIS MATTER."
post_1n9wzrs,1n9wzrs,reddit,applemaps,post,https://www.reddit.com/r/applemaps/comments/1n9wzrs/visited_places_does_anyone_in_uk_have_this/,1757157441.0,2025-09-06 06:17:21,15.0,10.0,Visited Places: does anyone in UK have this working in Apple Maps? (on iOS 26).
post_1n99m6o,1n99m6o,reddit,applemaps,post,https://www.reddit.com/r/applemaps/comments/1n99m6o/apple_maps_consistently_overestimates_elevation/,1757089056.0,2025-09-05 11:17:36,29.0,6.0,"Apple Maps Consistently Overestimates Elevation Gain for Bike Routes

I've recently been on a bikepacking trip in Norway, and one of the apps I used for navigation was Apple Maps. That's when I discovered that Apple Maps consistently overestimates the ascent compared to other apps (Komoot, Google Maps and so on) and even the actual elevation gain in real life. I also tested this at home in Switzerland, and the same issue persists here. So it seems the problem lies in the calculation method, not the map data. Before I send a Bug report, has anyone else using bicycle routes experienced this issue?"
post_1n8ndqa,1n8ndqa,reddit,applemaps,post,https://www.reddit.com/r/applemaps/comments/1n8ndqa/other_networks_are_available_in_france_today/,1757022792.0,2025-09-04 16:53:12,21.0,0.0,"Other networks are available in France today

Well well well… I found Valence, Foix, , Millau, Decazevielle, Narbonne and le pays de l’or near Montpellier activate today. It’s quite interesting because le pays de l’or network is switched in winter schedules at Monday 1st September but Apple Maps, for the first day display (Thursday 4th September) the summer schedule. And some bus stops are missing. It Apple will update the data’s ? For Narbonne, only a part of the network is loaded to maps, i think the rest will be usable in few days

Cap ferret, Villeneuve-sur-Lot, fluo grand est 88, popped today

Lyon restructured their network since Monday but Apple have not yet apply the update

For Marseille, some bus stops are added but without bus lines, the update is in progress"
post_1n7zna5,1n7zna5,reddit,applemaps,post,https://www.reddit.com/r/applemaps/comments/1n7zna5/look_around_feature_streetview/,1756956770.0,2025-09-03 22:32:50,0.0,10.0,"Look Around feature (Streetview)

I just discovered that Apple Maps has a streetview equivalent called Look Around.  Looks pretty decent. But I can't find a way to tell, looking at the map, whether a particular street is or is not covered by their 'look around'. The only way I've found is to literally 'try it and see' - turn on the feature (click the binocular icon at the top) and try to drag a street under the central binocular icon and it either works or it doesn't.  In Google's 'streetview', a very solid blue line overlays those streets that are covered (helpful when navigating back-streets / side streets / parking areas, etc which may or may not be covered)."
post_1n7wd6b,1n7wd6b,reddit,applemaps,post,https://www.reddit.com/r/applemaps/comments/1n7wd6b/very_suboptimal_directions_for_outback_australia/,1756947348.0,2025-09-03 19:55:48,36.0,10.0,"Very suboptimal directions for outback Australia

I’ve reported this to Apple but it bears repeating here for sheer bizarreness. This was for directions from an obscure station to a slightly less obscure roadhouse in outback Australia. Several odd/bizarre things:
1. There is clearly a road linking the two navigation points shown on the map.
2. That road is National Highway 1 that circumnavigates the Australian continent. (It’s well known). Sure, it’s unsealed in this area but so is a lot of the much longer suggested route. Most roads up here are unsealed.
3. The obvious route is not even shown as an option for driving.
4. The obvious route IS recommended for walking or cycling but not driving.

By contrast, Google maps provides the sensible guidance for driving. I think I’ll follow the Google guidance this time."
post_1n7peoo,1n7peoo,reddit,applemaps,post,https://www.reddit.com/r/applemaps/comments/1n7peoo/i_wish_apple_maps_would_add_an_emergency_feature/,1756929962.0,2025-09-03 15:06:02,222.0,24.0,"I wish Apple Maps would add an emergency feature like Google does

Terrible accident happened this evening in Lisbon Portugal (at least 15 dead after iconic tram derails). Google put the location of the emergency on its map so you know why the roads are closed and which area to avoid. Apple Maps just shows the roads as “traffic jammed” (thick red line)."
post_1n7ch1v,1n7ch1v,reddit,applemaps,post,https://www.reddit.com/r/applemaps/comments/1n7ch1v/any_updates_on_apple_maps_look_around_navigation/,1756899685.0,2025-09-03 06:41:25,15.0,3.0,"Any updates on Apple Maps Look Around &amp; navigation in Cyprus?

Last year, Apple was filming across Cyprus (Nicosia, Paphos, Larnaca, Limassol). But so far, we still don’t have Look Around available, and Apple Maps doesn’t support turn-by-turn directions here.

https://preview.redd.it/gjt259irsxmf1.jpg?width=452&amp;format=pjpg&amp;auto=webp&amp;s=bea89f3d0a144068275a4345739be6fbe4796dd4

Has anyone heard if/when Apple is planning to roll out these features for Cyprus?  
Do you think they’ll eventually release the imagery they collected, or is the country basically abandoned in Apple Maps?"
post_1n624qf,1n624qf,reddit,applemaps,post,https://www.reddit.com/r/applemaps/comments/1n624qf/preferred_route_availability/,1756764110.0,2025-09-01 17:01:50,59.0,10.0,"Preferred route availability

Apple Maps new iOS 26 feature to learn your preferred routes seems to be a feature limited only to those few countries that will also get ""visited places"" (Australia, Canada, Malaysia, USA, UK and Switzerland). 
I mistakenly thought that this feature will be available everywhere, however when I checked the iOS 26 preview page again, the feature was now completely missing on the preview page (for Germany).
I guess it kind of makes sense, because in order to understand your preferred routes, Maps needs to analyse your visited places in the correlation of time etc. On the other hand, I don't understand why visited places is a feature that is restricted to so few countries, since Apple or your iPhone collects these ""visited places"" anyway, so they might as well show them to me 🙄
I hope that this feature's availability will be expanded in the near future as I was really looking forward to it, especially when it comes to the automated notifications on the ETA on your common commuting route for example."
post_1n5sh62,1n5sh62,reddit,applemaps,post,https://www.reddit.com/r/applemaps/comments/1n5sh62/wishes/,1756742157.0,2025-09-01 10:55:57,6.0,7.0,"Wishes

Constantly switch between Apple and Google for maps. So wish Apple Maps had the feature that Google Maps has where the journey time changes colour  between Green,Amber and Red depending on issues on the journey."
post_1n5s5hr,1n5s5hr,reddit,applemaps,post,https://www.reddit.com/r/applemaps/comments/1n5s5hr/contributing_to_apple_maps/,1756741422.0,2025-09-01 10:43:42,11.0,6.0,"Contributing to Apple Maps

I'm in a country where house numbers are not displayed on Apple Maps. Only streets are shown. This makes it difficult to set up geolocation focus, such as for work. Especially if you live on the same street. Is there a way to add houses to Apple Maps? If not, where can I contact customer support?"
post_1n5pzvt,1n5pzvt,reddit,applemaps,post,https://www.reddit.com/r/applemaps/comments/1n5pzvt/apple_map_only_showing_written_instructions/,1756736449.0,2025-09-01 09:20:49,2.0,5.0,"Apple map only showing written instructions

For the last month or so, when I use Apple Map, it shows as a normal route with the blue route showing on the map, but when I start the route, the maps goes away and it shows written instructions instead.  It’s driving me nuts!  I can’t figure out how to get the actual map to show.  Any help would be much appreciated."
post_1n544vi,1n544vi,reddit,applemaps,post,https://www.reddit.com/r/applemaps/comments/1n544vi/go_home_apple_maps_youre_drunk/,1756669605.0,2025-08-31 14:46:45,0.0,4.0,"Go Home Apple Maps, You’re Drunk!

This was so wrong I had to grab a screenshot ;)"
post_1n1wvmj,1n1wvmj,reddit,applemaps,post,https://www.reddit.com/r/applemaps/comments/1n1wvmj/eta/,1756337946.0,2025-08-27 18:39:06,0.0,3.0,"ETA

I love the UI of Apple Maps, my tech boyfriend who works for a competitor of Apple has tried to switch me to a different platform for YEARS and I refuse. However, I had to delete it from my phone today because of the ETA being so completely off lately. 
It is off by almost 40 minutes in my area. Almost every time! 
What the HECKKKKK IS THE REASON! I know how eta is calculated on the backend (several variables)- and I don’t understand why it’s so bad all of the sudden. Any answers?!"
post_1myissg,1myissg,reddit,applemaps,post,https://www.reddit.com/r/applemaps/comments/1myissg/how_do_i_see_my_eta_while_using_transit_on_apple/,1755998738.0,2025-08-23 20:25:38,51.0,14.0,"How do I see my ETA while using transit on Apple Maps?

Am I blind?"
post_1my8u64,1my8u64,reddit,applemaps,post,https://www.reddit.com/r/applemaps/comments/1my8u64/how_does_apple_maps_decide_what_font_size_to_use/,1755973116.0,2025-08-23 13:18:36,19.0,7.0,"How does apple maps decide what font size to use for sub-city district labels?

For Taiwan, which has the new map data, the district labels are insanely big for Taipei (except Taishan District, which is somehow smaller). But for Hsinchu, another city in Taiwan, the district labels are much smaller.

I've reported this to Apple a while ago to no avail but I'm just curious if there's some logic behind this. Tbh the huge labels are rather ugly..."
post_1mxyown,1mxyown,reddit,applemaps,post,https://www.reddit.com/r/applemaps/comments/1mxyown/business_address/,1755947584.0,2025-08-23 06:13:04,2.0,1.0,"Business address

How do I remove my business address from Apple Maps? It’s not showing in google maps"
post_1mx24d9,1mx24d9,reddit,applemaps,post,https://www.reddit.com/r/applemaps/comments/1mx24d9/with_the_new_apple_maps_in_mexico_stations_of_bus/,1755856101.0,2025-08-22 04:48:21,26.0,2.0,"With the New  Apple maps in Mexico, Stations of bus and Light Rail in Monterey and Goadalajara appears, and also for the Line K (Tren Interoceánico). No sign of the stations for the Train Maya."
post_1mwot3t,1mwot3t,reddit,applemaps,post,https://www.reddit.com/r/applemaps/comments/1mwot3t/which_one_is_more_accurate/,1755814078.0,2025-08-21 17:07:58,13.0,14.0,"Which one is more accurate?

I’m getting widely different times for my ETA. Apple Maps telling me it will take 9.5hrs and google maps telling me 13hrs. Attached the screenshots bellow. Any thoughts on which one I should prepare for?"
post_1mw8dnw,1mw8dnw,reddit,applemaps,post,https://www.reddit.com/r/applemaps/comments/1mw8dnw/update_to_latest_look_around_2025_imagery_in/,1755776005.0,2025-08-21 06:33:25,29.0,5.0,"Update to latest Look Around 2025 imagery in France and USA

The images of Lancaster are the most recent on Apple Maps, dating from June."
post_1mw73qt,1mw73qt,reddit,applemaps,post,https://www.reddit.com/r/applemaps/comments/1mw73qt/if_i_contribute_to_open_street_maps_updates_could/,1755771904.0,2025-08-21 05:25:04,3.0,3.0,"If I contribute to Open Street Maps, updates could appear on Apple Maps as well?"
post_1mvzqfm,1mvzqfm,reddit,applemaps,post,https://www.reddit.com/r/applemaps/comments/1mvzqfm/apple_is_improving_maps_one_neighborhood_at_a_time/,1755745881.0,2025-08-20 22:11:21,241.0,11.0,"Apple is improving maps one neighborhood at a time!

In case no one has need an Apple Maps car here’s one that was near my neighborhood this afternoon."
post_1mvnct2,1mvnct2,reddit,applemaps,post,https://www.reddit.com/r/applemaps/comments/1mvnct2/change_directions_default_from_starting_point/,1755715197.0,2025-08-20 13:39:57,2.0,2.0,"Change Directions default ""From"" (Starting Point)?

So, I am finding myself creating Guides in Apple Maps prior to going on a trip to a location. And as part of that planning, I like to see how far certain locations are from one another. But as soon as I click ""Directions,"" the map zooms out to Globe level and the ""From"" is assumed to be my current location. 

I am wondering if there might be a way to have the map only zoom out to a fixed radius - like the city's boundaries, for example - so that I can continue to focus on where the ""To"" (destination) location is. 

In the whole scheme of things, I guess it doesn't matter as you still need to enter the destination, but it sure would help in exploring a city or location from within Apple Maps."
post_1mvc9gi,1mvc9gi,reddit,applemaps,post,https://www.reddit.com/r/applemaps/comments/1mvc9gi/has_apple_maps_gotten_worse_at_predicting_etas/,1755689658.0,2025-08-20 06:34:18,11.0,10.0,"Has Apple Maps gotten worse at predicting ETA’s?

Almost consistently now Apple Maps will tell me my destination is 40 minutes away, only for me to get halfway there and go “oops, I meant 60 minutes away”"
post_1muxw2n,1muxw2n,reddit,applemaps,post,https://www.reddit.com/r/applemaps/comments/1muxw2n/how_to_display_cardinal_direction_of_travel_in/,1755644143.0,2025-08-19 17:55:43,1.0,1.0,"How to display cardinal direction of travel in CarPlay

I feel like I am overlooking something obvious, but how do I simply display the cardinal direction I am currently traveling when using CarPlay.  I've installed an aftermarket stereo with CarPlay in an older car that doesn't have a compass.  This info would be useful, but I can't find a way to enable it - seems like a oversight to omit this in a map application.  Google maps does it, but I would prefer to keep using Apple maps"
post_1muqkv2,1muqkv2,reddit,applemaps,post,https://www.reddit.com/r/applemaps/comments/1muqkv2/florida_traffic_has_caused_a_new_apple_maps/,1755627819.0,2025-08-19 13:23:39,0.0,2.0,Florida traffic has caused a new apple maps traffic color to emerge
post_1mujwl6,1mujwl6,reddit,applemaps,post,https://www.reddit.com/r/applemaps/comments/1mujwl6/timed_road_access_bus_gates_implement_in_apple/,1755613452.0,2025-08-19 09:24:12,11.0,7.0,"Timed road access (bus gates) - implement in Apple Maps

I was wondering if it is possible to add timed road access to Apple Maps. Around here (Oxford, UK), we have timed bus gates, so during certain hours of the day, you will get fined when driving these routes. Currently, Apple Maps will just ignore this and navigate you through these gates. Is it possible to request to get this timed access added to the navigation? 

I am sure this must be a relatively common issue around the world."
post_1mt5446,1mt5446,reddit,applemaps,post,https://www.reddit.com/r/applemaps/comments/1mt5446/can_i_set_up_apple_maps_to_show_me_km_in_canada/,1755470901.0,2025-08-17 17:48:21,11.0,5.0,"Can I set up Apple Maps to show me km in Canada and miles in the US?

Google maps and Wave can be set up to show KM in Canada and miles in the US. Does anyone know how to do that on Apple Maps?"
post_1mstn17,1mstn17,reddit,applemaps,post,https://www.reddit.com/r/applemaps/comments/1mstn17/how_does_apple_decide_when_an_unmapped_country/,1755443949.0,2025-08-17 10:19:09,7.0,3.0,"How does Apple decide when an unmapped country gets map coverage?

Do they have no desire to map countries that have a lot of unnamed roads? Google maps deals with it by using coordinates despite there not being named roads. 

(I know nothing about how this happens for Apple Maps, just am tired of Google maps and wish Apple Maps was available)"
post_1msimjg,1msimjg,reddit,applemaps,post,https://www.reddit.com/r/applemaps/comments/1msimjg/will_we_ever_get_weather_natively/,1755408827.0,2025-08-17 00:33:47,231.0,19.0,"Will we ever get weather natively?

Weather on the Way and other navigation apps can be used to offer live radar while navigating on CarPlay. 

Is there any talk of Apple Maps getting this?

I work in a place with several weather and drive to a lot of work sites. Would be helpful."
post_1mrsph0,1mrsph0,reddit,applemaps,post,https://www.reddit.com/r/applemaps/comments/1mrsph0/any_chance_we_will_see_satellite_view_in/,1755344123.0,2025-08-16 06:35:23,14.0,5.0,"Any chance we will see Satellite view in navigation mode?

Don't get me wrong, I really like Apple maps. The only thing I am missing js Satellite view when navigating. Any chance we will see this in the future?"
post_1mritmf,1mritmf,reddit,applemaps,post,https://www.reddit.com/r/applemaps/comments/1mritmf/blue_dot_apple_maps_issue/,1755313167.0,2025-08-15 21:59:27,12.0,4.0,"Blue Dot Apple Maps Issue

Can anyone help me? My Apple Maps shows my location, but the blue dot isn’t appearing."
post_1mqsse5,1mqsse5,reddit,applemaps,post,https://www.reddit.com/r/applemaps/comments/1mqsse5/blurring/,1755250152.0,2025-08-15 04:29:12,22.0,13.0,"Blurring

Why does Apple Maps blur out stuff Google Maps doesn’t? (On Satellite)"
post_1mqpjs4,1mqpjs4,reddit,applemaps,post,https://www.reddit.com/r/applemaps/comments/1mqpjs4/apple_maps_constantly_freezing/,1755238986.0,2025-08-15 01:23:06,11.0,1.0,Apple Maps constantly freezing
post_1mpiuio,1mpiuio,reddit,applemaps,post,https://www.reddit.com/r/applemaps/comments/1mpiuio/forcemaps_update/,1755124308.0,2025-08-13 17:31:48,38.0,14.0,"ForceMaps Update 🚀

I recently made an app that automatically redirects addresses from Google search directly into Apple Maps (now also supports Waze!) and this community gave great feedback. 

A new version is now live on the AppStore with a ton of new features. I added a lot of functionality to increase stability, added the option to hide the Google AI overviews, and more

Also, dropped the price from $4.99 → $.99 based on feedback.

App below and let me know what you want to see next 🚀 https://apps.apple.com/us/app/forcemaps/id6748969920

Open to all feedback and will work quickly to make the changes you request :)"
post_1mpc1fg,1mpc1fg,reddit,applemaps,post,https://www.reddit.com/r/applemaps/comments/1mpc1fg/oh_no_roblox_invading_apple_maps/,1755108795.0,2025-08-13 13:13:15,21.0,1.0,Oh no! Roblox invading Apple Maps
post_1moeg0k,1moeg0k,reddit,applemaps,post,https://www.reddit.com/r/applemaps/comments/1moeg0k/apple_maps_were_high_on_drgs_or_something/,1755018304.0,2025-08-12 12:05:04,0.0,1.0,"Apple Maps were high on Dr..gs or something

—— HAPPENED ON VOLVO XC60 ———

Hello Guys I have a question. I was on 3.5h drive and for some reason my Apple Maps was showing this “zoom out” view. Idk if that was a bug or not but even in the head up display was showing me the “zoom out” display … for the first 1.5h I was like ohh cool how nice a new way of showing zoom out. Maybe a bug of a preview of ios26 
But then it started bothering me bcs I could not see my next turn on a big screen. The detailed version. So I needed to restart my car and then it get to a normal view. Like I know it (last picture) 
••• first 1.5-2h it was showing me the first 7 pictures after hard reset of a car it went back to normal view last pic. Is there a reason why it happened ? •••"
post_1moefva,1moefva,reddit,applemaps,post,https://www.reddit.com/r/applemaps/comments/1moefva/apple_maps_were_high_on_drgs_or_something/,1755018297.0,2025-08-12 12:04:57,0.0,9.0,"Apple Maps were high on Dr..gs or something

—— HAPPENED ON VOLVO XC60 ———

Hello Guys I have a question. I was on 3.5h drive and for some reason my Apple Maps was showing this “zoom out” view. Idk if that was a bug or not but even in the head up display was showing me the “zoom out” display … for the first 1.5h I was like ohh cool how nice a new way of showing zoom out. Maybe a bug of a preview of ios26 
But then it started bothering me bcs I could not see my next turn on a big screen. The detailed version. So I needed to restart my car and then it get to a normal view. Like I know it (last picture) 
••• first 1.5-2h it was showing me the first 7 pictures after hard reset of a car it went back to normal view last pic. Is there a reason why it happened ? •••"
post_1moaesa,1moaesa,reddit,applemaps,post,https://www.reddit.com/r/applemaps/comments/1moaesa/apple_maps_doesnt_recognize_express_lanes_in/,1755009279.0,2025-08-12 09:34:39,27.0,4.0,"Apple Maps doesn’t recognize express lanes in Seattle

I had mostly converted to Apple Maps and started realizing that it never recommends express lanes. Used Google for 2 weeks and it always recommended express lanes when open. These lanes shave off 15 mins from a 40 min commute at times."
post_1mnemkm,1mnemkm,reddit,applemaps,post,https://www.reddit.com/r/applemaps/comments/1mnemkm/is_it_time_to_switch_to_apple_maps/,1754922812.0,2025-08-11 09:33:32,186.0,57.0,"Is it time to switch to Apple Maps?

As a Google maps user for 6 years, I have found Apple Maps more appealing to the eye. 

Especially in cities like New York, Hong Kong, or Singapore etc. Public transport navigation is also very straight to the point and it can definitely compete with Google Maps

Is it time to switch?"
post_1mn3os3,1mn3os3,reddit,applemaps,post,https://www.reddit.com/r/applemaps/comments/1mn3os3/apple_mapss_secret_speedometer/,1754886856.0,2025-08-10 23:34:16,54.0,16.0,"Apple Maps’s secret speedometer

(Confirm to be Chinese exclusive on national highways! )
One thing I noticed during my ride is that the speed limit icon on the road is usually a red outer ring with black text on white, but if you’re speeding it will turn into white text on red. But I think it’s better still to look at the car instead of relying on gps speed, and this is way too subtle too. I will add a screenshot when I have the chance"
post_1mm4guo,1mm4guo,reddit,applemaps,post,https://www.reddit.com/r/applemaps/comments/1mm4guo/apple_maps_place_issue/,1754785048.0,2025-08-09 19:17:28,19.0,7.0,"Apple Maps place issue

I’ve added a missing place and the next day I got a notification from Apple Maps to say they have reviewed and approved my request and it doesn’t show the marker or when I search it in maps I’ve told them lots of information about this missing place"
post_1mlxoup,1mlxoup,reddit,applemaps,post,https://www.reddit.com/r/applemaps/comments/1mlxoup/help_uk_holiday_coming_from_the_continent/,1754766952.0,2025-08-09 14:15:52,0.0,9.0,"Help: UK holiday coming from the continent.

How do I change the driving direction? I usually drive on the right in Germany, Belgium and France, but need to change Apple Maps so that the navigation in the UK directs me through traffic correctly on the left side of the road. 
Is there a setting to change the driving direction?"
