thread_id,subreddit,post_or_comment,created_utc,created_date,url,score,num_comments,text_clean,post_type,theme,text_vader,sentiment_scores,sentiment_compound,sentiment_label
1pqiqvw,apple,post,1766143468.0,2025-12-19 05:24:28,https://www.reddit.com/r/apple/comments/1pqiqvw/apple_quietly_discontinued_flyover_city_tours_in/,933.0,83.0,apple quietly discontinued flyover city tours in apple maps,other,ui_ux_carplay,apple quietly discontinued flyover city tours in apple maps,"{'neg': 0.0, 'neu': 1.0, 'pos': 0.0, 'compound': 0.0}",0.0,neutral
1pqiqvw,apple,comment,1766143468.0,2025-12-19 05:24:28,https://www.reddit.com/r/apple/comments/1pqiqvw/apple_quietly_discontinued_flyover_city_tours_in/,,,i would rather have the ability to drive a route in maps. apple street view or whatever it's called is much superior to google and would easily allow such a feature as you can basically do it now with tapping,experience_complaint,navigation_routing_traffic,i would rather have the ability to drive a route in maps. apple street view or whatever it's called is much superior to google and would easily allow such a feature as you can basically do it now with tapping,"{'neg': 0.0, 'neu': 0.766, 'pos': 0.234, 'compound': 0.8442}",0.8442,positive
1pqiqvw,apple,comment,1766143468.0,2025-12-19 05:24:28,https://www.reddit.com/r/apple/comments/1pqiqvw/apple_quietly_discontinued_flyover_city_tours_in/,,,">apple maps no longer offers a flyover feature that provides users with automated tours of notable landmarks in major cities. the flyover option appears to have been nixed around when ios 26 launched, but its removal went largely unnoticed. >flyover city tours were introduced in 2014 with ios 8 and os x yosemite, using flyover imagery to generate an aerial tour. most cities with flyover imagery supported the tour feature, but it may not have been used often since apple was able to quietly discontinue it. >flyover imagery has not been removed and over 350 cities continue to have 3d flyover imagery that highlights landmarks, parks, important buildings, and more with a bird's-eye view. >apple uses imagery collected with small military-grade planes that created detailed maps of buildings from above for flyover. the feature is not available in some areas due to privacy and security concerns. >flyover city tours used to be accessible by tapping on the flyover icon when searching for a city, but that option has now been removed.",policy_discussion,policy_strategy,"apple maps no longer offers a flyover feature that provides users with automated tours of notable landmarks in major cities. the flyover option appears to have been nixed around when ios 26 launched, but its removal went largely unnoticed. >flyover city tours were introduced in 2014 with ios 8 and os x yosemite, using flyover imagery to generate an aerial tour. most cities with flyover imagery supported the tour feature, but it may not have been used often since apple was able to quietly discontinue it. >flyover imagery has not been removed and over 350 cities continue to have 3d flyover imagery that highlights landmarks, parks, important buildings, and more with a bird's-eye view. >apple uses imagery collected with small military-grade planes that created detailed maps of buildings from above for flyover. the feature is not available in some areas due to privacy and security concerns. >flyover city tours used to be accessible by tapping on the flyover icon when searching for a city, but that option has now been removed.","{'neg': 0.009, 'neu': 0.922, 'pos': 0.069, 'compound': 0.8555}",0.8555,positive
1pqiqvw,apple,comment,1766143468.0,2025-12-19 05:24:28,https://www.reddit.com/r/apple/comments/1pqiqvw/apple_quietly_discontinued_flyover_city_tours_in/,,,i liked the idea but it was painfully slow. i wish i could skip forward,feature_request,performance_reliability,i liked the idea but it was painfully slow. i wish i could skip forward,"{'neg': 0.241, 'neu': 0.472, 'pos': 0.286, 'compound': -0.0387}",-0.0387,neutral
1pqiqvw,apple,comment,1766143468.0,2025-12-19 05:24:28,https://www.reddit.com/r/apple/comments/1pqiqvw/apple_quietly_discontinued_flyover_city_tours_in/,,,"i've noticed a while ago that the feature was gone, but it always felt like a gimmick. it is kinda cool that you can 3d render some cities with such fidelity, and flyover showcased that, but it's always been completely useless otherwise.",experience_complaint,other,"i've noticed a while ago that the feature was gone, but it always felt like a gimmick. it is kinda cool that you can 3d render some cities with such fidelity, and flyover showcased that, but it's always been completely useless otherwise.","{'neg': 0.088, 'neu': 0.789, 'pos': 0.123, 'compound': 0.1583}",0.1583,neutral
1pqiqvw,apple,comment,1766143468.0,2025-12-19 05:24:28,https://www.reddit.com/r/apple/comments/1pqiqvw/apple_quietly_discontinued_flyover_city_tours_in/,,,noooooooo i liked this stupid feature.,experience_praise,other,noooooooo i liked this stupid feature.,"{'neg': 0.408, 'neu': 0.306, 'pos': 0.286, 'compound': -0.296}",-0.296,negative
1pqiqvw,apple,comment,1766143468.0,2025-12-19 05:24:28,https://www.reddit.com/r/apple/comments/1pqiqvw/apple_quietly_discontinued_flyover_city_tours_in/,,,"as a map nerd, this saddens me… but it was about as useful as an ashtray on a motorcycle.",other,other,"as a map nerd, this saddens me... but it was about as useful as an ashtray on a motorcycle.","{'neg': 0.175, 'neu': 0.647, 'pos': 0.178, 'compound': 0.2646}",0.2646,positive
1pqiqvw,apple,comment,1766143468.0,2025-12-19 05:24:28,https://www.reddit.com/r/apple/comments/1pqiqvw/apple_quietly_discontinued_flyover_city_tours_in/,,,pretty sure this feature was just a tech demo for the 3d mappings they had. they no longer need it.,other,other,pretty sure this feature was just a tech demo for the 3d mappings they had. they no longer need it.,"{'neg': 0.093, 'neu': 0.675, 'pos': 0.232, 'compound': 0.5106}",0.5106,positive
1pqiqvw,apple,comment,1766143468.0,2025-12-19 05:24:28,https://www.reddit.com/r/apple/comments/1pqiqvw/apple_quietly_discontinued_flyover_city_tours_in/,,,i really hate how every year they announce a lot of new features and suddenly they quietly take them out. it serves only stupid promoting purposes. i wish they kept it simple and don’t add a ton of useless stuff.,feature_request,ui_ux_carplay,i really hate how every year they announce a lot of new features and suddenly they quietly take them out. it serves only stupid promoting purposes. i wish they kept it simple and don’t add a ton of useless stuff.,"{'neg': 0.22, 'neu': 0.668, 'pos': 0.112, 'compound': -0.7178}",-0.7178,negative
1pqiqvw,apple,comment,1766143468.0,2025-12-19 05:24:28,https://www.reddit.com/r/apple/comments/1pqiqvw/apple_quietly_discontinued_flyover_city_tours_in/,,,that’s so sad!!,other,other,that’s so sad!!,"{'neg': 0.665, 'neu': 0.335, 'pos': 0.0, 'compound': -0.6094}",-0.6094,negative
1pqiqvw,apple,comment,1766143468.0,2025-12-19 05:24:28,https://www.reddit.com/r/apple/comments/1pqiqvw/apple_quietly_discontinued_flyover_city_tours_in/,,,"i'd never even heard of this feature, so no wonder they were able to quietly discontinue it!",other,ui_ux_carplay,"i'd never even heard of this feature, so no wonder they were able to quietly discontinue it!","{'neg': 0.165, 'neu': 0.835, 'pos': 0.0, 'compound': -0.4868}",-0.4868,negative
1pqiqvw,apple,comment,1766143468.0,2025-12-19 05:24:28,https://www.reddit.com/r/apple/comments/1pqiqvw/apple_quietly_discontinued_flyover_city_tours_in/,,,can you guys tell me about this kind of stuff before it's discontinued?,other,other,can you guys tell me about this kind of stuff before it's discontinued?,"{'neg': 0.0, 'neu': 1.0, 'pos': 0.0, 'compound': 0.0}",0.0,neutral
1pqiqvw,apple,comment,1766143468.0,2025-12-19 05:24:28,https://www.reddit.com/r/apple/comments/1pqiqvw/apple_quietly_discontinued_flyover_city_tours_in/,,,"i've checked back pretty often whether this feature was still available because i've always found it such a funny useless addition. i remember it being there at least in one of the earlier ios 26 beta's, maybe even release, but it's also very possible this was a server side change disabling access on every version.",experience_complaint,navigation_routing_traffic,"i've checked back pretty often whether this feature was still available because i've always found it such a funny useless addition. i remember it being there at least in one of the earlier ios 26 beta's, maybe even release, but it's also very possible this was a server side change disabling access on every version.","{'neg': 0.104, 'neu': 0.826, 'pos': 0.07, 'compound': -0.4588}",-0.4588,negative
1pqiqvw,apple,comment,1766143468.0,2025-12-19 05:24:28,https://www.reddit.com/r/apple/comments/1pqiqvw/apple_quietly_discontinued_flyover_city_tours_in/,,,quietly is the new slams ironically.,other,ui_ux_carplay,quietly is the new slams ironically.,"{'neg': 0.0, 'neu': 1.0, 'pos': 0.0, 'compound': 0.0}",0.0,neutral
1pqiqvw,apple,comment,1766143468.0,2025-12-19 05:24:28,https://www.reddit.com/r/apple/comments/1pqiqvw/apple_quietly_discontinued_flyover_city_tours_in/,,,"i enjoyed this because it gave you access to a hidden augmented reality mode, where you could start the tour and immediately pause it, and then just pan around the city using your device as it shows you the 3d city around you moving perfectly in time with your hand. you could also drag to a new location and “look around” from that new perspective. it came out around the time that google earth vr started being a thing, and i’m surprised it never went any further.",other,search_poi_data,"i enjoyed this because it gave you access to a hidden augmented reality mode, where you could start the tour and immediately pause it, and then just pan around the city using your device as it shows you the 3d city around you moving perfectly in time with your hand. you could also drag to a new location and “look around” from that new perspective. it came out around the time that google earth vr started being a thing, and i’m surprised it never went any further.","{'neg': 0.021, 'neu': 0.843, 'pos': 0.136, 'compound': 0.8934}",0.8934,positive
1pqiqvw,apple,comment,1766143468.0,2025-12-19 05:24:28,https://www.reddit.com/r/apple/comments/1pqiqvw/apple_quietly_discontinued_flyover_city_tours_in/,,,quickest bake ad hoc hurry lavish lip squeeze advise public jar *this post was mass deleted and anonymized with [redact](,other,ui_ux_carplay,quickest bake ad hoc hurry lavish lip squeeze advise public jar *this post was mass deleted and anonymized with [redact](,"{'neg': 0.0, 'neu': 1.0, 'pos': 0.0, 'compound': 0.0}",0.0,neutral
1pqiqvw,apple,comment,1766143468.0,2025-12-19 05:24:28,https://www.reddit.com/r/apple/comments/1pqiqvw/apple_quietly_discontinued_flyover_city_tours_in/,,,"the new lane by lane direction is still only available in selected cities in the us. what are they doing with maps, it has been 4-5 years since they announce this",other,other,"the new lane by lane direction is still only available in selected cities in the us. what are they doing with maps, it has been 4-5 years since they announce this","{'neg': 0.0, 'neu': 1.0, 'pos': 0.0, 'compound': 0.0}",0.0,neutral
1pqiqvw,apple,comment,1766143468.0,2025-12-19 05:24:28,https://www.reddit.com/r/apple/comments/1pqiqvw/apple_quietly_discontinued_flyover_city_tours_in/,,,"so this is not the same thing as the aerials screensaver on my appletv right? i love that, would be bummed if it was gone",experience_praise,ui_ux_carplay,"so this is not the same thing as the aerials screensaver on my appletv right? i love that, would be bummed if it was gone","{'neg': 0.0, 'neu': 0.846, 'pos': 0.154, 'compound': 0.6369}",0.6369,positive
1pqiqvw,apple,comment,1766143468.0,2025-12-19 05:24:28,https://www.reddit.com/r/apple/comments/1pqiqvw/apple_quietly_discontinued_flyover_city_tours_in/,,,did they stop street view too? two years ago the apple cars were going through every street and nothing. then last year their set up came through again. now a year after that and we still don’t have any street view. does it take three years to put them together or what?,other,other,did they stop street view too? two years ago the apple cars were going through every street and nothing. then last year their set up came through again. now a year after that and we still don’t have any street view. does it take three years to put them together or what?,"{'neg': 0.049, 'neu': 0.951, 'pos': 0.0, 'compound': -0.3736}",-0.3736,negative
1pgh00h,apple,post,1765109803.0,2025-12-07 06:16:43,https://www.reddit.com/r/apple/comments/1pgh00h/made_an_affordable_app_to_add_alarms_to_reminders/,5.0,30.0,"made an affordable app to add alarms to reminders and calendar events i made this app cannot ignore because now in ios 26 we finally have the ability to schedule proper alarms in the future. meaning now, for an event, you don’t have to just get a single buzz and notification banner: you can get a full-blown alarm that takes over your whole screen. you might say, well, i’ll just schedule it with the clock app. nope. you can set it to reoccur on a week day every week, but that’s it. you can’t schedule a single alarm on a certain day for an important event. you might say, yeah, well, surely reminders and calendar have this built in. nope. their alerts are just those notification banners. more features of the app: * cannot ignore can sync with your calendar and reminders, or just certain calendars or certain reminders lists. * or you can import them individually, instead of syncing all of them, or add individual one-off alarms that aren’t in your calendar or reminders (honestly, that’s the only part i wanted, except a friend convinced me that he loved having alarms automatically syncing all his events, saying it helped his adhd, so i went with that.) * you can make the syncing to calendars and reminders automatic by connecting a shortcuts automation to run the syncing in the background at a time of your choosing. (this part is a huge technical challenge, because apple doesn’t like to give developers the ability to continually run silently in the background, for good reasons, but it does make things like this tricky.) * you can choose a custom sound for your alarm (i used the “i get knocked down, but i get up again” clip i recorded of the youtube video on my phone). * you can set a custom sound as a default sound for all apps in settings. * you can attach links to the events, so that there is a big button to open the link to send you to a zoom meeting or map directions url. (these are automatically added from calendar and reminders) * in settings, you can make it so that synced/imported events get an alarm n number of minutes before the actual event. so you can set that to 1 minute, 12 minutes, etc. there is a textfield for that. * and of course you can edit the time and information of any event you create or import. there are other apps taking advantage of alarmkit in ios 26. some have features that i don’t, i have some features that they don’t. but probably a big differentiator is that this is a pretty good set of features that costs only $1 up front. and feel free to ping me if you need help getting a reimbursement if you don’t like the app, at hello@cephalopod.studio. thanks, and hope y’all enjoy. edit: as folks have mentioned, ios 26.2, which is probably dropping soon, adds the ability to mark a reminder as “urgent” which then triggers a full-screen alarm. so, no automatic adding to a calendar. no automatically adding alarms to lists of reminders. no custom setting a time before a given reminder or calendar event for an alarm. no custom sounds, etc. so a bit sherlocked, but still a lot of conveniences.",experience_praise,ui_ux_carplay,"made an affordable app to add alarms to reminders and calendar events i made this app cannot ignore because now in ios 26 we finally have the ability to schedule proper alarms in the future. meaning now, for an event, you don’t have to just get a single buzz and notification banner: you can get a full-blown alarm that takes over your whole screen. you might say, well, i’ll just schedule it with the clock app. nope. you can set it to reoccur on a week day every week, but that’s it. you can’t schedule a single alarm on a certain day for an important event. you might say, yeah, well, surely reminders and calendar have this built in. nope. their alerts are just those notification banners. more features of the app: * cannot ignore can sync with your calendar and reminders, or just certain calendars or certain reminders lists. * or you can import them individually, instead of syncing all of them, or add individual one-off alarms that aren’t in your calendar or reminders (honestly, that’s the only part i wanted, except a friend convinced me that he loved having alarms automatically syncing all his events, saying it helped his adhd, so i went with that.) * you can make the syncing to calendars and reminders automatic by connecting a shortcuts automation to run the syncing in the background at a time of your choosing. (this part is a huge technical challenge, because apple doesn’t like to give developers the ability to continually run silently in the background, for good reasons, but it does make things like this tricky.) * you can choose a custom sound for your alarm (i used the “i get knocked down, but i get up again” clip i recorded of the youtube video on my phone). * you can set a custom sound as a default sound for all apps in settings. * you can attach links to the events, so that there is a big button to open the link to send you to a zoom meeting or map directions url. (these are automatically added from calendar and reminders) * in settings, you can make it so that synced/imported events get an alarm n number of minutes before the actual event. so you can set that to 1 minute, 12 minutes, etc. there is a textfield for that. * and of course you can edit the time and information of any event you create or import. there are other apps taking advantage of alarmkit in ios 26. some have features that i don’t, i have some features that they don’t. but probably a big differentiator is that this is a pretty good set of features that costs only $1 up front. and feel free to ping me if you need help getting a reimbursement if you don’t like the app, at hello@cephalopod.studio. thanks, and hope y’all enjoy. edit: as folks have mentioned, ios 26.2, which is probably dropping soon, adds the ability to mark a reminder as “urgent” which then triggers a full-screen alarm. so, no automatic adding to a calendar. no automatically adding alarms to lists of reminders. no custom setting a time before a given reminder or calendar event for an alarm. no custom sounds, etc. so a bit sherlocked, but still a lot of conveniences.","{'neg': 0.071, 'neu': 0.766, 'pos': 0.162, 'compound': 0.9949}",0.9949,positive
1pgh00h,apple,comment,1765109803.0,2025-12-07 06:16:43,https://www.reddit.com/r/apple/comments/1pgh00h/made_an_affordable_app_to_add_alarms_to_reminders/,,,you may have been partially sherlocked as 26.2 adds the ability to tie an alarm to a reminder.,other,other,you may have been partially sherlocked as 26.2 adds the ability to tie an alarm to a reminder.,"{'neg': 0.122, 'neu': 0.761, 'pos': 0.117, 'compound': -0.0258}",-0.0258,neutral
1pgh00h,apple,comment,1765109803.0,2025-12-07 06:16:43,https://www.reddit.com/r/apple/comments/1pgh00h/made_an_affordable_app_to_add_alarms_to_reminders/,,,didn’t apple just add this functionality to the reminders with latest ios?,other,other,didn’t apple just add this functionality to the reminders with latest ios?,"{'neg': 0.0, 'neu': 1.0, 'pos': 0.0, 'compound': 0.0}",0.0,neutral
1pgh00h,apple,comment,1765109803.0,2025-12-07 06:16:43,https://www.reddit.com/r/apple/comments/1pgh00h/made_an_affordable_app_to_add_alarms_to_reminders/,,,dudes fighting for his life trying to say this is relevant once 26.2 drops,other,other,dudes fighting for his life trying to say this is relevant once 26.2 drops,"{'neg': 0.161, 'neu': 0.839, 'pos': 0.0, 'compound': -0.3612}",-0.3612,negative
1pgh00h,apple,comment,1765109803.0,2025-12-07 06:16:43,https://www.reddit.com/r/apple/comments/1pgh00h/made_an_affordable_app_to_add_alarms_to_reminders/,,,yeah this is completely irrelevant when 26.2 drops. :(,other,other,yeah this is completely irrelevant when 26.2 drops. :(,"{'neg': 0.24, 'neu': 0.579, 'pos': 0.182, 'compound': -0.1779}",-0.1779,neutral
1pgh00h,apple,comment,1765109803.0,2025-12-07 06:16:43,https://www.reddit.com/r/apple/comments/1pgh00h/made_an_affordable_app_to_add_alarms_to_reminders/,,,"oof, i think this is unfortunate timing. ios 26.2 adds this to reminders.",other,other,"oof, i think this is unfortunate timing. ios 26.2 adds this to reminders.","{'neg': 0.214, 'neu': 0.786, 'pos': 0.0, 'compound': -0.4588}",-0.4588,negative
1pgh00h,apple,comment,1765109803.0,2025-12-07 06:16:43,https://www.reddit.com/r/apple/comments/1pgh00h/made_an_affordable_app_to_add_alarms_to_reminders/,,,let me true before paying.,other,other,let me true before paying.,"{'neg': 0.0, 'neu': 0.588, 'pos': 0.412, 'compound': 0.4215}",0.4215,positive
1pgh00h,apple,comment,1765109803.0,2025-12-07 06:16:43,https://www.reddit.com/r/apple/comments/1pgh00h/made_an_affordable_app_to_add_alarms_to_reminders/,,,"very cool app, great work!",experience_praise,other,"very cool app, great work!","{'neg': 0.0, 'neu': 0.293, 'pos': 0.707, 'compound': 0.8047}",0.8047,positive
1pgh00h,apple,comment,1765109803.0,2025-12-07 06:16:43,https://www.reddit.com/r/apple/comments/1pgh00h/made_an_affordable_app_to_add_alarms_to_reminders/,,,"thank you for this! instant buy, as it's cheap and something i've always wanted.",other,other,"thank you for this! instant buy, as it's cheap and something i've always wanted.","{'neg': 0.0, 'neu': 0.823, 'pos': 0.177, 'compound': 0.4199}",0.4199,positive
1pgh00h,apple,comment,1765109803.0,2025-12-07 06:16:43,https://www.reddit.com/r/apple/comments/1pgh00h/made_an_affordable_app_to_add_alarms_to_reminders/,,,"bought it. looks great. have some ideas for improvements. \- when i import events from a calender, it should check if it has configured travel time, as sometimes i need to prepare/leave before the actual event in the calendar \- it would be nice to have ability to add or import a tag from the calendar here as well, so i can list what alarms i have for specific tag",experience_praise,other,"bought it. looks great. have some ideas for improvements. \- when i import events from a calender, it should check if it has configured travel time, as sometimes i need to prepare/leave before the actual event in the calendar \- it would be nice to have ability to add or import a tag from the calendar here as well, so i can list what alarms i have for specific tag","{'neg': 0.028, 'neu': 0.787, 'pos': 0.185, 'compound': 0.8885}",0.8885,positive
1pgh00h,apple,comment,1765109803.0,2025-12-07 06:16:43,https://www.reddit.com/r/apple/comments/1pgh00h/made_an_affordable_app_to_add_alarms_to_reminders/,,,"totally hear you on that, but the flexibility your app offers sounds killer. the syncing options are a game changer, especially for people with a busy calendar. sometimes you just need that extra nudge to actually get stuff done, and your app seems like it delivers.",experience_praise,transit_walk_bike,"totally hear you on that, but the flexibility your app offers sounds killer. the syncing options are a game changer, especially for people with a busy calendar. sometimes you just need that extra nudge to actually get stuff done, and your app seems like it delivers.","{'neg': 0.112, 'neu': 0.769, 'pos': 0.119, 'compound': -0.1531}",-0.1531,neutral
1pgh00h,apple,comment,1765109803.0,2025-12-07 06:16:43,https://www.reddit.com/r/apple/comments/1pgh00h/made_an_affordable_app_to_add_alarms_to_reminders/,,,"heck, i'm probably going to pick kt up because it's just a dollar with no other iap or subscriptions.. even if i don't end up using it much, i'm willing to give the author the dollar just for that.",other,other,"heck, i'm probably going to pick kt up because it's just a dollar with no other iap or subscriptions.. even if i don't end up using it much, i'm willing to give the author the dollar just for that.","{'neg': 0.058, 'neu': 0.942, 'pos': 0.0, 'compound': -0.296}",-0.296,negative
1pgh00h,apple,comment,1765109803.0,2025-12-07 06:16:43,https://www.reddit.com/r/apple/comments/1pgh00h/made_an_affordable_app_to_add_alarms_to_reminders/,,,"holy hell dude! nice job! this is something i wanted for years, never thought it was possible on ios. i tried my hand at making it for android and ended up stonewalled by google’s rigid policies about background services blocking my alarm service from running constantly without system approval.",other,other,"holy hell dude! nice job! this is something i wanted for years, never thought it was possible on ios. i tried my hand at making it for android and ended up stonewalled by google’s rigid policies about background services blocking my alarm service from running constantly without system approval.","{'neg': 0.236, 'neu': 0.664, 'pos': 0.1, 'compound': -0.8041}",-0.8041,negative
1paorgu,apple,post,1764525532.0,2025-11-30 11:58:52,https://www.reddit.com/r/apple/comments/1paorgu/apple_developing_these_5_new_satellite_features/,561.0,193.0,"apple developing these 5 new satellite features for iphone # summary the article describes five new satellite features that apple is developing for the iphone. these features include apple maps via satellite, photos in messages via satellite, natural usage of satellite connectivity from indoors, satellite over 5g, and a satellite api framework for third-party apps.",other,reviews_photos_local,"apple developing these 5 new satellite features for iphone # summary the article describes five new satellite features that apple is developing for the iphone. these features include apple maps via satellite, photos in messages via satellite, natural usage of satellite connectivity from indoors, satellite over 5g, and a satellite api framework for third-party apps.","{'neg': 0.0, 'neu': 0.953, 'pos': 0.047, 'compound': 0.3612}",0.3612,positive
1paorgu,apple,comment,1764525532.0,2025-11-30 11:58:52,https://www.reddit.com/r/apple/comments/1paorgu/apple_developing_these_5_new_satellite_features/,,,"what happened to weather over satellite? i was really looking forward to that, great feature to have while extended camping / backpacking",experience_praise,other,"what happened to weather over satellite? i was really looking forward to that, great feature to have while extended camping / backpacking","{'neg': 0.0, 'neu': 0.823, 'pos': 0.177, 'compound': 0.6249}",0.6249,positive
1paorgu,apple,comment,1764525532.0,2025-11-30 11:58:52,https://www.reddit.com/r/apple/comments/1paorgu/apple_developing_these_5_new_satellite_features/,,,"the thing is, this will never be better than starlink direct to cell (or amazon leo’s system, in a couple years). starlinks just orbit lower and there’s more of them, compared to the satellites apple uses which orbit a lot higher.",comparison_discussion,other,"the thing is, this will never be better than starlink direct to cell (or amazon leo’s system, in a couple years). starlinks just orbit lower and there’s more of them, compared to the satellites apple uses which orbit a lot higher.","{'neg': 0.109, 'neu': 0.851, 'pos': 0.04, 'compound': -0.4416}",-0.4416,negative
1paorgu,apple,comment,1764525532.0,2025-11-30 11:58:52,https://www.reddit.com/r/apple/comments/1paorgu/apple_developing_these_5_new_satellite_features/,,,is it reliable for anyone? i was at the beach a month or two ago with no cell service so i tried it for some messages and it just did not really work well at all.,experience_praise,other,is it reliable for anyone? i was at the beach a month or two ago with no cell service so i tried it for some messages and it just did not really work well at all.,"{'neg': 0.12, 'neu': 0.88, 'pos': 0.0, 'compound': -0.4973}",-0.4973,negative
1paorgu,apple,comment,1764525532.0,2025-11-30 11:58:52,https://www.reddit.com/r/apple/comments/1paorgu/apple_developing_these_5_new_satellite_features/,,,"this actually sounds huge. offline apple maps navigation over satellite and sending photos via messages without cell/wi-fi would be a massive upgrade for travel, hikers, or anyone in low-coverage areas.",other,navigation_routing_traffic,"this actually sounds huge. offline apple maps navigation over satellite and sending photos via messages without cell/wi-fi would be a massive upgrade for travel, hikers, or anyone in low-coverage areas.","{'neg': 0.049, 'neu': 0.877, 'pos': 0.075, 'compound': 0.2023}",0.2023,positive
1paorgu,apple,comment,1764525532.0,2025-11-30 11:58:52,https://www.reddit.com/r/apple/comments/1paorgu/apple_developing_these_5_new_satellite_features/,,,"apple are planning on putting the carriers out of business. it's *much* cheaper to put up a satellite constellation (ie starlink) than it is to cover the ground in cables and radios. it's getting to the point where there will be enough bandwidth. and they're obviously working hard on satellite ""stuff"". i promise you. apple connectivity - $10/month or included with ""apple one"". no third party needed.",other,search_poi_data,"apple are planning on putting the carriers out of business. it's *much* cheaper to put up a satellite constellation (ie starlink) than it is to cover the ground in cables and radios. it's getting to the point where there will be enough bandwidth. and they're obviously working hard on satellite ""stuff"". i promise you. apple connectivity - $10/month or included with ""apple one"". no third party needed.","{'neg': 0.052, 'neu': 0.875, 'pos': 0.073, 'compound': 0.34}",0.34,positive
1paorgu,apple,comment,1764525532.0,2025-11-30 11:58:52,https://www.reddit.com/r/apple/comments/1paorgu/apple_developing_these_5_new_satellite_features/,,,still waiting for *any* satellite features to be available in my country (nordics). seems like apple promised the availability would expand quite a while ago.,experience_praise,ui_ux_carplay,still waiting for *any* satellite features to be available in my country (nordics). seems like apple promised the availability would expand quite a while ago.,"{'neg': 0.0, 'neu': 0.742, 'pos': 0.258, 'compound': 0.743}",0.743,positive
1paorgu,apple,comment,1764525532.0,2025-11-30 11:58:52,https://www.reddit.com/r/apple/comments/1paorgu/apple_developing_these_5_new_satellite_features/,,,"apple: ""oh gosh, with photos over satellite we have to charge monthly for satellite connectivity!"" me: ""but i don't want to send photos that way, i just want emergency and maybe brief text messages over satellite and not pay another subscription."" apple: ""oh and you can connect while inside buildings! it's so useful and well worth the fee!"" me: facepalm.",other,ui_ux_carplay,"apple: ""oh gosh, with photos over satellite we have to charge monthly for satellite connectivity!"" me: ""but i don't want to send photos that way, i just want emergency and maybe brief text messages over satellite and not pay another subscription."" apple: ""oh and you can connect while inside buildings! it's so useful and well worth the fee!"" me: facepalm.","{'neg': 0.087, 'neu': 0.73, 'pos': 0.184, 'compound': 0.8299}",0.8299,positive
1paorgu,apple,comment,1764525532.0,2025-11-30 11:58:52,https://www.reddit.com/r/apple/comments/1paorgu/apple_developing_these_5_new_satellite_features/,,,still waiting for facetime audio via satellite.,other,other,still waiting for facetime audio via satellite.,"{'neg': 0.0, 'neu': 1.0, 'pos': 0.0, 'compound': 0.0}",0.0,neutral
1paorgu,apple,comment,1764525532.0,2025-11-30 11:58:52,https://www.reddit.com/r/apple/comments/1paorgu/apple_developing_these_5_new_satellite_features/,,,"can someone tell me if location sharing will be supported? if not, how will the transporter get a lock on any of us to beam us off this planet?",other,search_poi_data,"can someone tell me if location sharing will be supported? if not, how will the transporter get a lock on any of us to beam us off this planet?","{'neg': 0.0, 'neu': 0.826, 'pos': 0.174, 'compound': 0.6662}",0.6662,positive
1paorgu,apple,comment,1764525532.0,2025-11-30 11:58:52,https://www.reddit.com/r/apple/comments/1paorgu/apple_developing_these_5_new_satellite_features/,,,how’s this stuff free?!,other,other,how’s this stuff free?!,"{'neg': 0.0, 'neu': 1.0, 'pos': 0.0, 'compound': 0.0}",0.0,neutral
1paorgu,apple,comment,1764525532.0,2025-11-30 11:58:52,https://www.reddit.com/r/apple/comments/1paorgu/apple_developing_these_5_new_satellite_features/,,,as long as i can avoid starlink and every musk company i am game.,other,other,as long as i can avoid starlink and every musk company i am game.,"{'neg': 0.167, 'neu': 0.833, 'pos': 0.0, 'compound': -0.296}",-0.296,negative
1paorgu,apple,comment,1764525532.0,2025-11-30 11:58:52,https://www.reddit.com/r/apple/comments/1paorgu/apple_developing_these_5_new_satellite_features/,,,i wonder if any of this is going to be paywalled like the original satellite connectivity was planned to be,experience_praise,other,i wonder if any of this is going to be paywalled like the original satellite connectivity was planned to be,"{'neg': 0.0, 'neu': 0.78, 'pos': 0.22, 'compound': 0.5859}",0.5859,positive
1paorgu,apple,comment,1764525532.0,2025-11-30 11:58:52,https://www.reddit.com/r/apple/comments/1paorgu/apple_developing_these_5_new_satellite_features/,,,is there a reason to post three-week-old macrumors posts? please do not.,other,other,is there a reason to post three-week-old macrumors posts? please do not.,"{'neg': 0.0, 'neu': 0.813, 'pos': 0.187, 'compound': 0.3182}",0.3182,positive
1paorgu,apple,comment,1764525532.0,2025-11-30 11:58:52,https://www.reddit.com/r/apple/comments/1paorgu/apple_developing_these_5_new_satellite_features/,,,what i want is group imessage via satellite,other,other,what i want is group imessage via satellite,"{'neg': 0.0, 'neu': 0.822, 'pos': 0.178, 'compound': 0.0772}",0.0772,neutral
1paorgu,apple,comment,1764525532.0,2025-11-30 11:58:52,https://www.reddit.com/r/apple/comments/1paorgu/apple_developing_these_5_new_satellite_features/,,,what i really don’t understand is how much it costs.,other,other,what i really don’t understand is how much it costs.,"{'neg': 0.0, 'neu': 1.0, 'pos': 0.0, 'compound': 0.0}",0.0,neutral
1pa1e9w,apple,post,1764454499.0,2025-11-29 16:14:59,https://www.reddit.com/r/apple/comments/1pa1e9w/the_eu_says_apple_maps_may_be_big_enough_to_be/,1003.0,355.0,the eu says apple maps may be big enough to be considered a dma gatekeeper,policy_discussion,policy_strategy,the eu says apple maps may be big enough to be considered a dma gatekeeper,"{'neg': 0.0, 'neu': 1.0, 'pos': 0.0, 'compound': 0.0}",0.0,neutral
1pa1e9w,apple,comment,1764454499.0,2025-11-29 16:14:59,https://www.reddit.com/r/apple/comments/1pa1e9w/the_eu_says_apple_maps_may_be_big_enough_to_be/,,,"the eu hasn't said anything yet, after the initial ""designated gatekeepers"" companies have the responsibility to *self-report* when they reach the thresholds, i believe this applies to any companies that meet the threshold not just the big tech gang. apple has reported that maps and ads have reached the threshold, and the eu has acknowledged receiving the report. the eu will decide if they designate these services gatekeepers or not, by about february. then they will say something.",policy_discussion,policy_strategy,"the eu hasn't said anything yet, after the initial ""designated gatekeepers"" companies have the responsibility to *self-report* when they reach the thresholds, i believe this applies to any companies that meet the threshold not just the big tech gang. apple has reported that maps and ads have reached the threshold, and the eu has acknowledged receiving the report. the eu will decide if they designate these services gatekeepers or not, by about february. then they will say something.","{'neg': 0.0, 'neu': 0.968, 'pos': 0.032, 'compound': 0.128}",0.128,neutral
1pa1e9w,apple,comment,1764454499.0,2025-11-29 16:14:59,https://www.reddit.com/r/apple/comments/1pa1e9w/the_eu_says_apple_maps_may_be_big_enough_to_be/,,,"bit misleading title. services with certain amount of users require the company to report them to eu, who then decide whether to designate it a gatekeeper or not. apple notified eu that maps and ads reach these thresholds and will also provide statement on why they still shouldn’t be considered gatekeepers, main reason being low amount of users in eu.",policy_discussion,policy_strategy,"bit misleading title. services with certain amount of users require the company to report them to eu, who then decide whether to designate it a gatekeeper or not. apple notified eu that maps and ads reach these thresholds and will also provide statement on why they still shouldn’t be considered gatekeepers, main reason being low amount of users in eu.","{'neg': 0.076, 'neu': 0.873, 'pos': 0.051, 'compound': -0.3818}",-0.3818,negative
1pa1e9w,apple,comment,1764454499.0,2025-11-29 16:14:59,https://www.reddit.com/r/apple/comments/1pa1e9w/the_eu_says_apple_maps_may_be_big_enough_to_be/,,,at this point by next week the eu will designate the apple polishing cloth a gatekeeper,policy_discussion,policy_strategy,at this point by next week the eu will designate the apple polishing cloth a gatekeeper,"{'neg': 0.0, 'neu': 1.0, 'pos': 0.0, 'compound': 0.0}",0.0,neutral
1pa1e9w,apple,comment,1764454499.0,2025-11-29 16:14:59,https://www.reddit.com/r/apple/comments/1pa1e9w/the_eu_says_apple_maps_may_be_big_enough_to_be/,,,"at this point, it feels like the eu have it out for apple, specially.",experience_praise,search_poi_data,"at this point, it feels like the eu have it out for apple, specially.","{'neg': 0.0, 'neu': 0.839, 'pos': 0.161, 'compound': 0.3612}",0.3612,positive
1pa1e9w,apple,comment,1764454499.0,2025-11-29 16:14:59,https://www.reddit.com/r/apple/comments/1pa1e9w/the_eu_says_apple_maps_may_be_big_enough_to_be/,,,at this point i have to wonder if apple fans are literate. the article \*literally\* says apple reached out to the eu to let them know maps had reach dma thresholds and you guys are still complaining about how the eu is being unfair.,policy_discussion,policy_strategy,at this point i have to wonder if apple fans are literate. the article \*literally\* says apple reached out to the eu to let them know maps had reach dma thresholds and you guys are still complaining about how the eu is being unfair.,"{'neg': 0.106, 'neu': 0.841, 'pos': 0.054, 'compound': -0.5267}",-0.5267,negative
1pa1e9w,apple,comment,1764454499.0,2025-11-29 16:14:59,https://www.reddit.com/r/apple/comments/1pa1e9w/the_eu_says_apple_maps_may_be_big_enough_to_be/,,,it’s not only apple like the usual commenters make it up in the comments. all the corpo-anti-consumer-fucks are treated as gate-keepers by eu. google and playstore are treated the same. it’s honestly one of the biggest perks of being in eu.,experience_praise,other,it’s not only apple like the usual commenters make it up in the comments. all the corpo-anti-consumer-fucks are treated as gate-keepers by eu. google and playstore are treated the same. it’s honestly one of the biggest perks of being in eu.,"{'neg': 0.048, 'neu': 0.884, 'pos': 0.068, 'compound': 0.224}",0.224,positive
1pa1e9w,apple,comment,1764454499.0,2025-11-29 16:14:59,https://www.reddit.com/r/apple/comments/1pa1e9w/the_eu_says_apple_maps_may_be_big_enough_to_be/,,,this comment section is so full of actual chuds boohoo god forbid a government care about its people and the consumer wah wah,policy_discussion,policy_strategy,this comment section is so full of actual chuds boohoo god forbid a government care about its people and the consumer wah wah,"{'neg': 0.086, 'neu': 0.714, 'pos': 0.199, 'compound': 0.4588}",0.4588,positive
1pa1e9w,apple,comment,1764454499.0,2025-11-29 16:14:59,https://www.reddit.com/r/apple/comments/1pa1e9w/the_eu_says_apple_maps_may_be_big_enough_to_be/,,,"doubt this will lead to anything since you can already change the default map app, althou in carplay its very frustrating if you rely on your calendar app to redirect to your destination, since it defaults to apple maps and sometimes you get a pop-up saying ""open google maps"".",comparison_discussion,ui_ux_carplay,"doubt this will lead to anything since you can already change the default map app, althou in carplay its very frustrating if you rely on your calendar app to redirect to your destination, since it defaults to apple maps and sometimes you get a pop-up saying ""open google maps"".","{'neg': 0.11, 'neu': 0.89, 'pos': 0.0, 'compound': -0.6901}",-0.6901,negative
1pa1e9w,apple,comment,1764454499.0,2025-11-29 16:14:59,https://www.reddit.com/r/apple/comments/1pa1e9w/the_eu_says_apple_maps_may_be_big_enough_to_be/,,,eu can go and suck a big fat one for once,other,other,eu can go and suck a big fat one for once,"{'neg': 0.244, 'neu': 0.756, 'pos': 0.0, 'compound': -0.4404}",-0.4404,negative
1pa1e9w,apple,comment,1764454499.0,2025-11-29 16:14:59,https://www.reddit.com/r/apple/comments/1pa1e9w/the_eu_says_apple_maps_may_be_big_enough_to_be/,,,at a certain point people are just going to stop doing business with the eu because it’s going to be too much of a hassle,other,search_poi_data,at a certain point people are just going to stop doing business with the eu because it’s going to be too much of a hassle,"{'neg': 0.087, 'neu': 0.83, 'pos': 0.083, 'compound': -0.0258}",-0.0258,neutral
1pa1e9w,apple,comment,1764454499.0,2025-11-29 16:14:59,https://www.reddit.com/r/apple/comments/1pa1e9w/the_eu_says_apple_maps_may_be_big_enough_to_be/,,,"honestly not surprising. apple maps is baked into every iphone, default for tons of system features, and tied into things like carplay and siri.",experience_praise,ui_ux_carplay,"honestly not surprising. apple maps is baked into every iphone, default for tons of system features, and tied into things like carplay and siri.","{'neg': 0.064, 'neu': 0.742, 'pos': 0.194, 'compound': 0.5699}",0.5699,positive
1pa1e9w,apple,comment,1764454499.0,2025-11-29 16:14:59,https://www.reddit.com/r/apple/comments/1pa1e9w/the_eu_says_apple_maps_may_be_big_enough_to_be/,,,typical eu again. we won’t develop shit but we will tax & fine everyone who will develop… they haven’t uttered any word against spotify,other,other,typical eu again. we won’t develop shit but we will tax & fine everyone who will develop... they haven’t uttered any word against spotify,"{'neg': 0.09, 'neu': 0.824, 'pos': 0.086, 'compound': -0.0258}",-0.0258,neutral
1pa1e9w,apple,comment,1764454499.0,2025-11-29 16:14:59,https://www.reddit.com/r/apple/comments/1pa1e9w/the_eu_says_apple_maps_may_be_big_enough_to_be/,,,gatekeeper to what exactly? google maps? but google maps is also a gatekeeper.,policy_discussion,policy_strategy,gatekeeper to what exactly? google maps? but google maps is also a gatekeeper.,"{'neg': 0.0, 'neu': 1.0, 'pos': 0.0, 'compound': 0.0}",0.0,neutral
1pa1e9w,apple,comment,1764454499.0,2025-11-29 16:14:59,https://www.reddit.com/r/apple/comments/1pa1e9w/the_eu_says_apple_maps_may_be_big_enough_to_be/,,,"apple maps is pretty bad outside of the us. google really, really dominates globally.",experience_complaint,other,"apple maps is pretty bad outside of the us. google really, really dominates globally.","{'neg': 0.18, 'neu': 0.565, 'pos': 0.255, 'compound': 0.1208}",0.1208,neutral
1pa1e9w,apple,comment,1764454499.0,2025-11-29 16:14:59,https://www.reddit.com/r/apple/comments/1pa1e9w/the_eu_says_apple_maps_may_be_big_enough_to_be/,,,good. at least antitrust means something somewhere.,policy_discussion,policy_strategy,good. at least antitrust means something somewhere.,"{'neg': 0.0, 'neu': 0.674, 'pos': 0.326, 'compound': 0.4404}",0.4404,positive
1pa1e9w,apple,comment,1764454499.0,2025-11-29 16:14:59,https://www.reddit.com/r/apple/comments/1pa1e9w/the_eu_says_apple_maps_may_be_big_enough_to_be/,,,"at this point, i’m getting tired of eu. some foolish part of me wants to apple to just remove themselves from the region entirely. have fun with controlling android.",other,search_poi_data,"at this point, i’m getting tired of eu. some foolish part of me wants to apple to just remove themselves from the region entirely. have fun with controlling android.","{'neg': 0.145, 'neu': 0.752, 'pos': 0.103, 'compound': -0.1082}",-0.1082,neutral
1pa1e9w,apple,comment,1764454499.0,2025-11-29 16:14:59,https://www.reddit.com/r/apple/comments/1pa1e9w/the_eu_says_apple_maps_may_be_big_enough_to_be/,,,american tech companies are the eu's biggest funding source.,other,other,american tech companies are the eu's biggest funding source.,"{'neg': 0.0, 'neu': 1.0, 'pos': 0.0, 'compound': 0.0}",0.0,neutral
1pa1e9w,apple,comment,1764454499.0,2025-11-29 16:14:59,https://www.reddit.com/r/apple/comments/1pa1e9w/the_eu_says_apple_maps_may_be_big_enough_to_be/,,,does the eu ever do anything that actually helps european people?,other,other,does the eu ever do anything that actually helps european people?,"{'neg': 0.0, 'neu': 0.794, 'pos': 0.206, 'compound': 0.3818}",0.3818,positive
1pa1e9w,apple,comment,1764454499.0,2025-11-29 16:14:59,https://www.reddit.com/r/apple/comments/1pa1e9w/the_eu_says_apple_maps_may_be_big_enough_to_be/,,,"what's the end goal here, more bureaucracy for big tech?",other,other,"what's the end goal here, more bureaucracy for big tech?","{'neg': 0.0, 'neu': 1.0, 'pos': 0.0, 'compound': 0.0}",0.0,neutral
1pa1e9w,apple,comment,1764454499.0,2025-11-29 16:14:59,https://www.reddit.com/r/apple/comments/1pa1e9w/the_eu_says_apple_maps_may_be_big_enough_to_be/,,,apple maps is shit and you have numerous options on the phone. like the bug in the app that it downloads 20 gb and you can remove it without a full wipe. tf does the eu have to go after apple for this?,policy_discussion,policy_strategy,apple maps is shit and you have numerous options on the phone. like the bug in the app that it downloads 20 gb and you can remove it without a full wipe. tf does the eu have to go after apple for this?,"{'neg': 0.078, 'neu': 0.868, 'pos': 0.054, 'compound': -0.2732}",-0.2732,negative
1pa1e9w,apple,comment,1764454499.0,2025-11-29 16:14:59,https://www.reddit.com/r/apple/comments/1pa1e9w/the_eu_says_apple_maps_may_be_big_enough_to_be/,,,,other,other,,"{'neg': 0.0, 'neu': 0.0, 'pos': 0.0, 'compound': 0.0}",0.0,neutral
1pa1e9w,apple,comment,1764454499.0,2025-11-29 16:14:59,https://www.reddit.com/r/apple/comments/1pa1e9w/the_eu_says_apple_maps_may_be_big_enough_to_be/,,,what’s the eus hard on for apple? i get predatory practices and stuff but this is insane,other,other,what’s the eus hard on for apple? i get predatory practices and stuff but this is insane,"{'neg': 0.253, 'neu': 0.747, 'pos': 0.0, 'compound': -0.5789}",-0.5789,negative
1p8gdql,apple,post,1764287198.0,2025-11-27 17:46:38,https://www.reddit.com/r/apple/comments/1p8gdql/apple_has_notified_the_eu_that_its_core_platform/,226.0,37.0,"apple has notified the eu that its core platform services, apple ads and apple maps, meet the digital markets act thresholds",policy_discussion,policy_strategy,"apple has notified the eu that its core platform services, apple ads and apple maps, meet the digital markets act thresholds","{'neg': 0.0, 'neu': 1.0, 'pos': 0.0, 'compound': 0.0}",0.0,neutral
1p8gdql,apple,comment,1764287198.0,2025-11-27 17:46:38,https://www.reddit.com/r/apple/comments/1p8gdql/apple_has_notified_the_eu_that_its_core_platform/,,,"""apple notified the commission that apple ads and apple maps meet dma thresholds. the commission has 45 working days to decide on their gatekeeper status; if designated, apple must comply within six months.""",policy_discussion,policy_strategy,"""apple notified the commission that apple ads and apple maps meet dma thresholds. the commission has 45 working days to decide on their gatekeeper status; if designated, apple must comply within six months.""","{'neg': 0.0, 'neu': 1.0, 'pos': 0.0, 'compound': 0.0}",0.0,neutral
1p8gdql,apple,comment,1764287198.0,2025-11-27 17:46:38,https://www.reddit.com/r/apple/comments/1p8gdql/apple_has_notified_the_eu_that_its_core_platform/,,,"i read the article and still can’t work out if “meet the thresholds” means apple are claiming not to be a gatekeeper, or are confirming that they are a gatekeeper 😅",policy_discussion,policy_strategy,"i read the article and still can’t work out if “meet the thresholds” means apple are claiming not to be a gatekeeper, or are confirming that they are a gatekeeper 😅","{'neg': 0.0, 'neu': 1.0, 'pos': 0.0, 'compound': 0.0}",0.0,neutral
1p8gdql,apple,comment,1764287198.0,2025-11-27 17:46:38,https://www.reddit.com/r/apple/comments/1p8gdql/apple_has_notified_the_eu_that_its_core_platform/,,,not surprising.,other,other,not surprising.,"{'neg': 0.645, 'neu': 0.355, 'pos': 0.0, 'compound': -0.2057}",-0.2057,negative
1p8gdql,apple,comment,1764287198.0,2025-11-27 17:46:38,https://www.reddit.com/r/apple/comments/1p8gdql/apple_has_notified_the_eu_that_its_core_platform/,,,not sure how apple ads and apple maps meet this threshold but imessage doesn't. something doesn't add up.,policy_discussion,policy_strategy,not sure how apple ads and apple maps meet this threshold but imessage doesn't. something doesn't add up.,"{'neg': 0.08, 'neu': 0.92, 'pos': 0.0, 'compound': -0.1232}",-0.1232,neutral
1p8gdql,apple,comment,1764287198.0,2025-11-27 17:46:38,https://www.reddit.com/r/apple/comments/1p8gdql/apple_has_notified_the_eu_that_its_core_platform/,,,"oh boy, excited for the eu to “help” the rest of us again…",other,other,"oh boy, excited for the eu to “help” the rest of us again...","{'neg': 0.0, 'neu': 0.833, 'pos': 0.167, 'compound': 0.34}",0.34,positive
1p8gdql,apple,comment,1764287198.0,2025-11-27 17:46:38,https://www.reddit.com/r/apple/comments/1p8gdql/apple_has_notified_the_eu_that_its_core_platform/,,,who uses apple maps in europe lmao it’s complete shit,other,other,who uses apple maps in europe lmao it’s complete shit,"{'neg': 0.232, 'neu': 0.516, 'pos': 0.252, 'compound': 0.0772}",0.0772,neutral
1p8gdql,apple,comment,1764287198.0,2025-11-27 17:46:38,https://www.reddit.com/r/apple/comments/1p8gdql/apple_has_notified_the_eu_that_its_core_platform/,,,"we’ll all know how much full of shit the eu are, if the try to designate *fucking maps* a gatekeeper!",policy_discussion,policy_strategy,"we’ll all know how much full of shit the eu are, if the try to designate *fucking maps* a gatekeeper!","{'neg': 0.178, 'neu': 0.822, 'pos': 0.0, 'compound': -0.5983}",-0.5983,negative
1p8gdql,apple,comment,1764287198.0,2025-11-27 17:46:38,https://www.reddit.com/r/apple/comments/1p8gdql/apple_has_notified_the_eu_that_its_core_platform/,,,"""we've investigated ourselves and found no wrong doing.""",experience_complaint,other,"""we've investigated ourselves and found no wrong doing.""","{'neg': 0.469, 'neu': 0.531, 'pos': 0.0, 'compound': -0.6486}",-0.6486,negative
1ogl1dq,apple,post,1761486414.0,2025-10-26 08:46:54,https://www.reddit.com/r/apple/comments/1ogl1dq/apple_reportedly_moving_ahead_with_ads_in_maps_app/,2377.0,1017.0,apple reportedly moving ahead with ads in maps app,policy_discussion,policy_strategy,apple reportedly moving ahead with ads in maps app,"{'neg': 0.0, 'neu': 1.0, 'pos': 0.0, 'compound': 0.0}",0.0,neutral
1ogl1dq,apple,comment,1761486414.0,2025-10-26 08:46:54,https://www.reddit.com/r/apple/comments/1ogl1dq/apple_reportedly_moving_ahead_with_ads_in_maps_app/,,,ads in google maps really tanked that app for me i’d hate to see this in apple maps,policy_discussion,policy_strategy,ads in google maps really tanked that app for me i’d hate to see this in apple maps,"{'neg': 0.179, 'neu': 0.821, 'pos': 0.0, 'compound': -0.5719}",-0.5719,negative
1ogl1dq,apple,comment,1761486414.0,2025-10-26 08:46:54,https://www.reddit.com/r/apple/comments/1ogl1dq/apple_reportedly_moving_ahead_with_ads_in_maps_app/,,,i'm reportedly moving away from apple maps,other,other,i'm reportedly moving away from apple maps,"{'neg': 0.0, 'neu': 1.0, 'pos': 0.0, 'compound': 0.0}",0.0,neutral
1ogl1dq,apple,comment,1761486414.0,2025-10-26 08:46:54,https://www.reddit.com/r/apple/comments/1ogl1dq/apple_reportedly_moving_ahead_with_ads_in_maps_app/,,,"when i first join the apple ecosystem, i liked the fact that paying a premium meant no ads anywhere. apple now wants to charge a premium and show you ads?",policy_discussion,policy_strategy,"when i first join the apple ecosystem, i liked the fact that paying a premium meant no ads anywhere. apple now wants to charge a premium and show you ads?","{'neg': 0.073, 'neu': 0.762, 'pos': 0.166, 'compound': 0.4215}",0.4215,positive
1ogl1dq,apple,comment,1761486414.0,2025-10-26 08:46:54,https://www.reddit.com/r/apple/comments/1ogl1dq/apple_reportedly_moving_ahead_with_ads_in_maps_app/,,,apple’s becoming completely unrecognizable from the company i used to be such a fan of.,other,other,apple’s becoming completely unrecognizable from the company i used to be such a fan of.,"{'neg': 0.0, 'neu': 0.839, 'pos': 0.161, 'compound': 0.3182}",0.3182,positive
1ogl1dq,apple,comment,1761486414.0,2025-10-26 08:46:54,https://www.reddit.com/r/apple/comments/1ogl1dq/apple_reportedly_moving_ahead_with_ads_in_maps_app/,,,"i’m a customer, not the product. too many companies want us to be both.",other,other,"i’m a customer, not the product. too many companies want us to be both.","{'neg': 0.0, 'neu': 0.902, 'pos': 0.098, 'compound': 0.0772}",0.0772,neutral
1ogl1dq,apple,comment,1761486414.0,2025-10-26 08:46:54,https://www.reddit.com/r/apple/comments/1ogl1dq/apple_reportedly_moving_ahead_with_ads_in_maps_app/,,,should be illegal to have ads on anything that’s used on car displays,policy_discussion,policy_strategy,should be illegal to have ads on anything that’s used on car displays,"{'neg': 0.231, 'neu': 0.769, 'pos': 0.0, 'compound': -0.5574}",-0.5574,negative
1ogl1dq,apple,comment,1761486414.0,2025-10-26 08:46:54,https://www.reddit.com/r/apple/comments/1ogl1dq/apple_reportedly_moving_ahead_with_ads_in_maps_app/,,,"ffs, i am using apple maps exactly because it’s not full of shit like the google version and i hate ad companies.",experience_complaint,other,"ffs, i am using apple maps exactly because it’s not full of shit like the google version and i hate ad companies.","{'neg': 0.259, 'neu': 0.553, 'pos': 0.188, 'compound': -0.4724}",-0.4724,negative
1ogl1dq,apple,comment,1761486414.0,2025-10-26 08:46:54,https://www.reddit.com/r/apple/comments/1ogl1dq/apple_reportedly_moving_ahead_with_ads_in_maps_app/,,,"ads, ads, ads. is this the best capitalism can do? this is all so dumb. it makes me want to live on a fucking farm…",policy_discussion,policy_strategy,"ads, ads, ads. is this the best capitalism can do? this is all so dumb. it makes me want to live on a fucking farm...","{'neg': 0.138, 'neu': 0.683, 'pos': 0.179, 'compound': 0.0667}",0.0667,neutral
1ogl1dq,apple,comment,1761486414.0,2025-10-26 08:46:54,https://www.reddit.com/r/apple/comments/1ogl1dq/apple_reportedly_moving_ahead_with_ads_in_maps_app/,,,apple losing its aura like this is crazy,experience_praise,other,apple losing its aura like this is crazy,"{'neg': 0.4, 'neu': 0.4, 'pos': 0.2, 'compound': -0.3612}",-0.3612,negative
1ogl1dq,apple,comment,1761486414.0,2025-10-26 08:46:54,https://www.reddit.com/r/apple/comments/1ogl1dq/apple_reportedly_moving_ahead_with_ads_in_maps_app/,,,oof.,other,other,oof.,"{'neg': 0.0, 'neu': 1.0, 'pos': 0.0, 'compound': 0.0}",0.0,neutral
1ogl1dq,apple,comment,1761486414.0,2025-10-26 08:46:54,https://www.reddit.com/r/apple/comments/1ogl1dq/apple_reportedly_moving_ahead_with_ads_in_maps_app/,,,"i mean, i use apple maps instead of google maps because it doesn’t have ads even though it’s a worse app. if there’s ads and they’re intrusive , might as well go back to google maps., we’ll see.",policy_discussion,policy_strategy,"i mean, i use apple maps instead of google maps because it doesn’t have ads even though it’s a worse app. if there’s ads and they’re intrusive , might as well go back to google maps., we’ll see.","{'neg': 0.083, 'neu': 0.86, 'pos': 0.056, 'compound': -0.25}",-0.25,negative
1ogl1dq,apple,comment,1761486414.0,2025-10-26 08:46:54,https://www.reddit.com/r/apple/comments/1ogl1dq/apple_reportedly_moving_ahead_with_ads_in_maps_app/,,,"stuff like this is completely off brand for apple. if they start doing stuff like this, my other disappointments with their ecosystem might be enough to switch to a more open platform. the walled garden only works when it’s nice inside.",experience_praise,search_poi_data,"stuff like this is completely off brand for apple. if they start doing stuff like this, my other disappointments with their ecosystem might be enough to switch to a more open platform. the walled garden only works when it’s nice inside.","{'neg': 0.064, 'neu': 0.769, 'pos': 0.167, 'compound': 0.5859}",0.5859,positive
1ogl1dq,apple,comment,1761486414.0,2025-10-26 08:46:54,https://www.reddit.com/r/apple/comments/1ogl1dq/apple_reportedly_moving_ahead_with_ads_in_maps_app/,,,wtaf i cannot believe this noooooooooooooooooooo.,other,other,wtaf i cannot believe this noooooooooooooooooooo.,"{'neg': 0.0, 'neu': 1.0, 'pos': 0.0, 'compound': 0.0}",0.0,neutral
1ogl1dq,apple,comment,1761486414.0,2025-10-26 08:46:54,https://www.reddit.com/r/apple/comments/1ogl1dq/apple_reportedly_moving_ahead_with_ads_in_maps_app/,,,"it's exhausting how these services just keep getting worse. openstreetmaps is an option, there are several clients available on ios. if you only need turn navigation it may be enough.",other,navigation_routing_traffic,"it's exhausting how these services just keep getting worse. openstreetmaps is an option, there are several clients available on ios. if you only need turn navigation it may be enough.","{'neg': 0.167, 'neu': 0.833, 'pos': 0.0, 'compound': -0.6808}",-0.6808,negative
1ogl1dq,apple,comment,1761486414.0,2025-10-26 08:46:54,https://www.reddit.com/r/apple/comments/1ogl1dq/apple_reportedly_moving_ahead_with_ads_in_maps_app/,,,i’m so tired of these companies putting ads everywhere and tracking me. i honestly can’t wait for the grapheneos team to release their own phone with the oem partner. i’m done with these companies.,policy_discussion,policy_strategy,i’m so tired of these companies putting ads everywhere and tracking me. i honestly can’t wait for the grapheneos team to release their own phone with the oem partner. i’m done with these companies.,"{'neg': 0.086, 'neu': 0.833, 'pos': 0.081, 'compound': -0.0498}",-0.0498,neutral
1ogl1dq,apple,comment,1761486414.0,2025-10-26 08:46:54,https://www.reddit.com/r/apple/comments/1ogl1dq/apple_reportedly_moving_ahead_with_ads_in_maps_app/,,,enshittification remains undefeated.,other,other,enshittification remains undefeated.,"{'neg': 0.0, 'neu': 1.0, 'pos': 0.0, 'compound': 0.0}",0.0,neutral
1ogl1dq,apple,comment,1761486414.0,2025-10-26 08:46:54,https://www.reddit.com/r/apple/comments/1ogl1dq/apple_reportedly_moving_ahead_with_ads_in_maps_app/,,,now put ads in the measure app.,policy_discussion,policy_strategy,now put ads in the measure app.,"{'neg': 0.0, 'neu': 1.0, 'pos': 0.0, 'compound': 0.0}",0.0,neutral
1ogl1dq,apple,comment,1761486414.0,2025-10-26 08:46:54,https://www.reddit.com/r/apple/comments/1ogl1dq/apple_reportedly_moving_ahead_with_ads_in_maps_app/,,,everyday is like a free fall into some consumer distopiyan nightmare where everything wants to f you in some way,experience_praise,other,everyday is like a free fall into some consumer distopiyan nightmare where everything wants to f you in some way,"{'neg': 0.0, 'neu': 0.734, 'pos': 0.266, 'compound': 0.7003}",0.7003,positive
1ogl1dq,apple,comment,1761486414.0,2025-10-26 08:46:54,https://www.reddit.com/r/apple/comments/1ogl1dq/apple_reportedly_moving_ahead_with_ads_in_maps_app/,,,let them know if you hate this idea:,experience_complaint,other,let them know if you hate this idea:,"{'neg': 0.346, 'neu': 0.654, 'pos': 0.0, 'compound': -0.5719}",-0.5719,negative
1ogl1dq,apple,comment,1761486414.0,2025-10-26 08:46:54,https://www.reddit.com/r/apple/comments/1ogl1dq/apple_reportedly_moving_ahead_with_ads_in_maps_app/,,,ads are getting ridiculous these days. amazon prime video has ads even though i paid for it for years. they just decided to do it or pull another $3 from me every month. can’t even watch a baseball game without them projecting an ad in the pitcher mound. youtube has become excessive with ads. there’s got to be a better way because this ain’t it.,policy_discussion,policy_strategy,ads are getting ridiculous these days. amazon prime video has ads even though i paid for it for years. they just decided to do it or pull another $3 from me every month. can’t even watch a baseball game without them projecting an ad in the pitcher mound. youtube has become excessive with ads. there’s got to be a better way because this ain’t it.,"{'neg': 0.038, 'neu': 0.893, 'pos': 0.07, 'compound': 0.2732}",0.2732,positive
1ogl1dq,apple,comment,1761486414.0,2025-10-26 08:46:54,https://www.reddit.com/r/apple/comments/1ogl1dq/apple_reportedly_moving_ahead_with_ads_in_maps_app/,,,this the exact thing we are looking to avoid by using apple.,other,other,this the exact thing we are looking to avoid by using apple.,"{'neg': 0.167, 'neu': 0.833, 'pos': 0.0, 'compound': -0.296}",-0.296,negative
1ogl1dq,apple,comment,1761486414.0,2025-10-26 08:46:54,https://www.reddit.com/r/apple/comments/1ogl1dq/apple_reportedly_moving_ahead_with_ads_in_maps_app/,,,"i used to always stand up for apple by saying- you pay the apple tax on everything, but at least it’s not full of adds. well, i’m now trying to figure out why the “apple tax” is worth it",other,other,"i used to always stand up for apple by saying- you pay the apple tax on everything, but at least it’s not full of adds. well, i’m now trying to figure out why the “apple tax” is worth it","{'neg': 0.029, 'neu': 0.85, 'pos': 0.121, 'compound': 0.5859}",0.5859,positive
1ogl1dq,apple,comment,1761486414.0,2025-10-26 08:46:54,https://www.reddit.com/r/apple/comments/1ogl1dq/apple_reportedly_moving_ahead_with_ads_in_maps_app/,,,"""gurman warned that the move risks some amount of consumer backlash."" alot of backlash.",other,other,"""gurman warned that the move risks some amount of consumer backlash."" alot of backlash.","{'neg': 0.259, 'neu': 0.741, 'pos': 0.0, 'compound': -0.4939}",-0.4939,negative
1ogl1dq,apple,comment,1761486414.0,2025-10-26 08:46:54,https://www.reddit.com/r/apple/comments/1ogl1dq/apple_reportedly_moving_ahead_with_ads_in_maps_app/,,,do not make we go back to google maps. i’ll fucking do it.,comparison_discussion,other,do not make we go back to google maps. i’ll fucking do it.,"{'neg': 0.0, 'neu': 1.0, 'pos': 0.0, 'compound': 0.0}",0.0,neutral
1ogl1dq,apple,comment,1761486414.0,2025-10-26 08:46:54,https://www.reddit.com/r/apple/comments/1ogl1dq/apple_reportedly_moving_ahead_with_ads_in_maps_app/,,,"the first time i see an add, i’ll be back using google maps.",comparison_discussion,other,"the first time i see an add, i’ll be back using google maps.","{'neg': 0.0, 'neu': 1.0, 'pos': 0.0, 'compound': 0.0}",0.0,neutral
1ogl1dq,apple,comment,1761486414.0,2025-10-26 08:46:54,https://www.reddit.com/r/apple/comments/1ogl1dq/apple_reportedly_moving_ahead_with_ads_in_maps_app/,,,"when they relaxed the rules on ads in notifications, you knew it was just the beginning. fuck tim apple.",policy_discussion,policy_strategy,"when they relaxed the rules on ads in notifications, you knew it was just the beginning. fuck tim apple.","{'neg': 0.148, 'neu': 0.717, 'pos': 0.135, 'compound': -0.0772}",-0.0772,neutral
1ogl1dq,apple,comment,1761486414.0,2025-10-26 08:46:54,https://www.reddit.com/r/apple/comments/1ogl1dq/apple_reportedly_moving_ahead_with_ads_in_maps_app/,,,"i'll catch downvotes for this, but i'm sure i'll live with it: google maps doesn't give me ads, and has been reliable, so i'll stick with what works.",policy_discussion,policy_strategy,"i'll catch downvotes for this, but i'm sure i'll live with it: google maps doesn't give me ads, and has been reliable, so i'll stick with what works.","{'neg': 0.0, 'neu': 0.902, 'pos': 0.098, 'compound': 0.4497}",0.4497,positive
1ogl1dq,apple,comment,1761486414.0,2025-10-26 08:46:54,https://www.reddit.com/r/apple/comments/1ogl1dq/apple_reportedly_moving_ahead_with_ads_in_maps_app/,,,dumb move and it will turn more users away from the app and potentially away from apple completely.,other,other,dumb move and it will turn more users away from the app and potentially away from apple completely.,"{'neg': 0.163, 'neu': 0.837, 'pos': 0.0, 'compound': -0.5106}",-0.5106,negative
1ogl1dq,apple,comment,1761486414.0,2025-10-26 08:46:54,https://www.reddit.com/r/apple/comments/1ogl1dq/apple_reportedly_moving_ahead_with_ads_in_maps_app/,,,can’t wait to just use google maps exclusively,comparison_discussion,other,can’t wait to just use google maps exclusively,"{'neg': 0.0, 'neu': 1.0, 'pos': 0.0, 'compound': 0.0}",0.0,neutral
1ogl1dq,apple,comment,1761486414.0,2025-10-26 08:46:54,https://www.reddit.com/r/apple/comments/1ogl1dq/apple_reportedly_moving_ahead_with_ads_in_maps_app/,,,"at that point, why should i prefer apple maps to google maps?",comparison_discussion,search_poi_data,"at that point, why should i prefer apple maps to google maps?","{'neg': 0.0, 'neu': 1.0, 'pos': 0.0, 'compound': 0.0}",0.0,neutral
1ogl1dq,apple,comment,1761486414.0,2025-10-26 08:46:54,https://www.reddit.com/r/apple/comments/1ogl1dq/apple_reportedly_moving_ahead_with_ads_in_maps_app/,,,greed has finally won,other,other,greed has finally won,"{'neg': 0.321, 'neu': 0.238, 'pos': 0.44, 'compound': 0.25}",0.25,positive
1ogl1dq,apple,comment,1761486414.0,2025-10-26 08:46:54,https://www.reddit.com/r/apple/comments/1ogl1dq/apple_reportedly_moving_ahead_with_ads_in_maps_app/,,,so fucking tired of everything having ads. boo 😒,policy_discussion,policy_strategy,so fucking tired of everything having ads. boo 😒,"{'neg': 0.332, 'neu': 0.668, 'pos': 0.0, 'compound': -0.5379}",-0.5379,negative
1ogl1dq,apple,comment,1761486414.0,2025-10-26 08:46:54,https://www.reddit.com/r/apple/comments/1ogl1dq/apple_reportedly_moving_ahead_with_ads_in_maps_app/,,,"aren’t they winning the trillionaire game already? why are they lifting up the couch cushions looking for coins? this is so disappointing from apple. google and samsung i get because tackiness is their brand, but apple? come on tim.",other,search_poi_data,"aren’t they winning the trillionaire game already? why are they lifting up the couch cushions looking for coins? this is so disappointing from apple. google and samsung i get because tackiness is their brand, but apple? come on tim.","{'neg': 0.075, 'neu': 0.872, 'pos': 0.053, 'compound': -0.2259}",-0.2259,negative
1ogl1dq,apple,comment,1761486414.0,2025-10-26 08:46:54,https://www.reddit.com/r/apple/comments/1ogl1dq/apple_reportedly_moving_ahead_with_ads_in_maps_app/,,,"i think that tim cook has been the only barrier to all of the os platforms being an ad filled mess, and they will be everywhere once he's gone. music and tv are prime targets for enshitification. when ads do come to all the other apps, i would hope they are less intrusive like the ones in app store and not completely obnoxious like the ones in news and the paid news+ subscription, but i don't believe that will be the case.",policy_discussion,policy_strategy,"i think that tim cook has been the only barrier to all of the os platforms being an ad filled mess, and they will be everywhere once he's gone. music and tv are prime targets for enshitification. when ads do come to all the other apps, i would hope they are less intrusive like the ones in app store and not completely obnoxious like the ones in news and the paid news+ subscription, but i don't believe that will be the case.","{'neg': 0.036, 'neu': 0.879, 'pos': 0.085, 'compound': 0.4625}",0.4625,positive
1ogl1dq,apple,comment,1761486414.0,2025-10-26 08:46:54,https://www.reddit.com/r/apple/comments/1ogl1dq/apple_reportedly_moving_ahead_with_ads_in_maps_app/,,,this was why i used apple products. i pay upfront to not be advertised to.,other,other,this was why i used apple products. i pay upfront to not be advertised to.,"{'neg': 0.104, 'neu': 0.896, 'pos': 0.0, 'compound': -0.1027}",-0.1027,neutral
1ogl1dq,apple,comment,1761486414.0,2025-10-26 08:46:54,https://www.reddit.com/r/apple/comments/1ogl1dq/apple_reportedly_moving_ahead_with_ads_in_maps_app/,,,apple i will switch to android so fast. don’t put ads on my phone or i’m out,policy_discussion,policy_strategy,apple i will switch to android so fast. don’t put ads on my phone or i’m out,"{'neg': 0.0, 'neu': 1.0, 'pos': 0.0, 'compound': 0.0}",0.0,neutral
1ogl1dq,apple,comment,1761486414.0,2025-10-26 08:46:54,https://www.reddit.com/r/apple/comments/1ogl1dq/apple_reportedly_moving_ahead_with_ads_in_maps_app/,,,i’m so ad fatigued.,other,other,i’m so ad fatigued.,"{'neg': 0.472, 'neu': 0.528, 'pos': 0.0, 'compound': -0.3976}",-0.3976,negative
1ogl1dq,apple,comment,1761486414.0,2025-10-26 08:46:54,https://www.reddit.com/r/apple/comments/1ogl1dq/apple_reportedly_moving_ahead_with_ads_in_maps_app/,,,christ are these fucking companies not rich enough?,other,other,christ are these fucking companies not rich enough?,"{'neg': 0.313, 'neu': 0.687, 'pos': 0.0, 'compound': -0.4918}",-0.4918,negative
1ogl1dq,apple,comment,1761486414.0,2025-10-26 08:46:54,https://www.reddit.com/r/apple/comments/1ogl1dq/apple_reportedly_moving_ahead_with_ads_in_maps_app/,,,"is this why my parents still use paper maps and the 'ol atlas books? getting pretty used to just scrolling past any ""sponsored"" item in apps/sites/search.",other,other,"is this why my parents still use paper maps and the 'ol atlas books? getting pretty used to just scrolling past any ""sponsored"" item in apps/sites/search.","{'neg': 0.0, 'neu': 0.887, 'pos': 0.113, 'compound': 0.4939}",0.4939,positive
1ogl1dq,apple,comment,1761486414.0,2025-10-26 08:46:54,https://www.reddit.com/r/apple/comments/1ogl1dq/apple_reportedly_moving_ahead_with_ads_in_maps_app/,,,apple maps is not even used nearly enough to warrant ads. they need to work on getting better data points and ditch yelp. my biggest issue is apple used to be a hardware company that’s slowly turning into google the ad revenue company. i pay for apple news+ but i still see ads in the news app.,policy_discussion,policy_strategy,apple maps is not even used nearly enough to warrant ads. they need to work on getting better data points and ditch yelp. my biggest issue is apple used to be a hardware company that’s slowly turning into google the ad revenue company. i pay for apple news+ but i still see ads in the news app.,"{'neg': 0.022, 'neu': 0.943, 'pos': 0.035, 'compound': 0.1901}",0.1901,neutral
1ogl1dq,apple,comment,1761486414.0,2025-10-26 08:46:54,https://www.reddit.com/r/apple/comments/1ogl1dq/apple_reportedly_moving_ahead_with_ads_in_maps_app/,,,fuck these people. everyone should start using dns based ad blockers.,other,other,fuck these people. everyone should start using dns based ad blockers.,"{'neg': 0.259, 'neu': 0.741, 'pos': 0.0, 'compound': -0.5423}",-0.5423,negative
1ogl1dq,apple,comment,1761486414.0,2025-10-26 08:46:54,https://www.reddit.com/r/apple/comments/1ogl1dq/apple_reportedly_moving_ahead_with_ads_in_maps_app/,,,i am so fucking sick of these bastard project managers,other,other,i am so fucking sick of these bastard project managers,"{'neg': 0.513, 'neu': 0.487, 'pos': 0.0, 'compound': -0.8111}",-0.8111,negative
1ogl1dq,apple,comment,1761486414.0,2025-10-26 08:46:54,https://www.reddit.com/r/apple/comments/1ogl1dq/apple_reportedly_moving_ahead_with_ads_in_maps_app/,,,this is disgusting. the biggest selling point for a lot of people is appple is not an ads company like google. the more they start to use my data to sell ads the more they lose the argument. and with that will go their reputation for privacy because ads and privacy are competing company philosophies. disgusting move.,policy_discussion,policy_strategy,this is disgusting. the biggest selling point for a lot of people is appple is not an ads company like google. the more they start to use my data to sell ads the more they lose the argument. and with that will go their reputation for privacy because ads and privacy are competing company philosophies. disgusting move.,"{'neg': 0.187, 'neu': 0.775, 'pos': 0.038, 'compound': -0.8683}",-0.8683,negative
1ogl1dq,apple,comment,1761486414.0,2025-10-26 08:46:54,https://www.reddit.com/r/apple/comments/1ogl1dq/apple_reportedly_moving_ahead_with_ads_in_maps_app/,,,they still need to get rid of yelp.,other,reviews_photos_local,they still need to get rid of yelp.,"{'neg': 0.0, 'neu': 1.0, 'pos': 0.0, 'compound': 0.0}",0.0,neutral
1ogl1dq,apple,comment,1761486414.0,2025-10-26 08:46:54,https://www.reddit.com/r/apple/comments/1ogl1dq/apple_reportedly_moving_ahead_with_ads_in_maps_app/,,,"who the fuck actually clicks on ads. in the 35 years i’ve used the internet i’ve literally never have clicked on a cold call ad and bought something from it. why is this the number one shitificaiton method. the only time i’ve ever had remote interest in sponsored/ad content is when what is being served to me is ultra specific to my query… i.e the way amazon does it when you’re looking for a product… and even then. no. maps? no, i don’t want to sift through fucking garbage, especially when i already have my destination in mind. you can’t even pump gas now without some asshole on a screen trying to sell you something. it’s just a constant barrage of shit shoved in our faces constantly. even driving now on my fucking dashboard i’m seeing an ads for something like windowsdirect on the song title next to my speedometer when listening to fm. they’ve literally replaced transmitted song titles over fm with ads now. i’m surprised we can still turn our tvs off instead of seeing a slideshow of ads instead. it’s a perfectly big and empty screen, i’m sure some asshole is trying to figure that one out too. i’m fucking tired of this bullshit.",policy_discussion,policy_strategy,"who the fuck actually clicks on ads. in the 35 years i’ve used the internet i’ve literally never have clicked on a cold call ad and bought something from it. why is this the number one shitificaiton method. the only time i’ve ever had remote interest in sponsored/ad content is when what is being served to me is ultra specific to my query... i.e the way amazon does it when you’re looking for a product... and even then. no. maps? no, i don’t want to sift through fucking garbage, especially when i already have my destination in mind. you can’t even pump gas now without some asshole on a screen trying to sell you something. it’s just a constant barrage of shit shoved in our faces constantly. even driving now on my fucking dashboard i’m seeing an ads for something like windowsdirect on the song title next to my speedometer when listening to fm. they’ve literally replaced transmitted song titles over fm with ads now. i’m surprised we can still turn our tvs off instead of seeing a slideshow of ads instead. it’s a perfectly big and empty screen, i’m sure some asshole is trying to figure that one out too. i’m fucking tired of this bullshit.","{'neg': 0.091, 'neu': 0.827, 'pos': 0.082, 'compound': -0.624}",-0.624,negative
1ogl1dq,apple,comment,1761486414.0,2025-10-26 08:46:54,https://www.reddit.com/r/apple/comments/1ogl1dq/apple_reportedly_moving_ahead_with_ads_in_maps_app/,,,one of the biggest benefits to apple for me is the lack of ads. i don’t get ads everywhere on my apple tv like fire stick users do. yet here we are. hope something can change their minds.,policy_discussion,policy_strategy,one of the biggest benefits to apple for me is the lack of ads. i don’t get ads everywhere on my apple tv like fire stick users do. yet here we are. hope something can change their minds.,"{'neg': 0.105, 'neu': 0.716, 'pos': 0.179, 'compound': 0.5106}",0.5106,positive
1ogl1dq,apple,comment,1761486414.0,2025-10-26 08:46:54,https://www.reddit.com/r/apple/comments/1ogl1dq/apple_reportedly_moving_ahead_with_ads_in_maps_app/,,,"this would be horrible , couldn’t imagine getting ads while i’m trying to drive and read directions. would have to move full time to waze or something similar",policy_discussion,policy_strategy,"this would be horrible , couldn’t imagine getting ads while i’m trying to drive and read directions. would have to move full time to waze or something similar","{'neg': 0.119, 'neu': 0.881, 'pos': 0.0, 'compound': -0.5423}",-0.5423,negative
1ogl1dq,apple,comment,1761486414.0,2025-10-26 08:46:54,https://www.reddit.com/r/apple/comments/1ogl1dq/apple_reportedly_moving_ahead_with_ads_in_maps_app/,,,"i can & will just delete that app. ads are malware portals, so no. just no.",policy_discussion,policy_strategy,"i can & will just delete that app. ads are malware portals, so no. just no.","{'neg': 0.323, 'neu': 0.677, 'pos': 0.0, 'compound': -0.6939}",-0.6939,negative
1ogl1dq,apple,comment,1761486414.0,2025-10-26 08:46:54,https://www.reddit.com/r/apple/comments/1ogl1dq/apple_reportedly_moving_ahead_with_ads_in_maps_app/,,,guess it’s back to printing out directions 😞,other,navigation_routing_traffic,guess it’s back to printing out directions 😞,"{'neg': 0.0, 'neu': 1.0, 'pos': 0.0, 'compound': 0.0}",0.0,neutral
1ogl1dq,apple,comment,1761486414.0,2025-10-26 08:46:54,https://www.reddit.com/r/apple/comments/1ogl1dq/apple_reportedly_moving_ahead_with_ads_in_maps_app/,,,google's map app is better for finding stuff in a location that apple's. so i have no real reason to use it.,other,search_poi_data,google's map app is better for finding stuff in a location that apple's. so i have no real reason to use it.,"{'neg': 0.106, 'neu': 0.77, 'pos': 0.124, 'compound': 0.1082}",0.1082,neutral
1o18hjl,apple,post,1759924864.0,2025-10-08 07:01:04,https://www.reddit.com/r/apple/comments/1o18hjl/apple_vs_google_product_launch_timeline_20052025/,0.0,14.0,"apple vs google product launch timeline (2005-2025) # apple vs google product launch timeline (2005-2025) ## table 1: product launches (2005-2012) | product/service category | google launch | apple launch | who launched first? | |-------------------------|---------------|--------------|-------------------| | **maps/navigation** | google maps: feb 2005 | apple maps: sept 2012 | **google** (7.5 years earlier) | | **email services** | gmail: april 2004 | icloud mail: oct 2011<br>(mobileme: july 2008) | **google** (7 years earlier) | | **web browsers** | chrome: sept 2008 | safari: jan 2003 | **apple** (5.5 years earlier) | | **video platforms** | youtube (acquired): nov 2006 | itunes store videos: oct 2005 | **apple** (1 year earlier) | | **smartphones** | android os: sept 2008<br>(htc dream/g1) | iphone: june 2007 | **apple** (1.25 years earlier) | | **cloud storage/sync** | google drive: april 2012 | icloud: oct 2011<br>(mobileme: july 2008) | **apple** (6 months earlier for icloud) | | **app stores** | google play (android market): oct 2008 | app store: july 2008 | **apple** (3 months earlier) | | **voice assistants** | google now: july 2012 | siri: oct 2011 | **apple** (9 months earlier) | | **tablets** | nexus 7: july 2012 | ipad: april 2010 | **apple** (2 years earlier) | | **street view/360° maps** | street view: may 2007 | look around: sept 2019 | **google** (12 years earlier) | | **social networks** | google+: june 2011<br>(shut down 2019) | ping: sept 2010<br>(shut down 2012) | **apple** (9 months earlier) | ## table 2: product launches (2013-2025) | product/service category | google launch | apple launch | who launched first? | |-------------------------|---------------|--------------|-------------------| | **mobile payments** | android pay: sept 2015<br>google pay: feb 2018 | apple pay: oct 2014 | **apple** (1 year earlier) | | **smart speakers** | google home: nov 2016 | homepod: feb 2018 | **google** (1.5 years earlier) | | **voice assistants (enhanced)** | google assistant: may 2016 | siri (continued evolution) | **google** (new generation) | | **tracking tags** | find my device network: april 2024 | airtags: april 2021 | **apple** (3 years earlier) | | **smartwatches** | android wear: march 2014<br>(wear os: 2018) | apple watch: april 2015 | **google** (1 year earlier) | | **streaming devices** | chromecast: july 2013 | apple tv (4th gen): oct 2015 | **google** (2+ years earlier) | | **photo storage/management** | google photos: may 2015 | icloud photos: sept 2014 | **apple** (8 months earlier) | | **music streaming** | google play music all access: may 2013<br>youtube music: 2015 | apple music: june 2015 | **google** (2 years earlier) | | **augmented reality** | arcore: aug 2017 | arkit: sept 2017 | **google** (1 month earlier) | | **digital wellbeing/screen time** | digital wellbeing: may 2018 | screen time: sept 2018 | **google** (4 months earlier) | | **wireless earbuds** | pixel buds: nov 2017 | airpods: dec 2016 | **apple** (1 year earlier) | | **password managers (integrated)** | google password manager: ~2013-14 | icloud keychain: sept 2013 | **apple** (similar timing) | | **video calling apps** | google duo: aug 2016<br>google meet: 2017 | facetime: june 2010 | **apple** (6 years earlier) | | **cloud gaming** | stadia: nov 2019<br>(shut down 2023) | apple arcade: sept 2019 | **apple** (2 months earlier) | | **ai assistants (advanced)** | gemini/bard: march 2023 | apple intelligence: june 2024 | **google** (1.25 years earlier) | # pre-2012 apple: the daring pioneer (*) iphone (2007) - completely revolutionized smartphones (*) app store (2008) - created an entirely new economy (*) ipad (2010) - defined the modern tablet category (*) facetime (2010) - made video calling mainstream (*) siri (2011) - brought voice assistants to consumers, albeit badly these weren't just ""refined"" versions of existing products - they were category-defining innovations that forced google (and everyone else) to respond. # post-2012 apple: the follower almost every apple product launch after 2012 was a response to google or other competitors: (*) apple music (2015) - after spotify and google play music (*) apple pay (2014) - only 1 year before google, but mobile payments already existed (*) homepod (2018) - 1.5 years after google home and even later than amazon echo (2014) (*) apple watch (2015) - after android wear and pebble (*) apple intelligence (2024) - over a year after chatgpt/bard/gemini went mainstream the only genuinely pioneering post-2012 product is arguably airpods (2016), which defined the truly wireless earbud category, and airtags (2021). something fundamental changed at apple around 2012. i wonder what that was. (~) claudeai was used for source data",policy_discussion,policy_strategy,"apple vs google product launch timeline (2005-2025) # apple vs google product launch timeline (2005-2025) ## table 1: product launches (2005-2012) | product/service category | google launch | apple launch | who launched first? | |-------------------------|---------------|--------------|-------------------| | **maps/navigation** | google maps: feb 2005 | apple maps: sept 2012 | **google** (7.5 years earlier) | | **email services** | gmail: april 2004 | icloud mail: oct 2011<br>(mobileme: july 2008) | **google** (7 years earlier) | | **web browsers** | chrome: sept 2008 | safari: jan 2003 | **apple** (5.5 years earlier) | | **video platforms** | youtube (acquired): nov 2006 | itunes store videos: oct 2005 | **apple** (1 year earlier) | | **smartphones** | android os: sept 2008<br>(htc dream/g1) | iphone: june 2007 | **apple** (1.25 years earlier) | | **cloud storage/sync** | google drive: april 2012 | icloud: oct 2011<br>(mobileme: july 2008) | **apple** (6 months earlier for icloud) | | **app stores** | google play (android market): oct 2008 | app store: july 2008 | **apple** (3 months earlier) | | **voice assistants** | google now: july 2012 | siri: oct 2011 | **apple** (9 months earlier) | | **tablets** | nexus 7: july 2012 | ipad: april 2010 | **apple** (2 years earlier) | | **street view/360° maps** | street view: may 2007 | look around: sept 2019 | **google** (12 years earlier) | | **social networks** | google+: june 2011<br>(shut down 2019) | ping: sept 2010<br>(shut down 2012) | **apple** (9 months earlier) | ## table 2: product launches (2013-2025) | product/service category | google launch | apple launch | who launched first? | |-------------------------|---------------|--------------|-------------------| | **mobile payments** | android pay: sept 2015<br>google pay: feb 2018 | apple pay: oct 2014 | **apple** (1 year earlier) | | **smart speakers** | google home: nov 2016 | homepod: feb 2018 | **google** (1.5 years earlier) | | **voice assistants (enhanced)** | google assistant: may 2016 | siri (continued evolution) | **google** (new generation) | | **tracking tags** | find my device network: april 2024 | airtags: april 2021 | **apple** (3 years earlier) | | **smartwatches** | android wear: march 2014<br>(wear os: 2018) | apple watch: april 2015 | **google** (1 year earlier) | | **streaming devices** | chromecast: july 2013 | apple tv (4th gen): oct 2015 | **google** (2+ years earlier) | | **photo storage/management** | google photos: may 2015 | icloud photos: sept 2014 | **apple** (8 months earlier) | | **music streaming** | google play music all access: may 2013<br>youtube music: 2015 | apple music: june 2015 | **google** (2 years earlier) | | **augmented reality** | arcore: aug 2017 | arkit: sept 2017 | **google** (1 month earlier) | | **digital wellbeing/screen time** | digital wellbeing: may 2018 | screen time: sept 2018 | **google** (4 months earlier) | | **wireless earbuds** | pixel buds: nov 2017 | airpods: dec 2016 | **apple** (1 year earlier) | | **password managers (integrated)** | google password manager: ~2013-14 | icloud keychain: sept 2013 | **apple** (similar timing) | | **video calling apps** | google duo: aug 2016<br>google meet: 2017 | facetime: june 2010 | **apple** (6 years earlier) | | **cloud gaming** | stadia: nov 2019<br>(shut down 2023) | apple arcade: sept 2019 | **apple** (2 months earlier) | | **ai assistants (advanced)** | gemini/bard: march 2023 | apple intelligence: june 2024 | **google** (1.25 years earlier) | # pre-2012 apple: the daring pioneer (*) iphone (2007) - completely revolutionized smartphones (*) app store (2008) - created an entirely new economy (*) ipad (2010) - defined the modern tablet category (*) facetime (2010) - made video calling mainstream (*) siri (2011) - brought voice assistants to consumers, albeit badly these weren't just ""refined"" versions of existing products - they were category-defining innovations that forced google (and everyone else) to respond. # post-2012 apple: the follower almost every apple product launch after 2012 was a response to google or other competitors: (*) apple music (2015) - after spotify and google play music (*) apple pay (2014) - only 1 year before google, but mobile payments already existed (*) homepod (2018) - 1.5 years after google home and even later than amazon echo (2014) (*) apple watch (2015) - after android wear and pebble (*) apple intelligence (2024) - over a year after chatgpt/bard/gemini went mainstream the only genuinely pioneering post-2012 product is arguably airpods (2016), which defined the truly wireless earbud category, and airtags (2021). something fundamental changed at apple around 2012. i wonder what that was. (~) claudeai was used for source data","{'neg': 0.018, 'neu': 0.94, 'pos': 0.041, 'compound': 0.9226}",0.9226,positive
1o18hjl,apple,comment,1759924864.0,2025-10-08 07:01:04,https://www.reddit.com/r/apple/comments/1o18hjl/apple_vs_google_product_launch_timeline_20052025/,,,"video calling was already mainstream before facetime. also, please don’t use ai to source data.",other,other,"video calling was already mainstream before facetime. also, please don’t use ai to source data.","{'neg': 0.0, 'neu': 0.859, 'pos': 0.141, 'compound': 0.3182}",0.3182,positive
1o18hjl,apple,comment,1759924864.0,2025-10-08 07:01:04,https://www.reddit.com/r/apple/comments/1o18hjl/apple_vs_google_product_launch_timeline_20052025/,,,"it might be worth noting that, while look around may have been launched in 2019, it's still only available in 86 cities worldwide: it's rumoured to expand to cover almost all of the globe some time this year, but a) this isn't the first year this has been rumoured and b) that's been available on google maps since the year dot. as a feature it really does feel like something they introduced to say ""look, we have this too!"" without wanting to put the actual work in to implement it.",comparison_discussion,other,"it might be worth noting that, while look around may have been launched in 2019, it's still only available in 86 cities worldwide: it's rumoured to expand to cover almost all of the globe some time this year, but a) this isn't the first year this has been rumoured and b) that's been available on google maps since the year dot. as a feature it really does feel like something they introduced to say ""look, we have this too!"" without wanting to put the actual work in to implement it.","{'neg': 0.019, 'neu': 0.893, 'pos': 0.088, 'compound': 0.6692}",0.6692,positive
1o18hjl,apple,comment,1759924864.0,2025-10-08 07:01:04,https://www.reddit.com/r/apple/comments/1o18hjl/apple_vs_google_product_launch_timeline_20052025/,,,"you forgot about google wallet, which later became android pay and now google pay, though it only worked on some nexus phones for some reason.",other,other,"you forgot about google wallet, which later became android pay and now google pay, though it only worked on some nexus phones for some reason.","{'neg': 0.109, 'neu': 0.891, 'pos': 0.0, 'compound': -0.2023}",-0.2023,negative
1o18hjl,apple,comment,1759924864.0,2025-10-08 07:01:04,https://www.reddit.com/r/apple/comments/1o18hjl/apple_vs_google_product_launch_timeline_20052025/,,,realtime translation.. i know google has had it for years and apple recently introduced it,other,other,realtime translation.. i know google has had it for years and apple recently introduced it,"{'neg': 0.0, 'neu': 1.0, 'pos': 0.0, 'compound': 0.0}",0.0,neutral
1o18hjl,apple,comment,1759924864.0,2025-10-08 07:01:04,https://www.reddit.com/r/apple/comments/1o18hjl/apple_vs_google_product_launch_timeline_20052025/,,,"uhh, [mac.com]( was launched in 2000 and offered email lol.",other,other,"uhh, [mac.com]( was launched in 2000 and offered email lol.","{'neg': 0.0, 'neu': 0.65, 'pos': 0.35, 'compound': 0.5106}",0.5106,positive
1o18hjl,apple,comment,1759924864.0,2025-10-08 07:01:04,https://www.reddit.com/r/apple/comments/1o18hjl/apple_vs_google_product_launch_timeline_20052025/,,,ok.,other,other,ok.,"{'neg': 0.0, 'neu': 0.0, 'pos': 1.0, 'compound': 0.296}",0.296,positive
1nrormq,apple,post,1758957074.0,2025-09-27 02:11:14,https://www.reddit.com/r/apple/comments/1nrormq/iphone_17_pro_max_ios26_is_actually_crazy_battery/,3020.0,699.0,"iphone 17 pro max | ios26 is actually crazy battery nightmare | power consumption deep dive >[iphone 17 pro max | ios26 is actually crazy battery nightmare | power consumption deep dive]( by[u/marionberrydear6170]( in[iphone17pro]( 20250927 edit: i’m really appreciate that you have sp much attention on this deep dive review. but most importantly, you have to let apple seeing this. please send whatever bothered you to apple🙏 go to your web browser and type this> applefeedback:// this will lead you to apple feedback app. you’re welcome. ————- original post: **why i’m posting this** this is a deep dive analysis about how ios 26 liquid glass animation is total battery killer, even on iphone 17 pro max. **here’s a video i recorded exposing how liquid glass in ios 26 eats up your phone’s battery.** [iphone 17 pro max | ios26 is crazy battery nightmare | power consumption deep dive]( **tl;dr** on my both 15 pro max and 17 pro max (ios 26 official release), ui interactions (control/notification center pull-downs, starting screen recording, safari startup/page loads, etc.) repeatedly spike to **\~10–14w**, causing drain and heat. ***put it simply: constantly swiping the control center can drain as much power as playing a full 3d game on your phone.(you're welcome to try it yourself if you want, to see if your phone would heat up fast.)*** low power mode (lpm) consistently caps those spikes near **\~5w**, improving practical battery life (and i'll share the real world results with you). without lpm, from 100% → \~19–20%, i got only ***\~5h46m–6h30m sot*** on 17pm. but with lpm on, i got ***6h sot with still 60% battery remaining***, and ***10h sot from 100% → \~19–20%*** on 17pm. my take: parts of ios 26’s ui (“liquid glass”) are power-hungry; 17pm thermals just hide it better vs 15pm. for example, * **scrolling down control center would get 8w\~9w. with ""reduce transparency"" on, it spikes up to 14w.** * **doing screen recording itself with hdr format is getting 5w\~6w now. (that means idling, if you started scrolling through homepage it would go up to 9w\~11w.)** * **using apple maps and starting the navigation would get peak 8w\~9w in 1\~2 sec.** * **recording videos in 4k30 hdr would get around continuously 6w.** * **taking screenshot(hdr) would get peak 7w\~ crazy 17w** \_ / edit: i really appreciate that my deep dive review got so much attention, but just to be clear, we still need to make sure apple hears this so they can fix the real problems. if you’re on the beta os, please don’t forget to send them feedback.",policy_discussion,policy_strategy,"iphone 17 pro max | ios26 is actually crazy battery nightmare | power consumption deep dive >[iphone 17 pro max | ios26 is actually crazy battery nightmare | power consumption deep dive]( by[u/marionberrydear6170]( in[iphone17pro]( 20250927 edit: i’m really appreciate that you have sp much attention on this deep dive review. but most importantly, you have to let apple seeing this. please send whatever bothered you to apple🙏 go to your web browser and type this> applefeedback:// this will lead you to apple feedback app. you’re welcome. ————- original post: **why i’m posting this** this is a deep dive analysis about how ios 26 liquid glass animation is total battery killer, even on iphone 17 pro max. **here’s a video i recorded exposing how liquid glass in ios 26 eats up your phone’s battery.** [iphone 17 pro max | ios26 is crazy battery nightmare | power consumption deep dive]( **tl;dr** on my both 15 pro max and 17 pro max (ios 26 official release), ui interactions (control/notification center pull-downs, starting screen recording, safari startup/page loads, etc.) repeatedly spike to **\~10–14w**, causing drain and heat. ***put it simply: constantly swiping the control center can drain as much power as playing a full 3d game on your phone.(you're welcome to try it yourself if you want, to see if your phone would heat up fast.)*** low power mode (lpm) consistently caps those spikes near **\~5w**, improving practical battery life (and i'll share the real world results with you). without lpm, from 100% → \~19–20%, i got only ***\~5h46m–6h30m sot*** on 17pm. but with lpm on, i got ***6h sot with still 60% battery remaining***, and ***10h sot from 100% → \~19–20%*** on 17pm. my take: parts of ios 26’s ui (“liquid glass”) are power-hungry; 17pm thermals just hide it better vs 15pm. for example, * **scrolling down control center would get 8w\~9w. with ""reduce transparency"" on, it spikes up to 14w.** * **doing screen recording itself with hdr format is getting 5w\~6w now. (that means idling, if you started scrolling through homepage it would go up to 9w\~11w.)** * **using apple maps and starting the navigation would get peak 8w\~9w in 1\~2 sec.** * **recording videos in 4k30 hdr would get around continuously 6w.** * **taking screenshot(hdr) would get peak 7w\~ crazy 17w** \_ / edit: i really appreciate that my deep dive review got so much attention, but just to be clear, we still need to make sure apple hears this so they can fix the real problems. if you’re on the beta os, please don’t forget to send them feedback.","{'neg': 0.069, 'neu': 0.828, 'pos': 0.103, 'compound': 0.9501}",0.9501,positive
1nrormq,apple,comment,1758957074.0,2025-09-27 02:11:14,https://www.reddit.com/r/apple/comments/1nrormq/iphone_17_pro_max_ios26_is_actually_crazy_battery/,,,"for a full, fair comparison, you really need to do this side-by-side with an equivalent phone which *isn't* running ios 26. right now you've identified that the ui animations are taking a lot of power, but the real question is *how much more power are they taking than the ios 18 animations*?",other,ui_ux_carplay,"for a full, fair comparison, you really need to do this side-by-side with an equivalent phone which *isn't* running ios 26. right now you've identified that the ui animations are taking a lot of power, but the real question is *how much more power are they taking than the ios 18 animations*?","{'neg': 0.0, 'neu': 0.967, 'pos': 0.033, 'compound': 0.1655}",0.1655,neutral
1nrormq,apple,comment,1758957074.0,2025-09-27 02:11:14,https://www.reddit.com/r/apple/comments/1nrormq/iphone_17_pro_max_ios26_is_actually_crazy_battery/,,,pulling down the control center really spikes higher than recording 4k hdr? that’s hilarious. might just have to switch my 17 pro to low power mode to see the difference myself,other,other,pulling down the control center really spikes higher than recording 4k hdr? that’s hilarious. might just have to switch my 17 pro to low power mode to see the difference myself,"{'neg': 0.062, 'neu': 0.858, 'pos': 0.08, 'compound': 0.1531}",0.1531,neutral
1nrormq,apple,comment,1758957074.0,2025-09-27 02:11:14,https://www.reddit.com/r/apple/comments/1nrormq/iphone_17_pro_max_ios26_is_actually_crazy_battery/,,,why would turning reduce transparency on make it more power hungry? that doesn't make sense to me at all.,other,other,why would turning reduce transparency on make it more power hungry? that doesn't make sense to me at all.,"{'neg': 0.0, 'neu': 1.0, 'pos': 0.0, 'compound': 0.0}",0.0,neutral
1nrormq,apple,comment,1758957074.0,2025-09-27 02:11:14,https://www.reddit.com/r/apple/comments/1nrormq/iphone_17_pro_max_ios26_is_actually_crazy_battery/,,,i would guess this is why the xs didn't get 26. the battery is already weak as can be while the 11 is regarded as a bit better off.,other,other,i would guess this is why the xs didn't get 26. the battery is already weak as can be while the 11 is regarded as a bit better off.,"{'neg': 0.094, 'neu': 0.812, 'pos': 0.094, 'compound': 0.0}",0.0,neutral
1nrormq,apple,comment,1758957074.0,2025-09-27 02:11:14,https://www.reddit.com/r/apple/comments/1nrormq/iphone_17_pro_max_ios26_is_actually_crazy_battery/,,,did you measure this against ios 18? i’d like to see percentages and now and before comparisons,experience_praise,other,did you measure this against ios 18? i’d like to see percentages and now and before comparisons,"{'neg': 0.0, 'neu': 0.865, 'pos': 0.135, 'compound': 0.3612}",0.3612,positive
1nrormq,apple,comment,1758957074.0,2025-09-27 02:11:14,https://www.reddit.com/r/apple/comments/1nrormq/iphone_17_pro_max_ios26_is_actually_crazy_battery/,,,apple putting the most powerful chip ever made for a smartphone just for users to put their phones in low power mode. 😆,other,other,apple putting the most powerful chip ever made for a smartphone just for users to put their phones in low power mode. 😆,"{'neg': 0.087, 'neu': 0.785, 'pos': 0.128, 'compound': 0.2484}",0.2484,positive
1nrormq,apple,comment,1758957074.0,2025-09-27 02:11:14,https://www.reddit.com/r/apple/comments/1nrormq/iphone_17_pro_max_ios26_is_actually_crazy_battery/,,,"battery life on my 13 base model with a new battery from earlier this year has been atrocious. the whole of ios 26 is half baked and the ui decisions are baffling. i noticed that some actions (taps, mainly) cause an hdr boost under your finger for that shiny glass effect. completely useless, 99% of people won’t even notice it — and it definitely causes battery drain. really wish i’d have stayed on 18. i’ll ride it out with low power mode in the meantime.",experience_complaint,ui_ux_carplay,"battery life on my 13 base model with a new battery from earlier this year has been atrocious. the whole of ios 26 is half baked and the ui decisions are baffling. i noticed that some actions (taps, mainly) cause an hdr boost under your finger for that shiny glass effect. completely useless, 99% of people won’t even notice it — and it definitely causes battery drain. really wish i’d have stayed on 18. i’ll ride it out with low power mode in the meantime.","{'neg': 0.057, 'neu': 0.85, 'pos': 0.093, 'compound': 0.4939}",0.4939,positive
1nrormq,apple,comment,1758957074.0,2025-09-27 02:11:14,https://www.reddit.com/r/apple/comments/1nrormq/iphone_17_pro_max_ios26_is_actually_crazy_battery/,,,"so basically they need to focus in the upcoming update, which is 26.1, on optimizing system to be less battery hungry. that’s why my 16 pro get warm doing basically nothing and just looking and home screen.",other,ui_ux_carplay,"so basically they need to focus in the upcoming update, which is 26.1, on optimizing system to be less battery hungry. that’s why my 16 pro get warm doing basically nothing and just looking and home screen.","{'neg': 0.0, 'neu': 0.877, 'pos': 0.123, 'compound': 0.5994}",0.5994,positive
1nrormq,apple,comment,1758957074.0,2025-09-27 02:11:14,https://www.reddit.com/r/apple/comments/1nrormq/iphone_17_pro_max_ios26_is_actually_crazy_battery/,,,for everyone saying optimisations is the answer… there is no getting around the fact that the glass effects like these are gpu intensive and require a decent chunk of compute to pull off… didn’t windows vista have the same issue way back?,experience_complaint,ui_ux_carplay,for everyone saying optimisations is the answer... there is no getting around the fact that the glass effects like these are gpu intensive and require a decent chunk of compute to pull off... didn’t windows vista have the same issue way back?,"{'neg': 0.048, 'neu': 0.835, 'pos': 0.116, 'compound': 0.4767}",0.4767,positive
1nrormq,apple,comment,1758957074.0,2025-09-27 02:11:14,https://www.reddit.com/r/apple/comments/1nrormq/iphone_17_pro_max_ios26_is_actually_crazy_battery/,,,why would power consumption increase with ‘reduce transparency’ on? i’ve had this on to decrease the amount of liquid glass everywhere 🤨,other,ui_ux_carplay,why would power consumption increase with ‘reduce transparency’ on? i’ve had this on to decrease the amount of liquid glass everywhere 🤨,"{'neg': 0.0, 'neu': 0.897, 'pos': 0.103, 'compound': 0.3182}",0.3182,positive
1nrormq,apple,comment,1758957074.0,2025-09-27 02:11:14,https://www.reddit.com/r/apple/comments/1nrormq/iphone_17_pro_max_ios26_is_actually_crazy_battery/,,,is it just me or you can’t drill down into hourly battery usage in ios 26 anymore? like on the battery graph in settings previously i’m sure i could click on each bar and it would show the battery % used that hour by each app.,experience_praise,other,is it just me or you can’t drill down into hourly battery usage in ios 26 anymore? like on the battery graph in settings previously i’m sure i could click on each bar and it would show the battery % used that hour by each app.,"{'neg': 0.0, 'neu': 0.897, 'pos': 0.103, 'compound': 0.5859}",0.5859,positive
1nrormq,apple,comment,1758957074.0,2025-09-27 02:11:14,https://www.reddit.com/r/apple/comments/1nrormq/iphone_17_pro_max_ios26_is_actually_crazy_battery/,,,"guys the dynamic background wallpapers for imessages has been heating and draining my battery full time! on 15pm, has anyone else been having the same problem?",experience_complaint,other,"guys the dynamic background wallpapers for imessages has been heating and draining my battery full time! on 15pm, has anyone else been having the same problem?","{'neg': 0.101, 'neu': 0.811, 'pos': 0.088, 'compound': -0.1007}",-0.1007,neutral
1nrormq,apple,comment,1758957074.0,2025-09-27 02:11:14,https://www.reddit.com/r/apple/comments/1nrormq/iphone_17_pro_max_ios26_is_actually_crazy_battery/,,,"i love myself a beautiful ui, but it shouldn’t come at the cost of power efficiency",experience_praise,ui_ux_carplay,"i love myself a beautiful ui, but it shouldn’t come at the cost of power efficiency","{'neg': 0.0, 'neu': 0.57, 'pos': 0.43, 'compound': 0.8074}",0.8074,positive
1nrormq,apple,comment,1758957074.0,2025-09-27 02:11:14,https://www.reddit.com/r/apple/comments/1nrormq/iphone_17_pro_max_ios26_is_actually_crazy_battery/,,,thanks for posting this. i have a new 17 pro max and i knew that the new os is causing battery issues. apple’s typical explanation of “indexing” doesn’t explain the drain at all. ios 26 is a horrible unoptimised mess.,experience_complaint,other,thanks for posting this. i have a new 17 pro max and i knew that the new os is causing battery issues. apple’s typical explanation of “indexing” doesn’t explain the drain at all. ios 26 is a horrible unoptimised mess.,"{'neg': 0.143, 'neu': 0.788, 'pos': 0.069, 'compound': -0.4767}",-0.4767,negative
1nrormq,apple,comment,1758957074.0,2025-09-27 02:11:14,https://www.reddit.com/r/apple/comments/1nrormq/iphone_17_pro_max_ios26_is_actually_crazy_battery/,,,"i had a similar impression, but i don’t have any data to confirm it. i bought the regular 17 and charged it to 80% yesterday. i didn’t use it much since i haven’t had time to transfer everything to the new device yet. i just tried changing the background and checked my sleep score. by this morning, the battery was already down to about 20%.",other,other,"i had a similar impression, but i don’t have any data to confirm it. i bought the regular 17 and charged it to 80% yesterday. i didn’t use it much since i haven’t had time to transfer everything to the new device yet. i just tried changing the background and checked my sleep score. by this morning, the battery was already down to about 20%.","{'neg': 0.037, 'neu': 0.939, 'pos': 0.024, 'compound': -0.1901}",-0.1901,neutral
1nrormq,apple,comment,1758957074.0,2025-09-27 02:11:14,https://www.reddit.com/r/apple/comments/1nrormq/iphone_17_pro_max_ios26_is_actually_crazy_battery/,,,"i don’t understand why they push this ui so hard. i immediately noticed the drain on my 16 pro. they could tone it down a lot with all the refractions and surely still have a frosted glass look. to the suggestions this is only after a new os install, its a state of fact this os version drains a lot more than any before. it’s obvious with all the real time graphical effects, albeit simple and small, they tax the gpu like proven. i’ve now been on this os for a couple of weeks. the battery empties way faster than before. this is not simply the indexing part.",experience_praise,ui_ux_carplay,"i don’t understand why they push this ui so hard. i immediately noticed the drain on my 16 pro. they could tone it down a lot with all the refractions and surely still have a frosted glass look. to the suggestions this is only after a new os install, its a state of fact this os version drains a lot more than any before. it’s obvious with all the real time graphical effects, albeit simple and small, they tax the gpu like proven. i’ve now been on this os for a couple of weeks. the battery empties way faster than before. this is not simply the indexing part.","{'neg': 0.034, 'neu': 0.915, 'pos': 0.051, 'compound': 0.4279}",0.4279,positive
1nrormq,apple,comment,1758957074.0,2025-09-27 02:11:14,https://www.reddit.com/r/apple/comments/1nrormq/iphone_17_pro_max_ios26_is_actually_crazy_battery/,,,great video. people said it was causing drain on this sub and everyone called them crazy. well here’s your proof… once again apple releasing crappy software that nobody asked for.,experience_praise,other,great video. people said it was causing drain on this sub and everyone called them crazy. well here’s your proof... once again apple releasing crappy software that nobody asked for.,"{'neg': 0.157, 'neu': 0.681, 'pos': 0.162, 'compound': 0.0516}",0.0516,neutral
1nrormq,apple,comment,1758957074.0,2025-09-27 02:11:14,https://www.reddit.com/r/apple/comments/1nrormq/iphone_17_pro_max_ios26_is_actually_crazy_battery/,,,i can actually see the lag and battery draining after update on my 16 pro max.,other,performance_reliability,i can actually see the lag and battery draining after update on my 16 pro max.,"{'neg': 0.146, 'neu': 0.854, 'pos': 0.0, 'compound': -0.34}",-0.34,negative
1nrormq,apple,comment,1758957074.0,2025-09-27 02:11:14,https://www.reddit.com/r/apple/comments/1nrormq/iphone_17_pro_max_ios26_is_actually_crazy_battery/,,,liquid glass is the hand wave to pull our attention away from apple intelligence missing… not surprised engineers haven’t sorted the kinks out yet. i’ll stick with ios 18 until apps don’t work.,other,ui_ux_carplay,liquid glass is the hand wave to pull our attention away from apple intelligence missing... not surprised engineers haven’t sorted the kinks out yet. i’ll stick with ios 18 until apps don’t work.,"{'neg': 0.044, 'neu': 0.79, 'pos': 0.166, 'compound': 0.6842}",0.6842,positive
1nrormq,apple,comment,1758957074.0,2025-09-27 02:11:14,https://www.reddit.com/r/apple/comments/1nrormq/iphone_17_pro_max_ios26_is_actually_crazy_battery/,,,"it’s my mac that’s been killed by the latest os. constantly have it on charge now. convinced there’s a memory leak as after a while the fan kicks up on full and it gets so hot, then the battery drops off a cliff",other,other,"it’s my mac that’s been killed by the latest os. constantly have it on charge now. convinced there’s a memory leak as after a while the fan kicks up on full and it gets so hot, then the battery drops off a cliff","{'neg': 0.144, 'neu': 0.752, 'pos': 0.104, 'compound': -0.4404}",-0.4404,negative
1nrormq,apple,comment,1758957074.0,2025-09-27 02:11:14,https://www.reddit.com/r/apple/comments/1nrormq/iphone_17_pro_max_ios26_is_actually_crazy_battery/,,,"now you know why they added ""adaptive power mode"". they want everyone to use that to mask the horrible power draw of ios 26.",other,other,"now you know why they added ""adaptive power mode"". they want everyone to use that to mask the horrible power draw of ios 26.","{'neg': 0.131, 'neu': 0.821, 'pos': 0.049, 'compound': -0.4939}",-0.4939,negative
1nrormq,apple,comment,1758957074.0,2025-09-27 02:11:14,https://www.reddit.com/r/apple/comments/1nrormq/iphone_17_pro_max_ios26_is_actually_crazy_battery/,,,first major os in a while i plan to avoid for as long as possible.,other,other,first major os in a while i plan to avoid for as long as possible.,"{'neg': 0.155, 'neu': 0.845, 'pos': 0.0, 'compound': -0.296}",-0.296,negative
1nrormq,apple,comment,1758957074.0,2025-09-27 02:11:14,https://www.reddit.com/r/apple/comments/1nrormq/iphone_17_pro_max_ios26_is_actually_crazy_battery/,,,"my iphone 15 pro max can’t make it through the day without a charge mid day. this is ridiculous. at 88 percent battery health. no gaming, barely any usage. multiple hours on airplane mode and low battery mode.",other,other,"my iphone 15 pro max can’t make it through the day without a charge mid day. this is ridiculous. at 88 percent battery health. no gaming, barely any usage. multiple hours on airplane mode and low battery mode.","{'neg': 0.167, 'neu': 0.833, 'pos': 0.0, 'compound': -0.7003}",-0.7003,negative
1nrormq,apple,comment,1758957074.0,2025-09-27 02:11:14,https://www.reddit.com/r/apple/comments/1nrormq/iphone_17_pro_max_ios26_is_actually_crazy_battery/,,,"so, what setting could we change or turn off to make the battery lasts longer if downgrade is too late ?",other,other,"so, what setting could we change or turn off to make the battery lasts longer if downgrade is too late ?","{'neg': 0.0, 'neu': 1.0, 'pos': 0.0, 'compound': 0.0}",0.0,neutral
1nrormq,apple,comment,1758957074.0,2025-09-27 02:11:14,https://www.reddit.com/r/apple/comments/1nrormq/iphone_17_pro_max_ios26_is_actually_crazy_battery/,,,yeah i am on a normal iphone 16 and very happy with the battery. i am not upgrading any time soon,other,other,yeah i am on a normal iphone 16 and very happy with the battery. i am not upgrading any time soon,"{'neg': 0.0, 'neu': 0.721, 'pos': 0.279, 'compound': 0.7346}",0.7346,positive
1nrormq,apple,comment,1758957074.0,2025-09-27 02:11:14,https://www.reddit.com/r/apple/comments/1nrormq/iphone_17_pro_max_ios26_is_actually_crazy_battery/,,,huh… is this why my phone was hot to the touch and lost battery while charging during a 6 hour road trip then? maps got my phone so hot that it stopped charging multiple times,other,other,huh... is this why my phone was hot to the touch and lost battery while charging during a 6 hour road trip then? maps got my phone so hot that it stopped charging multiple times,"{'neg': 0.119, 'neu': 0.881, 'pos': 0.0, 'compound': -0.4939}",-0.4939,negative
1nrormq,apple,comment,1758957074.0,2025-09-27 02:11:14,https://www.reddit.com/r/apple/comments/1nrormq/iphone_17_pro_max_ios26_is_actually_crazy_battery/,,,"i’m getting better battery life by far on my 17pm…so if that means once they get the os running more efficiently that the battery life will improve even further, i’m stoked!",other,other,"i’m getting better battery life by far on my 17pm...so if that means once they get the os running more efficiently that the battery life will improve even further, i’m stoked!","{'neg': 0.0, 'neu': 0.755, 'pos': 0.245, 'compound': 0.8436}",0.8436,positive
1nrormq,apple,comment,1758957074.0,2025-09-27 02:11:14,https://www.reddit.com/r/apple/comments/1nrormq/iphone_17_pro_max_ios26_is_actually_crazy_battery/,,,so reduced transparency makes it worse? i had assumed since it basically removed the glass it would help a bunch. i remember battery guides telling people to use that lol,other,ui_ux_carplay,so reduced transparency makes it worse? i had assumed since it basically removed the glass it would help a bunch. i remember battery guides telling people to use that lol,"{'neg': 0.095, 'neu': 0.736, 'pos': 0.169, 'compound': 0.34}",0.34,positive
1nrormq,apple,comment,1758957074.0,2025-09-27 02:11:14,https://www.reddit.com/r/apple/comments/1nrormq/iphone_17_pro_max_ios26_is_actually_crazy_battery/,,,"i looked at the efficiency per gsmarena's tests and it shows some pretty wild results, notably worse on browsing & phone calls. |phone|ios|battery size|browsing efficiency|calls efficiency|videos efficiency|gaming efficiency| |:-|:-|:-|:-|:-|:-|:-| |iphone 17 pro max|launch ios 26|18.76 whr (physical sim)|50 min / whr|78 min / whr|82 min / whr|39 min / whr| |iphone 16 pro max|launch ios 18|18.169 whr|55 min/ whr|99 min/ whr|75 min / whr|33 min/ whr| videos, gaming, and calls don't use liquid glass much, but browsing likely would. all use wi-fi, no cellular, streaming video, etc. the lack of controlled ios versions makes this tougher, as it there could be a lot of hardware differences, too. sources: [ [apple iphone 17 pro max review: lab tests - display, battery life, charging speed, speakers]( the 17 pro max is the physical sim version and i used apple's typical 3.88v for the whr conversion as i couldn't find any teardowns.",experience_praise,ui_ux_carplay,"i looked at the efficiency per gsmarena's tests and it shows some pretty wild results, notably worse on browsing & phone calls. |phone|ios|battery size|browsing efficiency|calls efficiency|videos efficiency|gaming efficiency| |:-|:-|:-|:-|:-|:-|:-| |iphone 17 pro max|launch ios 26|18.76 whr (physical sim)|50 min / whr|78 min / whr|82 min / whr|39 min / whr| |iphone 16 pro max|launch ios 18|18.169 whr|55 min/ whr|99 min/ whr|75 min / whr|33 min/ whr| videos, gaming, and calls don't use liquid glass much, but browsing likely would. all use wi-fi, no cellular, streaming video, etc. the lack of controlled ios versions makes this tougher, as it there could be a lot of hardware differences, too. sources: [ [apple iphone 17 pro max review: lab tests - display, battery life, charging speed, speakers]( the 17 pro max is the physical sim version and i used apple's typical 3.88v for the whr conversion as i couldn't find any teardowns.","{'neg': 0.054, 'neu': 0.904, 'pos': 0.043, 'compound': -0.3894}",-0.3894,negative
1nrormq,apple,comment,1758957074.0,2025-09-27 02:11:14,https://www.reddit.com/r/apple/comments/1nrormq/iphone_17_pro_max_ios26_is_actually_crazy_battery/,,,liquid glass? more like liquid gasoline the way it’s burning through that battery.,experience_praise,ui_ux_carplay,liquid glass? more like liquid gasoline the way it’s burning through that battery.,"{'neg': 0.0, 'neu': 0.811, 'pos': 0.189, 'compound': 0.4201}",0.4201,positive
1nrormq,apple,comment,1758957074.0,2025-09-27 02:11:14,https://www.reddit.com/r/apple/comments/1nrormq/iphone_17_pro_max_ios26_is_actually_crazy_battery/,,,what the heck is going on with apple programmers lately? apple used to be known for its strong software – i’m even starting to worry about the security features on my phone after this.,other,other,what the heck is going on with apple programmers lately? apple used to be known for its strong software – i’m even starting to worry about the security features on my phone after this.,"{'neg': 0.075, 'neu': 0.777, 'pos': 0.148, 'compound': 0.4215}",0.4215,positive
1nrormq,apple,comment,1758957074.0,2025-09-27 02:11:14,https://www.reddit.com/r/apple/comments/1nrormq/iphone_17_pro_max_ios26_is_actually_crazy_battery/,,,can you show the power drainage on the apple watch ultra on watchos 26 also please ? i think mine lasted better before update …,other,other,can you show the power drainage on the apple watch ultra on watchos 26 also please ? i think mine lasted better before update ...,"{'neg': 0.0, 'neu': 0.802, 'pos': 0.198, 'compound': 0.6369}",0.6369,positive
1nrormq,apple,comment,1758957074.0,2025-09-27 02:11:14,https://www.reddit.com/r/apple/comments/1nrormq/iphone_17_pro_max_ios26_is_actually_crazy_battery/,,,"does the control centre thing affect older iphones without pro motion, i tried the control centre thing and didn’t see much difference. assuming it’s because i’ve got an older iphone",other,other,"does the control centre thing affect older iphones without pro motion, i tried the control centre thing and didn’t see much difference. assuming it’s because i’ve got an older iphone","{'neg': 0.0, 'neu': 1.0, 'pos': 0.0, 'compound': 0.0}",0.0,neutral
1nrormq,apple,comment,1758957074.0,2025-09-27 02:11:14,https://www.reddit.com/r/apple/comments/1nrormq/iphone_17_pro_max_ios26_is_actually_crazy_battery/,,,all those stupid animations and transitions are so pointless if it’s eating up the battery ffs,other,search_poi_data,all those stupid animations and transitions are so pointless if it’s eating up the battery ffs,"{'neg': 0.34, 'neu': 0.66, 'pos': 0.0, 'compound': -0.802}",-0.802,negative
1nrormq,apple,comment,1758957074.0,2025-09-27 02:11:14,https://www.reddit.com/r/apple/comments/1nrormq/iphone_17_pro_max_ios26_is_actually_crazy_battery/,,,"i got a new battery for my iphone 14pm about three months ago, i’m still at 100% capacity. before ios 26, my phone would last the whole day. ever since i updated, my phone needs to be charged about an hour or two before i go to bed. i still use all the same apps, nothing’s changed but the os.",other,other,"i got a new battery for my iphone 14pm about three months ago, i’m still at 100% capacity. before ios 26, my phone would last the whole day. ever since i updated, my phone needs to be charged about an hour or two before i go to bed. i still use all the same apps, nothing’s changed but the os.","{'neg': 0.025, 'neu': 0.975, 'pos': 0.0, 'compound': -0.1027}",-0.1027,neutral
1nrormq,apple,comment,1758957074.0,2025-09-27 02:11:14,https://www.reddit.com/r/apple/comments/1nrormq/iphone_17_pro_max_ios26_is_actually_crazy_battery/,,,my battery is absolutely fucked now with ios26. it also takes so much longer to charge my phone i have noticed.,other,other,my battery is absolutely fucked now with ios26. it also takes so much longer to charge my phone i have noticed.,"{'neg': 0.198, 'neu': 0.802, 'pos': 0.0, 'compound': -0.6901}",-0.6901,negative
1nrormq,apple,comment,1758957074.0,2025-09-27 02:11:14,https://www.reddit.com/r/apple/comments/1nrormq/iphone_17_pro_max_ios26_is_actually_crazy_battery/,,,this video also explains the same issue,experience_complaint,other,this video also explains the same issue,"{'neg': 0.0, 'neu': 1.0, 'pos': 0.0, 'compound': 0.0}",0.0,neutral
1nrormq,apple,comment,1758957074.0,2025-09-27 02:11:14,https://www.reddit.com/r/apple/comments/1nrormq/iphone_17_pro_max_ios26_is_actually_crazy_battery/,,,"i have a used iphone 14 pro max that’s scratched up like crazy and a slightly cracked screen at work and tested ios 26.0 on it. plugged in with a 5 watt charger at 22% and swiping down the control center, turning on tinted (glass) mode and bringing down the lock screen actually drains the battery from 22% to just 20% in 2 minutes. that’s fucking crazy, lmao. what the hell, apple? what kind of unoptimized mess is this? edit: wtf??? so if you turn on low power mode on any iphone, the entire os lags like shit and is extremely choppy if you also turn on tinted (glass) icons. that's because lpm enforces a 5 watt tdp limit but that's not enough power to render the entire gui for liquid glass. yikes, lmao.",experience_praise,ui_ux_carplay,"i have a used iphone 14 pro max that’s scratched up like crazy and a slightly cracked screen at work and tested ios 26.0 on it. plugged in with a 5 watt charger at 22% and swiping down the control center, turning on tinted (glass) mode and bringing down the lock screen actually drains the battery from 22% to just 20% in 2 minutes. that’s fucking crazy, lmao. what the hell, apple? what kind of unoptimized mess is this? edit: wtf??? so if you turn on low power mode on any iphone, the entire os lags like shit and is extremely choppy if you also turn on tinted (glass) icons. that's because lpm enforces a 5 watt tdp limit but that's not enough power to render the entire gui for liquid glass. yikes, lmao.","{'neg': 0.118, 'neu': 0.799, 'pos': 0.083, 'compound': -0.2624}",-0.2624,negative
1nrormq,apple,comment,1758957074.0,2025-09-27 02:11:14,https://www.reddit.com/r/apple/comments/1nrormq/iphone_17_pro_max_ios26_is_actually_crazy_battery/,,,"so if i would take allt of screen shots, my battery would be a disaster?",other,ui_ux_carplay,"so if i would take allt of screen shots, my battery would be a disaster?","{'neg': 0.255, 'neu': 0.745, 'pos': 0.0, 'compound': -0.6249}",-0.6249,negative
1nrormq,apple,comment,1758957074.0,2025-09-27 02:11:14,https://www.reddit.com/r/apple/comments/1nrormq/iphone_17_pro_max_ios26_is_actually_crazy_battery/,,,it surprises me. i don’t think liquid glass should be much more computer intensive than any other blur effect they were doing previously,other,ui_ux_carplay,it surprises me. i don’t think liquid glass should be much more computer intensive than any other blur effect they were doing previously,"{'neg': 0.0, 'neu': 0.917, 'pos': 0.083, 'compound': 0.2263}",0.2263,positive
1nrormq,apple,comment,1758957074.0,2025-09-27 02:11:14,https://www.reddit.com/r/apple/comments/1nrormq/iphone_17_pro_max_ios26_is_actually_crazy_battery/,,,in my case this has been the first iphone pm i’ve had to charge in the middle of the day or near the end of the day. funnily enough i came from a z fold 7 and had similar battery life only i have two displays. i was so excited to come back to iphone this year and i love the look of the 17 pro line but i’m slightly considering returning it and waiting until next year to see if they fixed some of this nonsense.,experience_praise,ui_ux_carplay,in my case this has been the first iphone pm i’ve had to charge in the middle of the day or near the end of the day. funnily enough i came from a z fold 7 and had similar battery life only i have two displays. i was so excited to come back to iphone this year and i love the look of the 17 pro line but i’m slightly considering returning it and waiting until next year to see if they fixed some of this nonsense.,"{'neg': 0.048, 'neu': 0.876, 'pos': 0.076, 'compound': 0.108}",0.108,neutral
1nrormq,apple,comment,1758957074.0,2025-09-27 02:11:14,https://www.reddit.com/r/apple/comments/1nrormq/iphone_17_pro_max_ios26_is_actually_crazy_battery/,,,i’m more pissed about how it slows down and eats the battery of my apple watch s10. why does a watch need a ui overhaul that affects its performance?,experience_complaint,ui_ux_carplay,i’m more pissed about how it slows down and eats the battery of my apple watch s10. why does a watch need a ui overhaul that affects its performance?,"{'neg': 0.147, 'neu': 0.853, 'pos': 0.0, 'compound': -0.6697}",-0.6697,negative
1nrormq,apple,comment,1758957074.0,2025-09-27 02:11:14,https://www.reddit.com/r/apple/comments/1nrormq/iphone_17_pro_max_ios26_is_actually_crazy_battery/,,,so interesting that reduce transparency increases draw. funny enough i am on an old 13 pro and just got a new battery installed. and it seems to be fine but i am used to my battery hitting 20% before noon. now it lasts the whole day. so the recommendation is leave reduce transparency off? what about reduce motion?,other,other,so interesting that reduce transparency increases draw. funny enough i am on an old 13 pro and just got a new battery installed. and it seems to be fine but i am used to my battery hitting 20% before noon. now it lasts the whole day. so the recommendation is leave reduce transparency off? what about reduce motion?,"{'neg': 0.022, 'neu': 0.879, 'pos': 0.098, 'compound': 0.5278}",0.5278,positive
1nrormq,apple,comment,1758957074.0,2025-09-27 02:11:14,https://www.reddit.com/r/apple/comments/1nrormq/iphone_17_pro_max_ios26_is_actually_crazy_battery/,,,my 17 pro is draining faster than my 5 year old 13 pro with 72% battery health. kinda nuts. this is now my 3rd day of owning so the indexing in the background should be done already.,experience_praise,other,my 17 pro is draining faster than my 5 year old 13 pro with 72% battery health. kinda nuts. this is now my 3rd day of owning so the indexing in the background should be done already.,"{'neg': 0.054, 'neu': 0.946, 'pos': 0.0, 'compound': -0.2516}",-0.2516,negative
1nrormq,apple,comment,1758957074.0,2025-09-27 02:11:14,https://www.reddit.com/r/apple/comments/1nrormq/iphone_17_pro_max_ios26_is_actually_crazy_battery/,,,"beta tester in cupertino, most relaxing job in the world.",other,navigation_routing_traffic,"beta tester in cupertino, most relaxing job in the world.","{'neg': 0.0, 'neu': 0.72, 'pos': 0.28, 'compound': 0.5413}",0.5413,positive
1nrormq,apple,comment,1758957074.0,2025-09-27 02:11:14,https://www.reddit.com/r/apple/comments/1nrormq/iphone_17_pro_max_ios26_is_actually_crazy_battery/,,,i’m inclined to agree with all of this. my 13 mini is absolutely dying on ios26,other,other,i’m inclined to agree with all of this. my 13 mini is absolutely dying on ios26,"{'neg': 0.0, 'neu': 0.857, 'pos': 0.143, 'compound': 0.3612}",0.3612,positive
1nrormq,apple,comment,1758957074.0,2025-09-27 02:11:14,https://www.reddit.com/r/apple/comments/1nrormq/iphone_17_pro_max_ios26_is_actually_crazy_battery/,,,"i have noticed a significant power consumption from my iphone 17 pro max aswell its absolutely awful, but once i only used it for one hour and the rest was background or screen idle. 10 hours later, the phone was at 42%. it’s like it never stopped running a power hungry app lol",experience_complaint,ui_ux_carplay,"i have noticed a significant power consumption from my iphone 17 pro max aswell its absolutely awful, but once i only used it for one hour and the rest was background or screen idle. 10 hours later, the phone was at 42%. it’s like it never stopped running a power hungry app lol","{'neg': 0.038, 'neu': 0.779, 'pos': 0.183, 'compound': 0.8021}",0.8021,positive
1nrormq,apple,comment,1758957074.0,2025-09-27 02:11:14,https://www.reddit.com/r/apple/comments/1nrormq/iphone_17_pro_max_ios26_is_actually_crazy_battery/,,,"thanks a lot for this post, i was on the verge of updating my 15pm to ios 26 since everyone praises it, no way i'm doing it now until this issue is not fixed.",experience_complaint,other,"thanks a lot for this post, i was on the verge of updating my 15pm to ios 26 since everyone praises it, no way i'm doing it now until this issue is not fixed.","{'neg': 0.059, 'neu': 0.773, 'pos': 0.168, 'compound': 0.6249}",0.6249,positive
1nrormq,apple,comment,1758957074.0,2025-09-27 02:11:14,https://www.reddit.com/r/apple/comments/1nrormq/iphone_17_pro_max_ios26_is_actually_crazy_battery/,,,i got this 16p on ios 26 and i knew something was wrong. it kept dying before the old 13. didn’t expect things to be so bad on the newest too tho,experience_complaint,other,i got this 16p on ios 26 and i knew something was wrong. it kept dying before the old 13. didn’t expect things to be so bad on the newest too tho,"{'neg': 0.213, 'neu': 0.787, 'pos': 0.0, 'compound': -0.822}",-0.822,negative
1nrormq,apple,comment,1758957074.0,2025-09-27 02:11:14,https://www.reddit.com/r/apple/comments/1nrormq/iphone_17_pro_max_ios26_is_actually_crazy_battery/,,,this will get optimized around ios 26.3 or 26.4 same things happens every year so i dont think this year will be different. most of major features are implemented in x.2 and later its just optimization,other,other,this will get optimized around ios 26.3 or 26.4 same things happens every year so i dont think this year will be different. most of major features are implemented in x.2 and later its just optimization,"{'neg': 0.0, 'neu': 0.855, 'pos': 0.145, 'compound': 0.6808}",0.6808,positive
1nh0txe,apple,post,1757879091.0,2025-09-14 14:44:51,https://www.reddit.com/r/apple/comments/1nh0txe/why_i_left_my_iphone_and_why_im_leaving_apple/,0.0,104.0,"why i left my iphone and why i’m leaving apple i want to be clear up front: this is just my opinion and i know everyone is entitled to their own. i’m not here to tell anyone what phone to use or to bash apple as a whole. i just wanted to share my experience and hear about others’ thoughts on privacy with apple. for a long time, i liked apple’s branding as the “privacy-first” tech company. but the $95 million lawsuit surrounding siri really shook my trust. if apple had been more transparent about its limits, i might not have cared. but because privacy is such a big part of their image, the lawsuit raised real concerns for me. that’s when i left my iphone for a dumb phone. i’m more worried about privacy now than ever. i don’t fully understand metadata, but i do know i was constantly feeding information into my maps app. it learned the places i frequented and could predict where i was heading just based on the time of day. that felt too invasive. and while it’s almost a meme at this point, i can’t shake the moments when it feels like companies are listening in. maybe it’s just the yellow punch buggy effect, but after the siri lawsuit, i no longer trust apple enough to brush those things off. i’m not saying apple makes bad products. they make excellent hardware and software. but for me, i’d rather trade convenience for peace of mind. that’s why i went back to a dumb phone, and eventually i’ll move my mac over to linux after i finish my dissertation. again, this is just my perspective. i’d really like to know if others have had similar concerns or different experiences with apple’s approach to privacy. link to [lawsuit]( edit: to those of you who think i use anything from google including their search engine you're wrong if you don't care about the privacy aspect cool no need to comment. i'm just sharing my experience and perceptions of apple's privacy, which i think is not as ironclad as we perceive it to be. if you don't care about apple doing whatever with your data or any privacy concerns skip over this post. it's just that simple and we've all heard those jokes. ""it's not a airport. you don't have to announce your departure."" just sharing my experience and the joke is very unoriginal at this point. edit: barrage me with downvotes i welcome it it's the reddit hive mind",policy_discussion,policy_strategy,"why i left my iphone and why i’m leaving apple i want to be clear up front: this is just my opinion and i know everyone is entitled to their own. i’m not here to tell anyone what phone to use or to bash apple as a whole. i just wanted to share my experience and hear about others’ thoughts on privacy with apple. for a long time, i liked apple’s branding as the “privacy-first” tech company. but the $95 million lawsuit surrounding siri really shook my trust. if apple had been more transparent about its limits, i might not have cared. but because privacy is such a big part of their image, the lawsuit raised real concerns for me. that’s when i left my iphone for a dumb phone. i’m more worried about privacy now than ever. i don’t fully understand metadata, but i do know i was constantly feeding information into my maps app. it learned the places i frequented and could predict where i was heading just based on the time of day. that felt too invasive. and while it’s almost a meme at this point, i can’t shake the moments when it feels like companies are listening in. maybe it’s just the yellow punch buggy effect, but after the siri lawsuit, i no longer trust apple enough to brush those things off. i’m not saying apple makes bad products. they make excellent hardware and software. but for me, i’d rather trade convenience for peace of mind. that’s why i went back to a dumb phone, and eventually i’ll move my mac over to linux after i finish my dissertation. again, this is just my perspective. i’d really like to know if others have had similar concerns or different experiences with apple’s approach to privacy. link to [lawsuit]( edit: to those of you who think i use anything from google including their search engine you're wrong if you don't care about the privacy aspect cool no need to comment. i'm just sharing my experience and perceptions of apple's privacy, which i think is not as ironclad as we perceive it to be. if you don't care about apple doing whatever with your data or any privacy concerns skip over this post. it's just that simple and we've all heard those jokes. ""it's not a airport. you don't have to announce your departure."" just sharing my experience and the joke is very unoriginal at this point. edit: barrage me with downvotes i welcome it it's the reddit hive mind","{'neg': 0.103, 'neu': 0.782, 'pos': 0.116, 'compound': 0.7167}",0.7167,positive
1nh0txe,apple,comment,1757879091.0,2025-09-14 14:44:51,https://www.reddit.com/r/apple/comments/1nh0txe/why_i_left_my_iphone_and_why_im_leaving_apple/,,,"i respect it, but even with a dumb phone, you're feeding your location data via tower pings to your carrier (and the nsa). it's more like trading convenience for the illusion of peace of mind to me. regarding the siri lawsuit, my understanding is the plantif didn't prove anything. apple simply settled the lawsuit because 95 milly is couch change to them rather than litigate. but trust is a hard thing to recapture. but understand this: unless your plan is to go live in the woods various multi letter us agencies have the ability to listen to you regardless of your choice of phone.",policy_discussion,policy_strategy,"i respect it, but even with a dumb phone, you're feeding your location data via tower pings to your carrier (and the nsa). it's more like trading convenience for the illusion of peace of mind to me. regarding the siri lawsuit, my understanding is the plantif didn't prove anything. apple simply settled the lawsuit because 95 milly is couch change to them rather than litigate. but trust is a hard thing to recapture. but understand this: unless your plan is to go live in the woods various multi letter us agencies have the ability to listen to you regardless of your choice of phone.","{'neg': 0.089, 'neu': 0.763, 'pos': 0.148, 'compound': 0.8458}",0.8458,positive
1nh0txe,apple,comment,1757879091.0,2025-09-14 14:44:51,https://www.reddit.com/r/apple/comments/1nh0txe/why_i_left_my_iphone_and_why_im_leaving_apple/,,,">i don’t fully understand metadata, but i do know i was constantly feeding information into my maps app. it learned the places i frequented and could predict where i was heading just based on the time of day. that felt too invasive. are you familiar with how cell towers work? at least you also get access your location data in maps. on a dumb phone, everyone but you gets access to it. the phone company has it, the police can get it, and it can be purchased by a variety of third parties.",other,navigation_routing_traffic,"i don’t fully understand metadata, but i do know i was constantly feeding information into my maps app. it learned the places i frequented and could predict where i was heading just based on the time of day. that felt too invasive. are you familiar with how cell towers work? at least you also get access your location data in maps. on a dumb phone, everyone but you gets access to it. the phone company has it, the police can get it, and it can be purchased by a variety of third parties.","{'neg': 0.048, 'neu': 0.913, 'pos': 0.039, 'compound': -0.2263}",-0.2263,negative
1nh0txe,apple,comment,1757879091.0,2025-09-14 14:44:51,https://www.reddit.com/r/apple/comments/1nh0txe/why_i_left_my_iphone_and_why_im_leaving_apple/,,,,other,other,,"{'neg': 0.0, 'neu': 0.0, 'pos': 0.0, 'compound': 0.0}",0.0,neutral
1nh0txe,apple,comment,1757879091.0,2025-09-14 14:44:51,https://www.reddit.com/r/apple/comments/1nh0txe/why_i_left_my_iphone_and_why_im_leaving_apple/,,,good luck. i trust apple more than google. and most of us cant or wont do what you do. life is too complicated to try this kind of extreme tech switches and get used to them. our privacy is gone unless you live mostly off grid.,policy_discussion,policy_strategy,good luck. i trust apple more than google. and most of us cant or wont do what you do. life is too complicated to try this kind of extreme tech switches and get used to them. our privacy is gone unless you live mostly off grid.,"{'neg': 0.0, 'neu': 0.82, 'pos': 0.18, 'compound': 0.8481}",0.8481,positive
1nh0txe,apple,comment,1757879091.0,2025-09-14 14:44:51,https://www.reddit.com/r/apple/comments/1nh0txe/why_i_left_my_iphone_and_why_im_leaving_apple/,,,good luck virtue signaling with a dumb phone.,other,other,good luck virtue signaling with a dumb phone.,"{'neg': 0.22, 'neu': 0.2, 'pos': 0.58, 'compound': 0.6597}",0.6597,positive
1nh0txe,apple,comment,1757879091.0,2025-09-14 14:44:51,https://www.reddit.com/r/apple/comments/1nh0txe/why_i_left_my_iphone_and_why_im_leaving_apple/,,,probably the [most valid data]( is looking at their transparency of subpoenas they responded to. governments can’t get data out of apple because they don’t have the ability to access it. if you read these write-ups you’ll have a better understanding of what data apple can see.,policy_discussion,policy_strategy,probably the [most valid data]( is looking at their transparency of subpoenas they responded to. governments can’t get data out of apple because they don’t have the ability to access it. if you read these write-ups you’ll have a better understanding of what data apple can see.,"{'neg': 0.0, 'neu': 0.894, 'pos': 0.106, 'compound': 0.6369}",0.6369,positive
1nh0txe,apple,comment,1757879091.0,2025-09-14 14:44:51,https://www.reddit.com/r/apple/comments/1nh0txe/why_i_left_my_iphone_and_why_im_leaving_apple/,,,it's bullshit because they know juries are too stupid to understand basic fact. maps location learning is on device.,other,search_poi_data,it's bullshit because they know juries are too stupid to understand basic fact. maps location learning is on device.,"{'neg': 0.298, 'neu': 0.702, 'pos': 0.0, 'compound': -0.802}",-0.802,negative
1nh0txe,apple,comment,1757879091.0,2025-09-14 14:44:51,https://www.reddit.com/r/apple/comments/1nh0txe/why_i_left_my_iphone_and_why_im_leaving_apple/,,,going to start printing off mapquest directions again?,other,navigation_routing_traffic,going to start printing off mapquest directions again?,"{'neg': 0.0, 'neu': 1.0, 'pos': 0.0, 'compound': 0.0}",0.0,neutral
1nh0txe,apple,comment,1757879091.0,2025-09-14 14:44:51,https://www.reddit.com/r/apple/comments/1nh0txe/why_i_left_my_iphone_and_why_im_leaving_apple/,,,this reads like a poorly generated ai opinion. are you sure you didn’t use apple intelligence to create this?,policy_discussion,policy_strategy,this reads like a poorly generated ai opinion. are you sure you didn’t use apple intelligence to create this?,"{'neg': 0.0, 'neu': 0.583, 'pos': 0.417, 'compound': 0.8402}",0.8402,positive
1nh0txe,apple,comment,1757879091.0,2025-09-14 14:44:51,https://www.reddit.com/r/apple/comments/1nh0txe/why_i_left_my_iphone_and_why_im_leaving_apple/,,,okay have fun,other,other,okay have fun,"{'neg': 0.0, 'neu': 0.161, 'pos': 0.839, 'compound': 0.6369}",0.6369,positive
1nh0txe,apple,comment,1757879091.0,2025-09-14 14:44:51,https://www.reddit.com/r/apple/comments/1nh0txe/why_i_left_my_iphone_and_why_im_leaving_apple/,,,this isn’t an airport you don’t need to announce your departure,other,other,this isn’t an airport you don’t need to announce your departure,"{'neg': 0.0, 'neu': 1.0, 'pos': 0.0, 'compound': 0.0}",0.0,neutral
1nh0txe,apple,comment,1757879091.0,2025-09-14 14:44:51,https://www.reddit.com/r/apple/comments/1nh0txe/why_i_left_my_iphone_and_why_im_leaving_apple/,,,"i tried so many times to save my privacy, but in the end life is already too complicated and my spying phone makes my life easier in many ways like navigation, bureaucracy, job, education, listen to music, watching films, etc.",policy_discussion,policy_strategy,"i tried so many times to save my privacy, but in the end life is already too complicated and my spying phone makes my life easier in many ways like navigation, bureaucracy, job, education, listen to music, watching films, etc.","{'neg': 0.0, 'neu': 0.799, 'pos': 0.201, 'compound': 0.8422}",0.8422,positive
1nh0txe,apple,comment,1757879091.0,2025-09-14 14:44:51,https://www.reddit.com/r/apple/comments/1nh0txe/why_i_left_my_iphone_and_why_im_leaving_apple/,,,have fun on the dumb phone. remember a few months from now: you chose this.,other,other,have fun on the dumb phone. remember a few months from now: you chose this.,"{'neg': 0.177, 'neu': 0.645, 'pos': 0.177, 'compound': 0.0}",0.0,neutral
1nh0txe,apple,comment,1757879091.0,2025-09-14 14:44:51,https://www.reddit.com/r/apple/comments/1nh0txe/why_i_left_my_iphone_and_why_im_leaving_apple/,,,"at least you realized there is no way to avoid this without going back to reagan era technology. i'm curious how you made this post, though, without using a system that has less privacy.",policy_discussion,policy_strategy,"at least you realized there is no way to avoid this without going back to reagan era technology. i'm curious how you made this post, though, without using a system that has less privacy.","{'neg': 0.12, 'neu': 0.817, 'pos': 0.063, 'compound': -0.2732}",-0.2732,negative
1nh0txe,apple,comment,1757879091.0,2025-09-14 14:44:51,https://www.reddit.com/r/apple/comments/1nh0txe/why_i_left_my_iphone_and_why_im_leaving_apple/,,,i swear reddit is just company ai bots posting rants at this point,other,search_poi_data,i swear reddit is just company ai bots posting rants at this point,"{'neg': 0.259, 'neu': 0.741, 'pos': 0.0, 'compound': -0.3612}",-0.3612,negative
1nh0txe,apple,comment,1757879091.0,2025-09-14 14:44:51,https://www.reddit.com/r/apple/comments/1nh0txe/why_i_left_my_iphone_and_why_im_leaving_apple/,,,good luck.,other,other,good luck.,"{'neg': 0.0, 'neu': 0.0, 'pos': 1.0, 'compound': 0.7096}",0.7096,positive
1nh0txe,apple,comment,1757879091.0,2025-09-14 14:44:51,https://www.reddit.com/r/apple/comments/1nh0txe/why_i_left_my_iphone_and_why_im_leaving_apple/,,,"if the siri incident worries you that much, i suggest you don’t look into the privacy aspects of all other phones.",policy_discussion,policy_strategy,"if the siri incident worries you that much, i suggest you don’t look into the privacy aspects of all other phones.","{'neg': 0.128, 'neu': 0.872, 'pos': 0.0, 'compound': -0.4215}",-0.4215,negative
1nh0txe,apple,comment,1757879091.0,2025-09-14 14:44:51,https://www.reddit.com/r/apple/comments/1nh0txe/why_i_left_my_iphone_and_why_im_leaving_apple/,,,"for years, i listened to and followed tips and advice from people who take online privacy seriously. i came to the realisation that it isn’t feasible long term for me and my family. these days, i focus more on balancing convenience, security, and privacy. apple is the only company that does this best across a wide variety of software and hardware in their ecosystem i still take practical precautions. i lean on apple’s privacy stacks like hide my email, sign-in with apple, icloud keychain and passkeys, keep the tv offline and use appletv streaming box instead. i use advanced data protection for icloud, mail privacy protection, app tracking transparency and icloud private relay. stolen device protection and a strong alphabet and number passcode. it’s already well secured unless i’m a high-profile person of interest then using your method is probably better alternative",policy_discussion,policy_strategy,"for years, i listened to and followed tips and advice from people who take online privacy seriously. i came to the realisation that it isn’t feasible long term for me and my family. these days, i focus more on balancing convenience, security, and privacy. apple is the only company that does this best across a wide variety of software and hardware in their ecosystem i still take practical precautions. i lean on apple’s privacy stacks like hide my email, sign-in with apple, icloud keychain and passkeys, keep the tv offline and use appletv streaming box instead. i use advanced data protection for icloud, mail privacy protection, app tracking transparency and icloud private relay. stolen device protection and a strong alphabet and number passcode. it’s already well secured unless i’m a high-profile person of interest then using your method is probably better alternative","{'neg': 0.052, 'neu': 0.771, 'pos': 0.176, 'compound': 0.959}",0.959,positive
1nh0txe,apple,comment,1757879091.0,2025-09-14 14:44:51,https://www.reddit.com/r/apple/comments/1nh0txe/why_i_left_my_iphone_and_why_im_leaving_apple/,,,"so now you’re on a dumb phone? that’s great, good for you. you go throw that baby out with the bath water. op: still uses reddit and cries about privacy lmao",policy_discussion,policy_strategy,"so now you’re on a dumb phone? that’s great, good for you. you go throw that baby out with the bath water. op: still uses reddit and cries about privacy lmao","{'neg': 0.143, 'neu': 0.597, 'pos': 0.26, 'compound': 0.7096}",0.7096,positive
1nh0txe,apple,comment,1757879091.0,2025-09-14 14:44:51,https://www.reddit.com/r/apple/comments/1nh0txe/why_i_left_my_iphone_and_why_im_leaving_apple/,,,"it’s interesting that you choose lightphone when it’s based on android, and they make it really hard to know this or what’s actually running on the phone. never mind that it’s also difficult to find their privacy policy. or to find out if they use secure chips and memory management techniques. qurious what your using for maps now? since you could have just not used maps. or used an alternative. the siri thing seems to be all noise no substance also",policy_discussion,policy_strategy,"it’s interesting that you choose lightphone when it’s based on android, and they make it really hard to know this or what’s actually running on the phone. never mind that it’s also difficult to find their privacy policy. or to find out if they use secure chips and memory management techniques. qurious what your using for maps now? since you could have just not used maps. or used an alternative. the siri thing seems to be all noise no substance also","{'neg': 0.073, 'neu': 0.869, 'pos': 0.058, 'compound': -0.0754}",-0.0754,neutral
1nh0txe,apple,comment,1757879091.0,2025-09-14 14:44:51,https://www.reddit.com/r/apple/comments/1nh0txe/why_i_left_my_iphone_and_why_im_leaving_apple/,,,goodbye and good…,other,other,goodbye and good...,"{'neg': 0.0, 'neu': 1.0, 'pos': 0.0, 'compound': 0.0}",0.0,neutral
1nh0txe,apple,comment,1757879091.0,2025-09-14 14:44:51,https://www.reddit.com/r/apple/comments/1nh0txe/why_i_left_my_iphone_and_why_im_leaving_apple/,,,… and then you posted on reddit . 😂,other,other,... and then you posted on reddit . 😂,"{'neg': 0.0, 'neu': 1.0, 'pos': 0.0, 'compound': 0.0}",0.0,neutral
1nh0txe,apple,comment,1757879091.0,2025-09-14 14:44:51,https://www.reddit.com/r/apple/comments/1nh0txe/why_i_left_my_iphone_and_why_im_leaving_apple/,,,watch tv? get gas? have a credit card? shop online? ever been to a store? drive a car? have home security? live around other houses? use email? this is a very basic list⬆️ no one cares about you. they care about what you do. 🤷🏾‍♂️,other,other,watch tv? get gas? have a credit card? shop online? ever been to a store? drive a car? have home security? live around other houses? use email? this is a very basic list⬆️ no one cares about you. they care about what you do. 🤷🏾‍♂️,"{'neg': 0.049, 'neu': 0.711, 'pos': 0.24, 'compound': 0.8656}",0.8656,positive
1nh0txe,apple,comment,1757879091.0,2025-09-14 14:44:51,https://www.reddit.com/r/apple/comments/1nh0txe/why_i_left_my_iphone_and_why_im_leaving_apple/,,,cool story,other,other,cool story,"{'neg': 0.0, 'neu': 0.303, 'pos': 0.697, 'compound': 0.3182}",0.3182,positive
1nh0txe,apple,comment,1757879091.0,2025-09-14 14:44:51,https://www.reddit.com/r/apple/comments/1nh0txe/why_i_left_my_iphone_and_why_im_leaving_apple/,,,you do you and it's completely understandable you value privacy at all costs. some people can let go of smaller privacy matters while others will not be able to let it go and that's okay.,policy_discussion,policy_strategy,you do you and it's completely understandable you value privacy at all costs. some people can let go of smaller privacy matters while others will not be able to let it go and that's okay.,"{'neg': 0.0, 'neu': 0.85, 'pos': 0.15, 'compound': 0.5667}",0.5667,positive
1nh0txe,apple,comment,1757879091.0,2025-09-14 14:44:51,https://www.reddit.com/r/apple/comments/1nh0txe/why_i_left_my_iphone_and_why_im_leaving_apple/,,,adíos,other,other,adíos,"{'neg': 0.0, 'neu': 1.0, 'pos': 0.0, 'compound': 0.0}",0.0,neutral
1nh0txe,apple,comment,1757879091.0,2025-09-14 14:44:51,https://www.reddit.com/r/apple/comments/1nh0txe/why_i_left_my_iphone_and_why_im_leaving_apple/,,,bye,other,other,bye,"{'neg': 0.0, 'neu': 1.0, 'pos': 0.0, 'compound': 0.0}",0.0,neutral
1nh0txe,apple,comment,1757879091.0,2025-09-14 14:44:51,https://www.reddit.com/r/apple/comments/1nh0txe/why_i_left_my_iphone_and_why_im_leaving_apple/,,,sir. this isn’t the airport. you don’t need to announce your departure. just leave.,other,other,sir. this isn’t the airport. you don’t need to announce your departure. just leave.,"{'neg': 0.085, 'neu': 0.915, 'pos': 0.0, 'compound': -0.0516}",-0.0516,neutral
1nh0txe,apple,comment,1757879091.0,2025-09-14 14:44:51,https://www.reddit.com/r/apple/comments/1nh0txe/why_i_left_my_iphone_and_why_im_leaving_apple/,,,"you can shut off the predictive destinations, if you want to.",other,other,"you can shut off the predictive destinations, if you want to.","{'neg': 0.0, 'neu': 0.885, 'pos': 0.115, 'compound': 0.0772}",0.0772,neutral
1nh0txe,apple,comment,1757879091.0,2025-09-14 14:44:51,https://www.reddit.com/r/apple/comments/1nh0txe/why_i_left_my_iphone_and_why_im_leaving_apple/,,,"the us government is watching you, no matter what kind of phone you own. the era of privacy is over.",policy_discussion,policy_strategy,"the us government is watching you, no matter what kind of phone you own. the era of privacy is over.","{'neg': 0.103, 'neu': 0.845, 'pos': 0.052, 'compound': -0.2732}",-0.2732,negative
1nh0txe,apple,comment,1757879091.0,2025-09-14 14:44:51,https://www.reddit.com/r/apple/comments/1nh0txe/why_i_left_my_iphone_and_why_im_leaving_apple/,,,"good luck with that. i could not function without a fully functioning phone and computer. the lawsuit seems sketchy. when syria was in the news a lot a while back it would trigger one of my devices to listen. being targeted for ads could come from a variety of sources much more likely than apple surreptitiously funneling eavesdropped convos to ad agencies. it just feels like tinfoil hat territory, but to each their own.",policy_discussion,policy_strategy,"good luck with that. i could not function without a fully functioning phone and computer. the lawsuit seems sketchy. when syria was in the news a lot a while back it would trigger one of my devices to listen. being targeted for ads could come from a variety of sources much more likely than apple surreptitiously funneling eavesdropped convos to ad agencies. it just feels like tinfoil hat territory, but to each their own.","{'neg': 0.035, 'neu': 0.886, 'pos': 0.079, 'compound': 0.4939}",0.4939,positive
1nh0txe,apple,comment,1757879091.0,2025-09-14 14:44:51,https://www.reddit.com/r/apple/comments/1nh0txe/why_i_left_my_iphone_and_why_im_leaving_apple/,,,i don't want privacy. i feel like apple holding my information is better than me holding it. so i'm glad apple has shitty privacy policies.,policy_discussion,policy_strategy,i don't want privacy. i feel like apple holding my information is better than me holding it. so i'm glad apple has shitty privacy policies.,"{'neg': 0.153, 'neu': 0.571, 'pos': 0.276, 'compound': 0.5935}",0.5935,positive
1nh0txe,apple,comment,1757879091.0,2025-09-14 14:44:51,https://www.reddit.com/r/apple/comments/1nh0txe/why_i_left_my_iphone_and_why_im_leaving_apple/,,,an exceptionally naive reason to leave.,other,other,an exceptionally naive reason to leave.,"{'neg': 0.473, 'neu': 0.527, 'pos': 0.0, 'compound': -0.3804}",-0.3804,negative
1nh0txe,apple,comment,1757879091.0,2025-09-14 14:44:51,https://www.reddit.com/r/apple/comments/1nh0txe/why_i_left_my_iphone_and_why_im_leaving_apple/,,,personally i would go for a pixel and install grapheneos instead of going for a light phone but as long as it reaches your end goal then props to ya,other,other,personally i would go for a pixel and install grapheneos instead of going for a light phone but as long as it reaches your end goal then props to ya,"{'neg': 0.0, 'neu': 0.952, 'pos': 0.048, 'compound': 0.0772}",0.0772,neutral
1nh0txe,apple,comment,1757879091.0,2025-09-14 14:44:51,https://www.reddit.com/r/apple/comments/1nh0txe/why_i_left_my_iphone_and_why_im_leaving_apple/,,,"man, are you in for a rude awakening when you find out just how much information ""dumb"" phones collect.",other,other,"man, are you in for a rude awakening when you find out just how much information ""dumb"" phones collect.","{'neg': 0.15, 'neu': 0.85, 'pos': 0.0, 'compound': -0.4588}",-0.4588,negative
1nh0txe,apple,comment,1757879091.0,2025-09-14 14:44:51,https://www.reddit.com/r/apple/comments/1nh0txe/why_i_left_my_iphone_and_why_im_leaving_apple/,,,"i can only applaud you for being conscious about your privacy. apple is by no means a 'privacy-first' company, although they do their best in a business world that thinks otherwise. from all the big tech companies they probably respect their users privacy the most. but it's a thin line, you can't have up to date gps services with realtime traffic control if you don't have a server which can dispatch that information based on your location and where you're going too. apple and app developers also like some user data just to know when their apps crash and what kind of features are used and which aren't. stuff like that. most companies do offer some way to enable/disable what kind of data they gather on you through settings and most have received fines high enough to make even billionaires think twice that, generally speaking, these settings are respected. if you tell google not to keep your search history, they won't. >i’m more worried about privacy now than ever. i don’t fully understand metadata, understanding how metadata works is crucial if you want to make informed decisions about your privacy in this online world. simply put, it's data about your data. and that's where the problem lies, because you can't really opt out. in order for a service to work some information has to be known. whatsapp needs to know who you're talking too and needs information about your network to be able to deliver the message. just like a mail-man needs the address to deliver his letters. but that data also tells a story if you look at it analytically. if 2 people are on the same ip address, they are on the same network obviously, so in close physical proximity, they might know each other or share similar interests. that network location can be precisely mapped to a physical location by someone else entirely who is less privacy minded and tagged himself on that location on instagram. that opens up the whole data set google has on that place, from street view to a list of everyone who has ever set foot in that place and used one of their services. your usage data also tells how many times you're on that network and how long those visits last, so it's fairly easy to correlate those patterns to general behavioral patters to find out work places, homes, etc. each data set on its own is not really that impressive, but if you start correlating things together you can really build up a profile even if the data itself is anonymized. you can basically estimate how many visitors that location has and correlating that with public tax records can tell you how profitable that business actually is. heck, it wouldn't be that hard to estimate the probability of tax fraud that way. it can get scary. and data is sold and bought everywhere by all kind of companies all the time, not seldom it's a part of their revenue stream. that's why europe is enforcing such strict rules. in the end, if you have enough data points about something you can start to make fairly accurate assumptions and use those for whatever goals you like. the problem arises due to the sheer volume by which this happens today and how those insights are used to manipulate public opinion whether for commercial use, political motives, crime, ... a dumb phone will make you less traceable and you will generate less data, but that won't keep you safe. no-one is interested in you as an individual, except in some very specific cases, but you will keep being bombarded by targeted advertising anyways simply because you are alive, out and about and around other people.",policy_discussion,policy_strategy,"i can only applaud you for being conscious about your privacy. apple is by no means a 'privacy-first' company, although they do their best in a business world that thinks otherwise. from all the big tech companies they probably respect their users privacy the most. but it's a thin line, you can't have up to date gps services with realtime traffic control if you don't have a server which can dispatch that information based on your location and where you're going too. apple and app developers also like some user data just to know when their apps crash and what kind of features are used and which aren't. stuff like that. most companies do offer some way to enable/disable what kind of data they gather on you through settings and most have received fines high enough to make even billionaires think twice that, generally speaking, these settings are respected. if you tell google not to keep your search history, they won't. >i’m more worried about privacy now than ever. i don’t fully understand metadata, understanding how metadata works is crucial if you want to make informed decisions about your privacy in this online world. simply put, it's data about your data. and that's where the problem lies, because you can't really opt out. in order for a service to work some information has to be known. whatsapp needs to know who you're talking too and needs information about your network to be able to deliver the message. just like a mail-man needs the address to deliver his letters. but that data also tells a story if you look at it analytically. if 2 people are on the same ip address, they are on the same network obviously, so in close physical proximity, they might know each other or share similar interests. that network location can be precisely mapped to a physical location by someone else entirely who is less privacy minded and tagged himself on that location on instagram. that opens up the whole data set google has on that place, from street view to a list of everyone who has ever set foot in that place and used one of their services. your usage data also tells how many times you're on that network and how long those visits last, so it's fairly easy to correlate those patterns to general behavioral patters to find out work places, homes, etc. each data set on its own is not really that impressive, but if you start correlating things together you can really build up a profile even if the data itself is anonymized. you can basically estimate how many visitors that location has and correlating that with public tax records can tell you how profitable that business actually is. heck, it wouldn't be that hard to estimate the probability of tax fraud that way. it can get scary. and data is sold and bought everywhere by all kind of companies all the time, not seldom it's a part of their revenue stream. that's why europe is enforcing such strict rules. in the end, if you have enough data points about something you can start to make fairly accurate assumptions and use those for whatever goals you like. the problem arises due to the sheer volume by which this happens today and how those insights are used to manipulate public opinion whether for commercial use, political motives, crime, ... a dumb phone will make you less traceable and you will generate less data, but that won't keep you safe. no-one is interested in you as an individual, except in some very specific cases, but you will keep being bombarded by targeted advertising anyways simply because you are alive, out and about and around other people.","{'neg': 0.062, 'neu': 0.864, 'pos': 0.074, 'compound': 0.4724}",0.4724,positive
1nh0txe,apple,comment,1757879091.0,2025-09-14 14:44:51,https://www.reddit.com/r/apple/comments/1nh0txe/why_i_left_my_iphone_and_why_im_leaving_apple/,,,this is not an airport.,other,other,this is not an airport.,"{'neg': 0.0, 'neu': 1.0, 'pos': 0.0, 'compound': 0.0}",0.0,neutral
1nh0txe,apple,comment,1757879091.0,2025-09-14 14:44:51,https://www.reddit.com/r/apple/comments/1nh0txe/why_i_left_my_iphone_and_why_im_leaving_apple/,,,ohnoanyway.gif,other,other,ohnoanyway.gif,"{'neg': 0.0, 'neu': 1.0, 'pos': 0.0, 'compound': 0.0}",0.0,neutral
1nh0txe,apple,comment,1757879091.0,2025-09-14 14:44:51,https://www.reddit.com/r/apple/comments/1nh0txe/why_i_left_my_iphone_and_why_im_leaving_apple/,,,"the siri case was certainly a blunder, it's part of a larger problem imho of companies outsourcing instead of hiring, the root of the issue was *contractors* were listening to recordings rather than the much lesser-danger of apple employees under apple's oversight and accountability. the real compromise with privacy comes from a full ~20% of their profit coming from google ads, and what they subsequently don't do to minimize data google gets from iphone users - for instance duckduckgo uses bing but they strip a lot of user information from those requests, sending only what microsoft obliges them to send, and they don't have a conflict of interest to include anything else. the doj also makes some interesting accusations in [their upcoming antitrust]( > apple selectively compromises privacy and security interests when doing so is in apple’s own financial interest—such as degrading the security of text messages, offering governments and certain companies the chance to access more private and secure versions of app stores, or accepting billions of dollars each year for choosing google as its default search engine when more private options are available. in the end, apple deploys privacy and security justifications as an elastic shield that can stretch or contract to serve apple’s financial and business interests.",policy_discussion,policy_strategy,"the siri case was certainly a blunder, it's part of a larger problem imho of companies outsourcing instead of hiring, the root of the issue was *contractors* were listening to recordings rather than the much lesser-danger of apple employees under apple's oversight and accountability. the real compromise with privacy comes from a full ~20% of their profit coming from google ads, and what they subsequently don't do to minimize data google gets from iphone users - for instance duckduckgo uses bing but they strip a lot of user information from those requests, sending only what microsoft obliges them to send, and they don't have a conflict of interest to include anything else. the doj also makes some interesting accusations in [their upcoming antitrust]( > apple selectively compromises privacy and security interests when doing so is in apple’s own financial interest—such as degrading the security of text messages, offering governments and certain companies the chance to access more private and secure versions of app stores, or accepting billions of dollars each year for choosing google as its default search engine when more private options are available. in the end, apple deploys privacy and security justifications as an elastic shield that can stretch or contract to serve apple’s financial and business interests.","{'neg': 0.042, 'neu': 0.788, 'pos': 0.169, 'compound': 0.9798}",0.9798,positive
1nh0txe,apple,comment,1757879091.0,2025-09-14 14:44:51,https://www.reddit.com/r/apple/comments/1nh0txe/why_i_left_my_iphone_and_why_im_leaving_apple/,,,i agree but youll get downvoted on here,other,other,i agree but youll get downvoted on here,"{'neg': 0.0, 'neu': 0.774, 'pos': 0.226, 'compound': 0.1901}",0.1901,neutral
1nh0txe,apple,comment,1757879091.0,2025-09-14 14:44:51,https://www.reddit.com/r/apple/comments/1nh0txe/why_i_left_my_iphone_and_why_im_leaving_apple/,,,"i'm in the same boat. when apple started censoring / removing the pro-hk apps i decided to move to android. then i learned google banned the same apps too. so i was stuck with apple. sucks to have no choice. apple is on a razor's edge with me, i don't think it will take much more from a privacy-violation / censorship perspective to tip me over the edge. i've got an eye on open source os's like graphene, i'm glad that option exists if / when i ever need to pull the trigger.",policy_discussion,policy_strategy,"i'm in the same boat. when apple started censoring / removing the pro-hk apps i decided to move to android. then i learned google banned the same apps too. so i was stuck with apple. sucks to have no choice. apple is on a razor's edge with me, i don't think it will take much more from a privacy-violation / censorship perspective to tip me over the edge. i've got an eye on open source os's like graphene, i'm glad that option exists if / when i ever need to pull the trigger.","{'neg': 0.108, 'neu': 0.833, 'pos': 0.059, 'compound': -0.539}",-0.539,negative
1nh0txe,apple,comment,1757879091.0,2025-09-14 14:44:51,https://www.reddit.com/r/apple/comments/1nh0txe/why_i_left_my_iphone_and_why_im_leaving_apple/,,,"apple saying they care about privacy is total fraud, it is insane the us is such a corporate dystopia that apple can push this extreme fraud with barely any consequences. the only actual way to have a private phone is a custom rom with lineageos, rooted + magisk, hosts-level tracking domain blocking and fully foss software routed through tor. this is not what apple sells.",policy_discussion,policy_strategy,"apple saying they care about privacy is total fraud, it is insane the us is such a corporate dystopia that apple can push this extreme fraud with barely any consequences. the only actual way to have a private phone is a custom rom with lineageos, rooted + magisk, hosts-level tracking domain blocking and fully foss software routed through tor. this is not what apple sells.","{'neg': 0.179, 'neu': 0.777, 'pos': 0.044, 'compound': -0.8658}",-0.8658,negative
1nc31yp,apple,post,1757373414.0,2025-09-08 18:16:54,https://www.reddit.com/r/apple/comments/1nc31yp/apple_maps_gets_a_chief_of_war_tour_guide_with/,71.0,3.0,apple maps gets a ‘chief of war’ tour guide with spots in hawai’i and new zealand,other,ui_ux_carplay,apple maps gets a ‘chief of war’ tour guide with spots in hawai’i and new zealand,"{'neg': 0.0, 'neu': 1.0, 'pos': 0.0, 'compound': 0.0}",0.0,neutral
1nc31yp,apple,comment,1757373414.0,2025-09-08 18:16:54,https://www.reddit.com/r/apple/comments/1nc31yp/apple_maps_gets_a_chief_of_war_tour_guide_with/,,,"oh, i thought it was a pentagon tour guide",other,ui_ux_carplay,"oh, i thought it was a pentagon tour guide","{'neg': 0.0, 'neu': 1.0, 'pos': 0.0, 'compound': 0.0}",0.0,neutral
1nc31yp,apple,comment,1757373414.0,2025-09-08 18:16:54,https://www.reddit.com/r/apple/comments/1nc31yp/apple_maps_gets_a_chief_of_war_tour_guide_with/,,,i really hate this apple trend of implementing sudo advertisement features into default apps.,experience_complaint,other,i really hate this apple trend of implementing sudo advertisement features into default apps.,"{'neg': 0.25, 'neu': 0.75, 'pos': 0.0, 'compound': -0.6115}",-0.6115,negative
1mjxjru,apple,post,1754566215.0,2025-08-07 06:30:15,https://www.reddit.com/r/apple/comments/1mjxjru/apple_maps_cycling_directions_expand_to_taiwan/,26.0,0.0,apple maps cycling directions expand to taiwan and hong kong,other,navigation_routing_traffic,apple maps cycling directions expand to taiwan and hong kong,"{'neg': 0.0, 'neu': 0.796, 'pos': 0.204, 'compound': 0.3182}",0.3182,positive
1ly5ey4,apple,post,1752339779.0,2025-07-12 12:02:59,https://www.reddit.com/r/apple/comments/1ly5ey4/google_maps_now_supports_second_screens_in/,139.0,28.0,google maps now supports second screens in carplay finally ! i haven’t seen this posted anywhere else. on ios 18.5 and latest google maps version. i am noticing when navigating google maps is showing turn by turn directions and lane guidance within secondary car screens like digital instrument cluster /heads up display of my car (bmw x5). previously google maps did not support this (only apple maps). so it seems something google has updated in the last week or two. also google maps carplay interface is now showing traffic light markings within the main screen map ui. this again was limited to apple maps previously. some pictures below.,policy_discussion,policy_strategy,google maps now supports second screens in carplay finally ! i haven’t seen this posted anywhere else. on ios 18.5 and latest google maps version. i am noticing when navigating google maps is showing turn by turn directions and lane guidance within secondary car screens like digital instrument cluster /heads up display of my car (bmw x5). previously google maps did not support this (only apple maps). so it seems something google has updated in the last week or two. also google maps carplay interface is now showing traffic light markings within the main screen map ui. this again was limited to apple maps previously. some pictures below.,"{'neg': 0.038, 'neu': 0.914, 'pos': 0.048, 'compound': 0.281}",0.281,positive
1ly5ey4,apple,comment,1752339779.0,2025-07-12 12:02:59,https://www.reddit.com/r/apple/comments/1ly5ey4/google_maps_now_supports_second_screens_in/,,,does this work for waze as well now?,comparison_discussion,other,does this work for waze as well now?,"{'neg': 0.0, 'neu': 0.769, 'pos': 0.231, 'compound': 0.2732}",0.2732,positive
1ly5ey4,apple,comment,1752339779.0,2025-07-12 12:02:59,https://www.reddit.com/r/apple/comments/1ly5ey4/google_maps_now_supports_second_screens_in/,,,"nice, i always wondered why this wasn’t supported. i have the same car so i’ll have to check it out next time i drive it.",other,other,"nice, i always wondered why this wasn’t supported. i have the same car so i’ll have to check it out next time i drive it.","{'neg': 0.0, 'neu': 0.797, 'pos': 0.203, 'compound': 0.6249}",0.6249,positive
1ly5ey4,apple,comment,1752339779.0,2025-07-12 12:02:59,https://www.reddit.com/r/apple/comments/1ly5ey4/google_maps_now_supports_second_screens_in/,,,unpopular opinion....apple maps is a fair bit better than google maps when driving. its spoken directions are much more clear and consistent especially regarding upcoming turns or lane changes. in every other way google maps is better.,comparison_discussion,navigation_routing_traffic,unpopular opinion....apple maps is a fair bit better than google maps when driving. its spoken directions are much more clear and consistent especially regarding upcoming turns or lane changes. in every other way google maps is better.,"{'neg': 0.0, 'neu': 0.744, 'pos': 0.256, 'compound': 0.8748}",0.8748,positive
1ly5ey4,apple,comment,1752339779.0,2025-07-12 12:02:59,https://www.reddit.com/r/apple/comments/1ly5ey4/google_maps_now_supports_second_screens_in/,,,this looks pretty meh tbh. [didn't they announce]( a year ago the ability for apps to render the actual map in the instrument cluster?,other,other,this looks pretty meh tbh. [didn't they announce]( a year ago the ability for apps to render the actual map in the instrument cluster?,"{'neg': 0.049, 'neu': 0.746, 'pos': 0.205, 'compound': 0.6369}",0.6369,positive
1ly5ey4,apple,comment,1752339779.0,2025-07-12 12:02:59,https://www.reddit.com/r/apple/comments/1ly5ey4/google_maps_now_supports_second_screens_in/,,,does it support apple watch yet? that’s my favorite feature of apple maps carplay. it tapping me to turn.,other,ui_ux_carplay,does it support apple watch yet? that’s my favorite feature of apple maps carplay. it tapping me to turn.,"{'neg': 0.0, 'neu': 0.749, 'pos': 0.251, 'compound': 0.6908}",0.6908,positive
1ly5ey4,apple,comment,1752339779.0,2025-07-12 12:02:59,https://www.reddit.com/r/apple/comments/1ly5ey4/google_maps_now_supports_second_screens_in/,,,google map directions on the hud has been present for a while in my hyundai. not sure what changed for you but it predates 18.5 for sure.,other,navigation_routing_traffic,google map directions on the hud has been present for a while in my hyundai. not sure what changed for you but it predates 18.5 for sure.,"{'neg': 0.141, 'neu': 0.859, 'pos': 0.0, 'compound': -0.4449}",-0.4449,negative
1ly5ey4,apple,comment,1752339779.0,2025-07-12 12:02:59,https://www.reddit.com/r/apple/comments/1ly5ey4/google_maps_now_supports_second_screens_in/,,,"interesting, i want this feature. but i don’t see it in my bmw yet 😢",other,other,"interesting, i want this feature. but i don’t see it in my bmw yet 😢","{'neg': 0.0, 'neu': 0.769, 'pos': 0.231, 'compound': 0.25}",0.25,positive
1ly5ey4,apple,comment,1752339779.0,2025-07-12 12:02:59,https://www.reddit.com/r/apple/comments/1ly5ey4/google_maps_now_supports_second_screens_in/,,,"hey op, latest google maps update shows 1 week ago for me, got an i5 but it didnt show directions was there a more recent update?",comparison_discussion,navigation_routing_traffic,"hey op, latest google maps update shows 1 week ago for me, got an i5 but it didnt show directions was there a more recent update?","{'neg': 0.0, 'neu': 1.0, 'pos': 0.0, 'compound': 0.0}",0.0,neutral
1ly5ey4,apple,comment,1752339779.0,2025-07-12 12:02:59,https://www.reddit.com/r/apple/comments/1ly5ey4/google_maps_now_supports_second_screens_in/,,,"strange, this feature was working for me last week, but has disappeared today!",other,other,"strange, this feature was working for me last week, but has disappeared today!","{'neg': 0.269, 'neu': 0.731, 'pos': 0.0, 'compound': -0.4664}",-0.4664,negative
1ly5ey4,apple,comment,1752339779.0,2025-07-12 12:02:59,https://www.reddit.com/r/apple/comments/1ly5ey4/google_maps_now_supports_second_screens_in/,,,how the hell can i turn it off?!?!,other,other,how the hell can i turn it off?!?!,"{'neg': 0.48, 'neu': 0.52, 'pos': 0.0, 'compound': -0.7611}",-0.7611,negative
1ly5ey4,apple,comment,1752339779.0,2025-07-12 12:02:59,https://www.reddit.com/r/apple/comments/1ly5ey4/google_maps_now_supports_second_screens_in/,,,same for my 2020 gen6 subaru outback 11.6” inch screen on ios 26. on the flip side i now have 3 clicks to start a trip in maps :(,other,ui_ux_carplay,same for my 2020 gen6 subaru outback 11.6” inch screen on ios 26. on the flip side i now have 3 clicks to start a trip in maps :(,"{'neg': 0.104, 'neu': 0.896, 'pos': 0.0, 'compound': -0.4404}",-0.4404,negative
1ly5ey4,apple,comment,1752339779.0,2025-07-12 12:02:59,https://www.reddit.com/r/apple/comments/1ly5ey4/google_maps_now_supports_second_screens_in/,,,this doesn't work for me in my f-pace 2021... waze and apple maps can leverage that tiny instrument cluster display but google maps still can't. latest ios 26.1 and iphone 17pm,comparison_discussion,ui_ux_carplay,this doesn't work for me in my f-pace 2021... waze and apple maps can leverage that tiny instrument cluster display but google maps still can't. latest ios 26.1 and iphone 17pm,"{'neg': 0.0, 'neu': 1.0, 'pos': 0.0, 'compound': 0.0}",0.0,neutral
1ly5ey4,apple,comment,1752339779.0,2025-07-12 12:02:59,https://www.reddit.com/r/apple/comments/1ly5ey4/google_maps_now_supports_second_screens_in/,,,google maps also directs you to low-income areas in the interest of diversity & inclusion. imagine getting carjacked at gunpoint because some google engineer wanted to be woke and implemented it through their system.,comparison_discussion,search_poi_data,google maps also directs you to low-income areas in the interest of diversity & inclusion. imagine getting carjacked at gunpoint because some google engineer wanted to be woke and implemented it through their system.,"{'neg': 0.0, 'neu': 0.914, 'pos': 0.086, 'compound': 0.4588}",0.4588,positive
1lvz0k2,apple,post,1752107388.0,2025-07-09 19:29:48,https://www.reddit.com/r/apple/comments/1lvz0k2/apple_maps_suddenly_failing_to_treat_highway_407/,16.0,16.0,apple maps suddenly failing to treat highway 407 etr in toronto area as toll road,other,navigation_routing_traffic,apple maps suddenly failing to treat highway 407 etr in toronto area as toll road,"{'neg': 0.174, 'neu': 0.684, 'pos': 0.142, 'compound': -0.1531}",-0.1531,neutral
1lvz0k2,apple,comment,1752107388.0,2025-07-09 19:29:48,https://www.reddit.com/r/apple/comments/1lvz0k2/apple_maps_suddenly_failing_to_treat_highway_407/,,,"starting in june, 407 east of brock became toll free, this likely contributed to the glitch.",bug_report,other,"starting in june, 407 east of brock became toll free, this likely contributed to the glitch.","{'neg': 0.0, 'neu': 0.82, 'pos': 0.18, 'compound': 0.5106}",0.5106,positive
1lvz0k2,apple,comment,1752107388.0,2025-07-09 19:29:48,https://www.reddit.com/r/apple/comments/1lvz0k2/apple_maps_suddenly_failing_to_treat_highway_407/,,,it’s been like this actually even before they made 407 east toll-free.,experience_praise,other,it’s been like this actually even before they made 407 east toll-free.,"{'neg': 0.0, 'neu': 0.815, 'pos': 0.185, 'compound': 0.3612}",0.3612,positive
1lvz0k2,apple,comment,1752107388.0,2025-07-09 19:29:48,https://www.reddit.com/r/apple/comments/1lvz0k2/apple_maps_suddenly_failing_to_treat_highway_407/,,,what a nothing burger article. must be a slow news day lmao.,experience_complaint,performance_reliability,what a nothing burger article. must be a slow news day lmao.,"{'neg': 0.0, 'neu': 0.698, 'pos': 0.302, 'compound': 0.5994}",0.5994,positive
1lvz0k2,apple,comment,1752107388.0,2025-07-09 19:29:48,https://www.reddit.com/r/apple/comments/1lvz0k2/apple_maps_suddenly_failing_to_treat_highway_407/,,,just had to pay a 120 € fine for driving on a toll road in austria even though toll roads should have been avoided.,policy_discussion,policy_strategy,just had to pay a 120 € fine for driving on a toll road in austria even though toll roads should have been avoided.,"{'neg': 0.161, 'neu': 0.763, 'pos': 0.076, 'compound': -0.25}",-0.25,negative
1lvz0k2,apple,comment,1752107388.0,2025-07-09 19:29:48,https://www.reddit.com/r/apple/comments/1lvz0k2/apple_maps_suddenly_failing_to_treat_highway_407/,,,"surely this is the end for apple, how ever will they recover",other,other,"surely this is the end for apple, how ever will they recover","{'neg': 0.0, 'neu': 0.791, 'pos': 0.209, 'compound': 0.4404}",0.4404,positive
1lvz0k2,apple,comment,1752107388.0,2025-07-09 19:29:48,https://www.reddit.com/r/apple/comments/1lvz0k2/apple_maps_suddenly_failing_to_treat_highway_407/,,,holy fuck,other,other,holy fuck,"{'neg': 0.778, 'neu': 0.222, 'pos': 0.0, 'compound': -0.5423}",-0.5423,negative
1lu5ac6,apple,post,1751920613.0,2025-07-07 15:36:53,https://www.reddit.com/r/apple/comments/1lu5ac6/leak_reveals_apple_maps_in_ios_26_could_get_two/,340.0,38.0,"leak reveals apple maps in ios 26 could get two unannounced new features [""search the way you talk"" and turning off the screen when the iphone is too hot]",other,ui_ux_carplay,"leak reveals apple maps in ios 26 could get two unannounced new features [""search the way you talk"" and turning off the screen when the iphone is too hot]","{'neg': 0.079, 'neu': 0.921, 'pos': 0.0, 'compound': -0.34}",-0.34,negative
1lu5ac6,apple,comment,1751920613.0,2025-07-07 15:36:53,https://www.reddit.com/r/apple/comments/1lu5ac6/leak_reveals_apple_maps_in_ios_26_could_get_two/,,,this plus the rumored vapor cooling of the next phone tells me that they're expecting the new features to produce a lot of heat.,other,other,this plus the rumored vapor cooling of the next phone tells me that they're expecting the new features to produce a lot of heat.,"{'neg': 0.0, 'neu': 1.0, 'pos': 0.0, 'compound': 0.0}",0.0,neutral
1lu5ac6,apple,comment,1751920613.0,2025-07-07 15:36:53,https://www.reddit.com/r/apple/comments/1lu5ac6/leak_reveals_apple_maps_in_ios_26_could_get_two/,,,the screen already shuts off when it gets too hot and it tells you that’s why it happens. it’s been this way for a couple years at least.,other,ui_ux_carplay,the screen already shuts off when it gets too hot and it tells you that’s why it happens. it’s been this way for a couple years at least.,"{'neg': 0.0, 'neu': 1.0, 'pos': 0.0, 'compound': 0.0}",0.0,neutral
1lu5ac6,apple,comment,1751920613.0,2025-07-07 15:36:53,https://www.reddit.com/r/apple/comments/1lu5ac6/leak_reveals_apple_maps_in_ios_26_could_get_two/,,,"i’d like to be able to start directions as soon as i get in the car, but only turn navigation on at a particular point. i want to go from a to c, and i know how to get to b, but i’d like directions from b to c",experience_praise,navigation_routing_traffic,"i’d like to be able to start directions as soon as i get in the car, but only turn navigation on at a particular point. i want to go from a to c, and i know how to get to b, but i’d like directions from b to c","{'neg': 0.0, 'neu': 0.858, 'pos': 0.142, 'compound': 0.6652}",0.6652,positive
1lu5ac6,apple,comment,1751920613.0,2025-07-07 15:36:53,https://www.reddit.com/r/apple/comments/1lu5ac6/leak_reveals_apple_maps_in_ios_26_could_get_two/,,,i wish the screen would stay off automatically when connected via carplay for maps it always shows the written directions,feature_request,ui_ux_carplay,i wish the screen would stay off automatically when connected via carplay for maps it always shows the written directions,"{'neg': 0.0, 'neu': 0.87, 'pos': 0.13, 'compound': 0.4019}",0.4019,positive
1lu5ac6,apple,comment,1751920613.0,2025-07-07 15:36:53,https://www.reddit.com/r/apple/comments/1lu5ac6/leak_reveals_apple_maps_in_ios_26_could_get_two/,,,i don’t know why they don’t just make the lock screen a fat ass live activity when navigating instead of hijacking the entire screen.,other,ui_ux_carplay,i don’t know why they don’t just make the lock screen a fat ass live activity when navigating instead of hijacking the entire screen.,"{'neg': 0.143, 'neu': 0.857, 'pos': 0.0, 'compound': -0.5423}",-0.5423,negative
1lu5ac6,apple,comment,1751920613.0,2025-07-07 15:36:53,https://www.reddit.com/r/apple/comments/1lu5ac6/leak_reveals_apple_maps_in_ios_26_could_get_two/,,,search the way you talk doesn't work on **anything** *anywhere* across every service they claim it does.,bug_report,other,search the way you talk doesn't work on **anything** *anywhere* across every service they claim it does.,"{'neg': 0.0, 'neu': 1.0, 'pos': 0.0, 'compound': 0.0}",0.0,neutral
1lu5ac6,apple,comment,1751920613.0,2025-07-07 15:36:53,https://www.reddit.com/r/apple/comments/1lu5ac6/leak_reveals_apple_maps_in_ios_26_could_get_two/,,,toll prices anytime soon?,other,other,toll prices anytime soon?,"{'neg': 0.0, 'neu': 1.0, 'pos': 0.0, 'compound': 0.0}",0.0,neutral
1lu5ac6,apple,comment,1751920613.0,2025-07-07 15:36:53,https://www.reddit.com/r/apple/comments/1lu5ac6/leak_reveals_apple_maps_in_ios_26_could_get_two/,,,"but when will they bring back mini-roundabouts? a type of road junction used in the u.k. ? these used to be in apple maps [but they took these away a few years back]( for no reason whatsoever and now apple maps is terrible in the u.k. now apple maps shows mini roundabouts as a regular junction. which is wrong and dangerous. no a mini roundabout is not the same a regular junction, because the rules about who has priority / right of way are very different. and so they should not be displayed as a regular junction in driving directions. why did you take it away, apple? and why won't you put it right? you still have big roundabouts, but you took away mini roundabouts? why?? *this* is what they need to fix.",experience_complaint,ui_ux_carplay,"but when will they bring back mini-roundabouts? a type of road junction used in the u.k. ? these used to be in apple maps [but they took these away a few years back]( for no reason whatsoever and now apple maps is terrible in the u.k. now apple maps shows mini roundabouts as a regular junction. which is wrong and dangerous. no a mini roundabout is not the same a regular junction, because the rules about who has priority / right of way are very different. and so they should not be displayed as a regular junction in driving directions. why did you take it away, apple? and why won't you put it right? you still have big roundabouts, but you took away mini roundabouts? why?? *this* is what they need to fix.","{'neg': 0.137, 'neu': 0.863, 'pos': 0.0, 'compound': -0.9638}",-0.9638,negative
1lu5ac6,apple,comment,1751920613.0,2025-07-07 15:36:53,https://www.reddit.com/r/apple/comments/1lu5ac6/leak_reveals_apple_maps_in_ios_26_could_get_two/,,,how about optimising software so a notes app doesn’t heat up a phone ? or that my 13mini has the memory of a goldfish it needs to constantly reload apps ?,other,other,how about optimising software so a notes app doesn’t heat up a phone ? or that my 13mini has the memory of a goldfish it needs to constantly reload apps ?,"{'neg': 0.0, 'neu': 0.891, 'pos': 0.109, 'compound': 0.4696}",0.4696,positive
1lu5ac6,apple,comment,1751920613.0,2025-07-07 15:36:53,https://www.reddit.com/r/apple/comments/1lu5ac6/leak_reveals_apple_maps_in_ios_26_could_get_two/,,,all i want is the ability to see how busy a place is. why is that so difficult?,other,search_poi_data,all i want is the ability to see how busy a place is. why is that so difficult?,"{'neg': 0.163, 'neu': 0.655, 'pos': 0.181, 'compound': -0.1633}",-0.1633,neutral
1lu5ac6,apple,comment,1751920613.0,2025-07-07 15:36:53,https://www.reddit.com/r/apple/comments/1lu5ac6/leak_reveals_apple_maps_in_ios_26_could_get_two/,,,doesn't the screen already turn off and on before turns when you turn on low power mode when the screen is locked?,other,ui_ux_carplay,doesn't the screen already turn off and on before turns when you turn on low power mode when the screen is locked?,"{'neg': 0.091, 'neu': 0.909, 'pos': 0.0, 'compound': -0.2732}",-0.2732,negative
1lu5ac6,apple,comment,1751920613.0,2025-07-07 15:36:53,https://www.reddit.com/r/apple/comments/1lu5ac6/leak_reveals_apple_maps_in_ios_26_could_get_two/,,,"i use google maps today but i really want to like apple maps. i really don't like the yelp integration in apple maps, and when i'm searching for places to go i hugely prefer google reviews. until that changes i think i'm stuck on google maps. every time i see an apple maps announcement i hope they're changing something with the reviews.",comparison_discussion,search_poi_data,"i use google maps today but i really want to like apple maps. i really don't like the yelp integration in apple maps, and when i'm searching for places to go i hugely prefer google reviews. until that changes i think i'm stuck on google maps. every time i see an apple maps announcement i hope they're changing something with the reviews.","{'neg': 0.038, 'neu': 0.763, 'pos': 0.199, 'compound': 0.8893}",0.8893,positive
1lu5ac6,apple,comment,1751920613.0,2025-07-07 15:36:53,https://www.reddit.com/r/apple/comments/1lu5ac6/leak_reveals_apple_maps_in_ios_26_could_get_two/,,,"how about multi waypoint walking directions, how is this still not done yet",other,navigation_routing_traffic,"how about multi waypoint walking directions, how is this still not done yet","{'neg': 0.0, 'neu': 1.0, 'pos': 0.0, 'compound': 0.0}",0.0,neutral
1lu5ac6,apple,comment,1751920613.0,2025-07-07 15:36:53,https://www.reddit.com/r/apple/comments/1lu5ac6/leak_reveals_apple_maps_in_ios_26_could_get_two/,,,how about showing how fast you are actually going under the posted speed limit.,experience_praise,other,how about showing how fast you are actually going under the posted speed limit.,"{'neg': 0.0, 'neu': 1.0, 'pos': 0.0, 'compound': 0.0}",0.0,neutral
1lu5ac6,apple,comment,1751920613.0,2025-07-07 15:36:53,https://www.reddit.com/r/apple/comments/1lu5ac6/leak_reveals_apple_maps_in_ios_26_could_get_two/,,,lolololol. only in r/apple would “turning off the screen because the phone gets too hot” be considered a “feature” and we think youre gonna love it how is tim cook still around?,experience_praise,ui_ux_carplay,lolololol. only in r/apple would “turning off the screen because the phone gets too hot” be considered a “feature” and we think youre gonna love it how is tim cook still around?,"{'neg': 0.0, 'neu': 0.877, 'pos': 0.123, 'compound': 0.6369}",0.6369,positive
1lu5ac6,apple,comment,1751920613.0,2025-07-07 15:36:53,https://www.reddit.com/r/apple/comments/1lu5ac6/leak_reveals_apple_maps_in_ios_26_could_get_two/,,,pro tip to avoid the phone getting too hot: don't install ios 26 🤡,other,other,pro tip to avoid the phone getting too hot: don't install ios 26 🤡,"{'neg': 0.155, 'neu': 0.845, 'pos': 0.0, 'compound': -0.296}",-0.296,negative
1lhnim3,apple,post,1750597840.0,2025-06-22 08:10:40,https://www.reddit.com/r/apple/comments/1lhnim3/i_made_a_native_ios_app_fishix_lifetime_promo/,263.0,502.0,"i made a native ios app fishix, lifetime promo codes for free a few months ago, i launched my own fishing app. since then, i’ve made lots of updates and improvements — and now i’d love to share what it’s all about and why i created it. i’m a native ios developer and a lifelong fishing enthusiast. i had some free time and wanted to build another app for my portfolio, but instead of making “just anything,” i decided to work on something i truly enjoy and believe in. the goal was simple: create a clean, modern app that helps you log your catches, plan fishing trips, track weather, and use maps to save spots and memories. it’s built with care and a lot of passion — but there’s still plenty i want to add. next, i’m planning to improve the map (more point types, route saving, etc.) and introduce a gear section where you can save your rods, reels, lines, and even build your own setups to use when planning trips or adding to your fishing log. this isn’t really an ad — it’s more of an open invitation for feedback, advice, rating or even just ideas. if you try the app or have any thoughts, i’d be truly grateful to hear from you. please if you want a lifetime promo code message me or leave comment and upvote, and i will message you in dm! here is a link: thanks for reading!",experience_praise,ui_ux_carplay,"i made a native ios app fishix, lifetime promo codes for free a few months ago, i launched my own fishing app. since then, i’ve made lots of updates and improvements — and now i’d love to share what it’s all about and why i created it. i’m a native ios developer and a lifelong fishing enthusiast. i had some free time and wanted to build another app for my portfolio, but instead of making “just anything,” i decided to work on something i truly enjoy and believe in. the goal was simple: create a clean, modern app that helps you log your catches, plan fishing trips, track weather, and use maps to save spots and memories. it’s built with care and a lot of passion — but there’s still plenty i want to add. next, i’m planning to improve the map (more point types, route saving, etc.) and introduce a gear section where you can save your rods, reels, lines, and even build your own setups to use when planning trips or adding to your fishing log. this isn’t really an ad — it’s more of an open invitation for feedback, advice, rating or even just ideas. if you try the app or have any thoughts, i’d be truly grateful to hear from you. please if you want a lifetime promo code message me or leave comment and upvote, and i will message you in dm! here is a link: thanks for reading!","{'neg': 0.005, 'neu': 0.733, 'pos': 0.262, 'compound': 0.9966}",0.9966,positive
1lhnim3,apple,comment,1750597840.0,2025-06-22 08:10:40,https://www.reddit.com/r/apple/comments/1lhnim3/i_made_a_native_ios_app_fishix_lifetime_promo/,,,this is awesome! thanks so much for making this.,experience_praise,other,this is awesome! thanks so much for making this.,"{'neg': 0.0, 'neu': 0.49, 'pos': 0.51, 'compound': 0.807}",0.807,positive
1lhnim3,apple,comment,1750597840.0,2025-06-22 08:10:40,https://www.reddit.com/r/apple/comments/1lhnim3/i_made_a_native_ios_app_fishix_lifetime_promo/,,,"this is incredibly lucky as i was just trying to parse through the huge amount of apps that are out there for fishing. most of them are bad, most of them are over featured. i don’t need half the stuff in the fishbrain app! would love a code!",experience_complaint,other,"this is incredibly lucky as i was just trying to parse through the huge amount of apps that are out there for fishing. most of them are bad, most of them are over featured. i don’t need half the stuff in the fishbrain app! would love a code!","{'neg': 0.064, 'neu': 0.75, 'pos': 0.186, 'compound': 0.7702}",0.7702,positive
1lhnim3,apple,comment,1750597840.0,2025-06-22 08:10:40,https://www.reddit.com/r/apple/comments/1lhnim3/i_made_a_native_ios_app_fishix_lifetime_promo/,,,"thats seems really useful, thanks for creating!",other,other,"thats seems really useful, thanks for creating!","{'neg': 0.0, 'neu': 0.311, 'pos': 0.689, 'compound': 0.8344}",0.8344,positive
1lhnim3,apple,comment,1750597840.0,2025-06-22 08:10:40,https://www.reddit.com/r/apple/comments/1lhnim3/i_made_a_native_ios_app_fishix_lifetime_promo/,,,"as someone who's recently gotten into fishing, this looks really, really cool and handy.",other,other,"as someone who's recently gotten into fishing, this looks really, really cool and handy.","{'neg': 0.0, 'neu': 0.819, 'pos': 0.181, 'compound': 0.4351}",0.4351,positive
1lhnim3,apple,comment,1750597840.0,2025-06-22 08:10:40,https://www.reddit.com/r/apple/comments/1lhnim3/i_made_a_native_ios_app_fishix_lifetime_promo/,,,would love a code! thank you!,experience_praise,other,would love a code! thank you!,"{'neg': 0.0, 'neu': 0.292, 'pos': 0.708, 'compound': 0.8065}",0.8065,positive
1lhnim3,apple,comment,1750597840.0,2025-06-22 08:10:40,https://www.reddit.com/r/apple/comments/1lhnim3/i_made_a_native_ios_app_fishix_lifetime_promo/,,,that’s hella dope,other,other,that’s hella dope,"{'neg': 0.0, 'neu': 1.0, 'pos': 0.0, 'compound': 0.0}",0.0,neutral
1lhnim3,apple,comment,1750597840.0,2025-06-22 08:10:40,https://www.reddit.com/r/apple/comments/1lhnim3/i_made_a_native_ios_app_fishix_lifetime_promo/,,,"i’d love to check it out, can i get a code? thank you for making this!",experience_praise,other,"i’d love to check it out, can i get a code? thank you for making this!","{'neg': 0.0, 'neu': 0.632, 'pos': 0.368, 'compound': 0.7901}",0.7901,positive
1lhnim3,apple,comment,1750597840.0,2025-06-22 08:10:40,https://www.reddit.com/r/apple/comments/1lhnim3/i_made_a_native_ios_app_fishix_lifetime_promo/,,,the app looks great! i’m just getting back into i’d like a code please. thanks!,experience_praise,other,the app looks great! i’m just getting back into i’d like a code please. thanks!,"{'neg': 0.0, 'neu': 0.447, 'pos': 0.553, 'compound': 0.9078}",0.9078,positive
1lhnim3,apple,comment,1750597840.0,2025-06-22 08:10:40,https://www.reddit.com/r/apple/comments/1lhnim3/i_made_a_native_ios_app_fishix_lifetime_promo/,,,i’d love a promo code! thanks!,experience_praise,other,i’d love a promo code! thanks!,"{'neg': 0.0, 'neu': 0.281, 'pos': 0.719, 'compound': 0.8264}",0.8264,positive
1lhnim3,apple,comment,1750597840.0,2025-06-22 08:10:40,https://www.reddit.com/r/apple/comments/1lhnim3/i_made_a_native_ios_app_fishix_lifetime_promo/,,,very cool!,other,other,very cool!,"{'neg': 0.0, 'neu': 0.257, 'pos': 0.743, 'compound': 0.4376}",0.4376,positive
1lhnim3,apple,comment,1750597840.0,2025-06-22 08:10:40,https://www.reddit.com/r/apple/comments/1lhnim3/i_made_a_native_ios_app_fishix_lifetime_promo/,,,this looks awesome! thanks for the hard work on it. i would love a code as well,experience_praise,other,this looks awesome! thanks for the hard work on it. i would love a code as well,"{'neg': 0.056, 'neu': 0.4, 'pos': 0.544, 'compound': 0.9215}",0.9215,positive
1lhnim3,apple,comment,1750597840.0,2025-06-22 08:10:40,https://www.reddit.com/r/apple/comments/1lhnim3/i_made_a_native_ios_app_fishix_lifetime_promo/,,,would love a promo code for a friend and i if thats possible. amateur fishers here where theres barely any fish but been consistent thank you!,experience_praise,other,would love a promo code for a friend and i if thats possible. amateur fishers here where theres barely any fish but been consistent thank you!,"{'neg': 0.0, 'neu': 0.708, 'pos': 0.292, 'compound': 0.8043}",0.8043,positive
1lhnim3,apple,comment,1750597840.0,2025-06-22 08:10:40,https://www.reddit.com/r/apple/comments/1lhnim3/i_made_a_native_ios_app_fishix_lifetime_promo/,,,"looked around, no need for code i upgraded to lifetime. $7.99 no prob.",other,other,"looked around, no need for code i upgraded to lifetime. $7.99 no prob.","{'neg': 0.306, 'neu': 0.694, 'pos': 0.0, 'compound': -0.5267}",-0.5267,negative
1lhnim3,apple,comment,1750597840.0,2025-06-22 08:10:40,https://www.reddit.com/r/apple/comments/1lhnim3/i_made_a_native_ios_app_fishix_lifetime_promo/,,,"the app looks great, really happy to see you getting so much recognition :)",experience_praise,other,"the app looks great, really happy to see you getting so much recognition :)","{'neg': 0.0, 'neu': 0.492, 'pos': 0.508, 'compound': 0.9073}",0.9073,positive
1lhnim3,apple,comment,1750597840.0,2025-06-22 08:10:40,https://www.reddit.com/r/apple/comments/1lhnim3/i_made_a_native_ios_app_fishix_lifetime_promo/,,,“data not collected” good job,other,other,“data not collected” good job,"{'neg': 0.376, 'neu': 0.624, 'pos': 0.0, 'compound': -0.3412}",-0.3412,negative
1lhnim3,apple,comment,1750597840.0,2025-06-22 08:10:40,https://www.reddit.com/r/apple/comments/1lhnim3/i_made_a_native_ios_app_fishix_lifetime_promo/,,,would love a code,experience_praise,other,would love a code,"{'neg': 0.0, 'neu': 0.323, 'pos': 0.677, 'compound': 0.6369}",0.6369,positive
1lhnim3,apple,comment,1750597840.0,2025-06-22 08:10:40,https://www.reddit.com/r/apple/comments/1lhnim3/i_made_a_native_ios_app_fishix_lifetime_promo/,,,this looks great i’d love a code,experience_praise,other,this looks great i’d love a code,"{'neg': 0.0, 'neu': 0.325, 'pos': 0.675, 'compound': 0.8519}",0.8519,positive
1lhnim3,apple,comment,1750597840.0,2025-06-22 08:10:40,https://www.reddit.com/r/apple/comments/1lhnim3/i_made_a_native_ios_app_fishix_lifetime_promo/,,,would love a code. great looking app. thanks!,experience_praise,other,would love a code. great looking app. thanks!,"{'neg': 0.0, 'neu': 0.258, 'pos': 0.742, 'compound': 0.9098}",0.9098,positive
1lhnim3,apple,comment,1750597840.0,2025-06-22 08:10:40,https://www.reddit.com/r/apple/comments/1lhnim3/i_made_a_native_ios_app_fishix_lifetime_promo/,,,my son and his grandpa would love this!,experience_praise,other,my son and his grandpa would love this!,"{'neg': 0.0, 'neu': 0.609, 'pos': 0.391, 'compound': 0.6696}",0.6696,positive
1lhnim3,apple,comment,1750597840.0,2025-06-22 08:10:40,https://www.reddit.com/r/apple/comments/1lhnim3/i_made_a_native_ios_app_fishix_lifetime_promo/,,,"just loved to a big fishing area, would love access!",experience_praise,other,"just loved to a big fishing area, would love access!","{'neg': 0.0, 'neu': 0.455, 'pos': 0.545, 'compound': 0.8553}",0.8553,positive
1lhnim3,apple,comment,1750597840.0,2025-06-22 08:10:40,https://www.reddit.com/r/apple/comments/1lhnim3/i_made_a_native_ios_app_fishix_lifetime_promo/,,,would love a code please,experience_praise,other,would love a code please,"{'neg': 0.0, 'neu': 0.235, 'pos': 0.765, 'compound': 0.7579}",0.7579,positive
1lhnim3,apple,comment,1750597840.0,2025-06-22 08:10:40,https://www.reddit.com/r/apple/comments/1lhnim3/i_made_a_native_ios_app_fishix_lifetime_promo/,,,i would love a code my brother loves fishing and i want to get into it with him,experience_praise,other,i would love a code my brother loves fishing and i want to get into it with him,"{'neg': 0.0, 'neu': 0.566, 'pos': 0.434, 'compound': 0.8481}",0.8481,positive
1lhnim3,apple,comment,1750597840.0,2025-06-22 08:10:40,https://www.reddit.com/r/apple/comments/1lhnim3/i_made_a_native_ios_app_fishix_lifetime_promo/,,,is it us only or does europe works too? if its the latter id love a code.,experience_praise,other,is it us only or does europe works too? if its the latter id love a code.,"{'neg': 0.0, 'neu': 0.781, 'pos': 0.219, 'compound': 0.6369}",0.6369,positive
1lhnim3,apple,comment,1750597840.0,2025-06-22 08:10:40,https://www.reddit.com/r/apple/comments/1lhnim3/i_made_a_native_ios_app_fishix_lifetime_promo/,,,would love a code. going fishing with my dad next week,experience_praise,other,would love a code. going fishing with my dad next week,"{'neg': 0.0, 'neu': 0.682, 'pos': 0.318, 'compound': 0.6369}",0.6369,positive
1lhnim3,apple,comment,1750597840.0,2025-06-22 08:10:40,https://www.reddit.com/r/apple/comments/1lhnim3/i_made_a_native_ios_app_fishix_lifetime_promo/,,,"your app looks terrific. i love how once you’re in it’s its own space. it does not loom like other apps i use, in the best way possible. would love a code to unlock the pro features!",experience_praise,other,"your app looks terrific. i love how once you’re in it’s its own space. it does not loom like other apps i use, in the best way possible. would love a code to unlock the pro features!","{'neg': 0.044, 'neu': 0.586, 'pos': 0.37, 'compound': 0.9481}",0.9481,positive
1lhnim3,apple,comment,1750597840.0,2025-06-22 08:10:40,https://www.reddit.com/r/apple/comments/1lhnim3/i_made_a_native_ios_app_fishix_lifetime_promo/,,,hey u/sufficient_trade895 the app looks like you put alot effort into it. i’m eager to try it out. would be really happy if you would send a code.,experience_praise,other,hey u/sufficient_trade895 the app looks like you put alot effort into it. i’m eager to try it out. would be really happy if you would send a code.,"{'neg': 0.0, 'neu': 0.727, 'pos': 0.273, 'compound': 0.8399}",0.8399,positive
1lhnim3,apple,comment,1750597840.0,2025-06-22 08:10:40,https://www.reddit.com/r/apple/comments/1lhnim3/i_made_a_native_ios_app_fishix_lifetime_promo/,,,could i get a lifetime code please? thanks!,other,other,could i get a lifetime code please? thanks!,"{'neg': 0.0, 'neu': 0.421, 'pos': 0.579, 'compound': 0.6696}",0.6696,positive
1lhnim3,apple,comment,1750597840.0,2025-06-22 08:10:40,https://www.reddit.com/r/apple/comments/1lhnim3/i_made_a_native_ios_app_fishix_lifetime_promo/,,,would love the code. i’ll check it out,experience_praise,other,would love the code. i’ll check it out,"{'neg': 0.0, 'neu': 0.625, 'pos': 0.375, 'compound': 0.6369}",0.6369,positive
1lhnim3,apple,comment,1750597840.0,2025-06-22 08:10:40,https://www.reddit.com/r/apple/comments/1lhnim3/i_made_a_native_ios_app_fishix_lifetime_promo/,,,just downloaded it and it looks great. i would love a code!,experience_praise,other,just downloaded it and it looks great. i would love a code!,"{'neg': 0.0, 'neu': 0.482, 'pos': 0.518, 'compound': 0.8622}",0.8622,positive
1lhnim3,apple,comment,1750597840.0,2025-06-22 08:10:40,https://www.reddit.com/r/apple/comments/1lhnim3/i_made_a_native_ios_app_fishix_lifetime_promo/,,,i’d love to try this,experience_praise,other,i’d love to try this,"{'neg': 0.0, 'neu': 0.488, 'pos': 0.512, 'compound': 0.6369}",0.6369,positive
1lhnim3,apple,comment,1750597840.0,2025-06-22 08:10:40,https://www.reddit.com/r/apple/comments/1lhnim3/i_made_a_native_ios_app_fishix_lifetime_promo/,,,i'll take a code if you're still offering them. :),other,other,i'll take a code if you're still offering them. :),"{'neg': 0.0, 'neu': 0.727, 'pos': 0.273, 'compound': 0.4588}",0.4588,positive
1lhnim3,apple,comment,1750597840.0,2025-06-22 08:10:40,https://www.reddit.com/r/apple/comments/1lhnim3/i_made_a_native_ios_app_fishix_lifetime_promo/,,,i’m not that into fishing but the app design is beautiful,other,ui_ux_carplay,i’m not that into fishing but the app design is beautiful,"{'neg': 0.0, 'neu': 0.651, 'pos': 0.349, 'compound': 0.7469}",0.7469,positive
1lhnim3,apple,comment,1750597840.0,2025-06-22 08:10:40,https://www.reddit.com/r/apple/comments/1lhnim3/i_made_a_native_ios_app_fishix_lifetime_promo/,,,"i have a friend that would love this app ! if you have a code, i can pass it on to them.",experience_praise,other,"i have a friend that would love this app ! if you have a code, i can pass it on to them.","{'neg': 0.0, 'neu': 0.661, 'pos': 0.339, 'compound': 0.8268}",0.8268,positive
1lhnim3,apple,comment,1750597840.0,2025-06-22 08:10:40,https://www.reddit.com/r/apple/comments/1lhnim3/i_made_a_native_ios_app_fishix_lifetime_promo/,,,would love a code. just started fishing with my son.,experience_praise,other,would love a code. just started fishing with my son.,"{'neg': 0.0, 'neu': 0.656, 'pos': 0.344, 'compound': 0.6369}",0.6369,positive
1lhnim3,apple,comment,1750597840.0,2025-06-22 08:10:40,https://www.reddit.com/r/apple/comments/1lhnim3/i_made_a_native_ios_app_fishix_lifetime_promo/,,,awesome app! would love a code!,experience_praise,other,awesome app! would love a code!,"{'neg': 0.0, 'neu': 0.252, 'pos': 0.748, 'compound': 0.8715}",0.8715,positive
1lhnim3,apple,comment,1750597840.0,2025-06-22 08:10:40,https://www.reddit.com/r/apple/comments/1lhnim3/i_made_a_native_ios_app_fishix_lifetime_promo/,,,"great app, just what i needed. would love a code please. thanks!",experience_praise,other,"great app, just what i needed. would love a code please. thanks!","{'neg': 0.0, 'neu': 0.303, 'pos': 0.697, 'compound': 0.9299}",0.9299,positive
1lhnim3,apple,comment,1750597840.0,2025-06-22 08:10:40,https://www.reddit.com/r/apple/comments/1lhnim3/i_made_a_native_ios_app_fishix_lifetime_promo/,,,i’d love a promo code,experience_praise,other,i’d love a promo code,"{'neg': 0.0, 'neu': 0.417, 'pos': 0.583, 'compound': 0.6369}",0.6369,positive
1lhnim3,apple,comment,1750597840.0,2025-06-22 08:10:40,https://www.reddit.com/r/apple/comments/1lhnim3/i_made_a_native_ios_app_fishix_lifetime_promo/,,,nice app! would love a code!,experience_praise,other,nice app! would love a code!,"{'neg': 0.0, 'neu': 0.283, 'pos': 0.717, 'compound': 0.8217}",0.8217,positive
1lhnim3,apple,comment,1750597840.0,2025-06-22 08:10:40,https://www.reddit.com/r/apple/comments/1lhnim3/i_made_a_native_ios_app_fishix_lifetime_promo/,,,definitely interested for when i start to take my little ones fishing!,other,other,definitely interested for when i start to take my little ones fishing!,"{'neg': 0.0, 'neu': 0.613, 'pos': 0.387, 'compound': 0.69}",0.69,positive
1lhnim3,apple,comment,1750597840.0,2025-06-22 08:10:40,https://www.reddit.com/r/apple/comments/1lhnim3/i_made_a_native_ios_app_fishix_lifetime_promo/,,,i would love to give it a try. thanks for free code,experience_praise,other,i would love to give it a try. thanks for free code,"{'neg': 0.0, 'neu': 0.402, 'pos': 0.598, 'compound': 0.886}",0.886,positive
1lhnim3,apple,comment,1750597840.0,2025-06-22 08:10:40,https://www.reddit.com/r/apple/comments/1lhnim3/i_made_a_native_ios_app_fishix_lifetime_promo/,,,if u can i would love to get a code for the app,experience_praise,other,if u can i would love to get a code for the app,"{'neg': 0.0, 'neu': 0.682, 'pos': 0.318, 'compound': 0.6369}",0.6369,positive
1lhnim3,apple,comment,1750597840.0,2025-06-22 08:10:40,https://www.reddit.com/r/apple/comments/1lhnim3/i_made_a_native_ios_app_fishix_lifetime_promo/,,,just got into fishing recently and i’d love a promo code if they are still available. i love testing new software!,experience_praise,other,just got into fishing recently and i’d love a promo code if they are still available. i love testing new software!,"{'neg': 0.0, 'neu': 0.662, 'pos': 0.338, 'compound': 0.8655}",0.8655,positive
1lhnim3,apple,comment,1750597840.0,2025-06-22 08:10:40,https://www.reddit.com/r/apple/comments/1lhnim3/i_made_a_native_ios_app_fishix_lifetime_promo/,,,"this is awesome, installing now! would love a code :-)",experience_praise,other,"this is awesome, installing now! would love a code :-)","{'neg': 0.0, 'neu': 0.355, 'pos': 0.645, 'compound': 0.8977}",0.8977,positive
1lhnim3,apple,comment,1750597840.0,2025-06-22 08:10:40,https://www.reddit.com/r/apple/comments/1lhnim3/i_made_a_native_ios_app_fishix_lifetime_promo/,,,i’d love a code too!,experience_praise,other,i’d love a code too!,"{'neg': 0.0, 'neu': 0.4, 'pos': 0.6, 'compound': 0.6696}",0.6696,positive
1lhnim3,apple,comment,1750597840.0,2025-06-22 08:10:40,https://www.reddit.com/r/apple/comments/1lhnim3/i_made_a_native_ios_app_fishix_lifetime_promo/,,,i would absolutely love a code please,experience_praise,other,i would absolutely love a code please,"{'neg': 0.0, 'neu': 0.298, 'pos': 0.702, 'compound': 0.7939}",0.7939,positive
1lhnim3,apple,comment,1750597840.0,2025-06-22 08:10:40,https://www.reddit.com/r/apple/comments/1lhnim3/i_made_a_native_ios_app_fishix_lifetime_promo/,,,i would be happy to give it a shot especially if there are still codes available! sounds like a great app. thank you!,experience_praise,other,i would be happy to give it a shot especially if there are still codes available! sounds like a great app. thank you!,"{'neg': 0.0, 'neu': 0.545, 'pos': 0.455, 'compound': 0.9244}",0.9244,positive
1lhnim3,apple,comment,1750597840.0,2025-06-22 08:10:40,https://www.reddit.com/r/apple/comments/1lhnim3/i_made_a_native_ios_app_fishix_lifetime_promo/,,,would love to try it out!,experience_praise,other,would love to try it out!,"{'neg': 0.0, 'neu': 0.527, 'pos': 0.473, 'compound': 0.6696}",0.6696,positive
1lhnim3,apple,comment,1750597840.0,2025-06-22 08:10:40,https://www.reddit.com/r/apple/comments/1lhnim3/i_made_a_native_ios_app_fishix_lifetime_promo/,,,interested so much. thank you!,other,other,interested so much. thank you!,"{'neg': 0.0, 'neu': 0.342, 'pos': 0.658, 'compound': 0.6975}",0.6975,positive
1lhnim3,apple,comment,1750597840.0,2025-06-22 08:10:40,https://www.reddit.com/r/apple/comments/1lhnim3/i_made_a_native_ios_app_fishix_lifetime_promo/,,,very nice! i’d like a promo!,experience_praise,other,very nice! i’d like a promo!,"{'neg': 0.0, 'neu': 0.318, 'pos': 0.682, 'compound': 0.7536}",0.7536,positive
1lhnim3,apple,comment,1750597840.0,2025-06-22 08:10:40,https://www.reddit.com/r/apple/comments/1lhnim3/i_made_a_native_ios_app_fishix_lifetime_promo/,,,would love a code. thanks for making this! i have been looking for a quality fishing app.,experience_praise,other,would love a code. thanks for making this! i have been looking for a quality fishing app.,"{'neg': 0.0, 'neu': 0.619, 'pos': 0.381, 'compound': 0.8122}",0.8122,positive
1kmqbgm,apple,post,1747256233.0,2025-05-14 15:57:13,https://www.reddit.com/r/apple/comments/1kmqbgm/apple_introduces_ratings_and_reviews_from/,732.0,55.0,"apple introduces ratings and reviews from michelin, the infatuation, opentable, and others to apple maps",other,reviews_photos_local,"apple introduces ratings and reviews from michelin, the infatuation, opentable, and others to apple maps","{'neg': 0.0, 'neu': 0.897, 'pos': 0.103, 'compound': 0.1531}",0.1531,neutral
1kmqbgm,apple,comment,1747256233.0,2025-05-14 15:57:13,https://www.reddit.com/r/apple/comments/1kmqbgm/apple_introduces_ratings_and_reviews_from/,,,"finally some decent alternatives to the yelp reviews they’ve had for years! a little disappointed that they aren’t using an in house review system (outside of their thumbs up/thumbs down reviews, which provide zero context), but this sure beats yelp",other,search_poi_data,"finally some decent alternatives to the yelp reviews they’ve had for years! a little disappointed that they aren’t using an in house review system (outside of their thumbs up/thumbs down reviews, which provide zero context), but this sure beats yelp","{'neg': 0.045, 'neu': 0.868, 'pos': 0.087, 'compound': 0.4265}",0.4265,positive
1kmqbgm,apple,comment,1747256233.0,2025-05-14 15:57:13,https://www.reddit.com/r/apple/comments/1kmqbgm/apple_introduces_ratings_and_reviews_from/,,,"the apps aren’t required; for example, the michelin guide integration gives you pictures (which are sourced from the michelin guide and others) and a paragraph or two along with a find out more link which takes you to the michelin guide website for that hotel or restaurant you were viewing in the maps app.",other,ui_ux_carplay,"the apps aren’t required; for example, the michelin guide integration gives you pictures (which are sourced from the michelin guide and others) and a paragraph or two along with a find out more link which takes you to the michelin guide website for that hotel or restaurant you were viewing in the maps app.","{'neg': 0.0, 'neu': 1.0, 'pos': 0.0, 'compound': 0.0}",0.0,neutral
1kmqbgm,apple,comment,1747256233.0,2025-05-14 15:57:13,https://www.reddit.com/r/apple/comments/1kmqbgm/apple_introduces_ratings_and_reviews_from/,,,"do we have to download the apps to actually see anything valuable? i stayed with google maps because i can read reviews, see menus, images, etc... all within the app easily. having to download yelp to see more than 2 images is the most annoying thing ever.",comparison_discussion,ui_ux_carplay,"do we have to download the apps to actually see anything valuable? i stayed with google maps because i can read reviews, see menus, images, etc... all within the app easily. having to download yelp to see more than 2 images is the most annoying thing ever.","{'neg': 0.06, 'neu': 0.828, 'pos': 0.111, 'compound': 0.3626}",0.3626,positive
1kmqbgm,apple,comment,1747256233.0,2025-05-14 15:57:13,https://www.reddit.com/r/apple/comments/1kmqbgm/apple_introduces_ratings_and_reviews_from/,,,"not sure why opentable is in the submitted headline as it isn’t mentioned anywhere in the article and apple maps has had opentable ratings forever. that being said, i wish apple would just pick a rating system and be consistent with it. i know they’re trying to get their thumbs up system going but it’s taking forever and in the meantime any restaurant you look at might show a rating from apple, yelp, opentable, or sometimes even tripadvisor. makes it impossible to compare restaurants when you’re juggling four different rating systems. for my money i’ve never had any problems relying on yelp’s ratings. 3.5 and below is off limits, 4 is a toss-up, and 4.5+ is always reliable.",feature_request,reviews_photos_local,"not sure why opentable is in the submitted headline as it isn’t mentioned anywhere in the article and apple maps has had opentable ratings forever. that being said, i wish apple would just pick a rating system and be consistent with it. i know they’re trying to get their thumbs up system going but it’s taking forever and in the meantime any restaurant you look at might show a rating from apple, yelp, opentable, or sometimes even tripadvisor. makes it impossible to compare restaurants when you’re juggling four different rating systems. for my money i’ve never had any problems relying on yelp’s ratings. 3.5 and below is off limits, 4 is a toss-up, and 4.5+ is always reliable.","{'neg': 0.013, 'neu': 0.946, 'pos': 0.041, 'compound': 0.5033}",0.5033,positive
1kmqbgm,apple,comment,1747256233.0,2025-05-14 15:57:13,https://www.reddit.com/r/apple/comments/1kmqbgm/apple_introduces_ratings_and_reviews_from/,,,sweet - i’m a fan of the infatuation,other,other,sweet - i’m a fan of the infatuation,"{'neg': 0.0, 'neu': 0.303, 'pos': 0.697, 'compound': 0.7096}",0.7096,positive
1kmqbgm,apple,comment,1747256233.0,2025-05-14 15:57:13,https://www.reddit.com/r/apple/comments/1kmqbgm/apple_introduces_ratings_and_reviews_from/,,,why not get a decent god damn review system for apple maps users,other,other,why not get a decent god damn review system for apple maps users,"{'neg': 0.311, 'neu': 0.689, 'pos': 0.0, 'compound': -0.5445}",-0.5445,negative
1kmqbgm,apple,comment,1747256233.0,2025-05-14 15:57:13,https://www.reddit.com/r/apple/comments/1kmqbgm/apple_introduces_ratings_and_reviews_from/,,,woah!!!! i don’t think yall realize how huge this is for maps!!! finally apple!!!,other,other,woah!!!! i don’t think yall realize how huge this is for maps!!! finally apple!!!,"{'neg': 0.0, 'neu': 0.776, 'pos': 0.224, 'compound': 0.5374}",0.5374,positive
1kmqbgm,apple,comment,1747256233.0,2025-05-14 15:57:13,https://www.reddit.com/r/apple/comments/1kmqbgm/apple_introduces_ratings_and_reviews_from/,,,"what amazes me the most is the lack of opportunity with this if you take a look at google you will see infinite reviews street views across the entire world and basically a more comprehensive mapping solution of course it’s not perfect. nothing is perfect so no point in mentioning that. but apple have missed a number of tricks here they are behind very behind their reviews seem to rely upon yelp which is hugely under respected and in all honesty nobody really uses or trusts it, then you have other ways to review of course dependent upon the country you’re in what apple have failed to do is release bespoke universal review systems to compete with google. they have also forgotten to release imagery for street views of most of the countries around the world. i question this with tim cook via an email and i got a response saying they’re not at liberty to disclose future locations. it seems to me like this company are mixed up in bureaucratic problems created by themselves",bug_report,search_poi_data,"what amazes me the most is the lack of opportunity with this if you take a look at google you will see infinite reviews street views across the entire world and basically a more comprehensive mapping solution of course it’s not perfect. nothing is perfect so no point in mentioning that. but apple have missed a number of tricks here they are behind very behind their reviews seem to rely upon yelp which is hugely under respected and in all honesty nobody really uses or trusts it, then you have other ways to review of course dependent upon the country you’re in what apple have failed to do is release bespoke universal review systems to compete with google. they have also forgotten to release imagery for street views of most of the countries around the world. i question this with tim cook via an email and i got a response saying they’re not at liberty to disclose future locations. it seems to me like this company are mixed up in bureaucratic problems created by themselves","{'neg': 0.129, 'neu': 0.733, 'pos': 0.138, 'compound': 0.4146}",0.4146,positive
1kmqbgm,apple,comment,1747256233.0,2025-05-14 15:57:13,https://www.reddit.com/r/apple/comments/1kmqbgm/apple_introduces_ratings_and_reviews_from/,,,all ratings will still be between 3.3 and 4.7,other,reviews_photos_local,all ratings will still be between 3.3 and 4.7,"{'neg': 0.0, 'neu': 1.0, 'pos': 0.0, 'compound': 0.0}",0.0,neutral
1kmqbgm,apple,comment,1747256233.0,2025-05-14 15:57:13,https://www.reddit.com/r/apple/comments/1kmqbgm/apple_introduces_ratings_and_reviews_from/,,,need tabelog,other,other,need tabelog,"{'neg': 0.0, 'neu': 1.0, 'pos': 0.0, 'compound': 0.0}",0.0,neutral
1kmqbgm,apple,comment,1747256233.0,2025-05-14 15:57:13,https://www.reddit.com/r/apple/comments/1kmqbgm/apple_introduces_ratings_and_reviews_from/,,,"good. now can you fix the navigation bug where i choose my preferred route over the default route, get rerouted in the parking lot, then it goes back to the default route? happens all the time and it’s super annoying.",bug_report,navigation_routing_traffic,"good. now can you fix the navigation bug where i choose my preferred route over the default route, get rerouted in the parking lot, then it goes back to the default route? happens all the time and it’s super annoying.","{'neg': 0.059, 'neu': 0.791, 'pos': 0.149, 'compound': 0.6249}",0.6249,positive
1kmqbgm,apple,comment,1747256233.0,2025-05-14 15:57:13,https://www.reddit.com/r/apple/comments/1kmqbgm/apple_introduces_ratings_and_reviews_from/,,,"still, apple maps sucks.",other,other,"still, apple maps sucks.","{'neg': 0.455, 'neu': 0.545, 'pos': 0.0, 'compound': -0.3612}",-0.3612,negative
1kmqbgm,apple,comment,1747256233.0,2025-05-14 15:57:13,https://www.reddit.com/r/apple/comments/1kmqbgm/apple_introduces_ratings_and_reviews_from/,,,"great, more apps i have to download to read any of the reviews",experience_praise,reviews_photos_local,"great, more apps i have to download to read any of the reviews","{'neg': 0.0, 'neu': 0.728, 'pos': 0.272, 'compound': 0.6249}",0.6249,positive
1kmqbgm,apple,comment,1747256233.0,2025-05-14 15:57:13,https://www.reddit.com/r/apple/comments/1kmqbgm/apple_introduces_ratings_and_reviews_from/,,,great. but dont trust michelin tho. it's way overrated.,experience_praise,other,great. but dont trust michelin tho. it's way overrated.,"{'neg': 0.271, 'neu': 0.534, 'pos': 0.195, 'compound': -0.2507}",-0.2507,negative
1kmqbgm,apple,comment,1747256233.0,2025-05-14 15:57:13,https://www.reddit.com/r/apple/comments/1kmqbgm/apple_introduces_ratings_and_reviews_from/,,,mostly targeted at the rich i see. # but some additions that will be useful to most people. so that is nice to have more options.,other,other,mostly targeted at the rich i see. # but some additions that will be useful to most people. so that is nice to have more options.,"{'neg': 0.0, 'neu': 0.672, 'pos': 0.328, 'compound': 0.8819}",0.8819,positive
1kmnwbn,apple,post,1747250336.0,2025-05-14 14:18:56,https://www.reddit.com/r/apple/comments/1kmnwbn/apple_maps_now_features_insights_from_expert/,197.0,20.0,apple maps now features insights from 'expert sources' like michelin guide,experience_praise,ui_ux_carplay,apple maps now features insights from 'expert sources' like michelin guide,"{'neg': 0.0, 'neu': 0.8, 'pos': 0.2, 'compound': 0.3612}",0.3612,positive
1kmnwbn,apple,comment,1747250336.0,2025-05-14 14:18:56,https://www.reddit.com/r/apple/comments/1kmnwbn/apple_maps_now_features_insights_from_expert/,,,something nobody asked for. how about in-app reviews instead of using yelp?,other,reviews_photos_local,something nobody asked for. how about in-app reviews instead of using yelp?,"{'neg': 0.0, 'neu': 1.0, 'pos': 0.0, 'compound': 0.0}",0.0,neutral
1kmnwbn,apple,comment,1747250336.0,2025-05-14 14:18:56,https://www.reddit.com/r/apple/comments/1kmnwbn/apple_maps_now_features_insights_from_expert/,,,us only of course lol,other,other,us only of course lol,"{'neg': 0.0, 'neu': 0.588, 'pos': 0.412, 'compound': 0.4215}",0.4215,positive
1kmnwbn,apple,comment,1747250336.0,2025-05-14 14:18:56,https://www.reddit.com/r/apple/comments/1kmnwbn/apple_maps_now_features_insights_from_expert/,,,how about expanding navigation service to more countries? seems like services are created for the us only,experience_praise,navigation_routing_traffic,how about expanding navigation service to more countries? seems like services are created for the us only,"{'neg': 0.0, 'neu': 0.759, 'pos': 0.241, 'compound': 0.5809}",0.5809,positive
1q0lavq,applemaps,post,1767209298.0,2025-12-31 13:28:18,https://www.reddit.com/r/applemaps/comments/1q0lavq/2025_apple_maps_overview/,40.0,4.0,"2025 apple maps overview **new map data** apple has resumed the publication of new map data, which was halted in 2024, with two expansions covering two countries each. unfortunately, thailand still lacks complete look around coverage, and mexico has only partial coverage, highlighting the challenges posed by the vastness of both countries. currently, 36 countries have access to the new map data, and 22 others are expected to receive it. **detailed city experience (dce)** apple has added six cities to the dce: new orleans, stockholm, copenhagen, monaco, singapore, and kansas city. while this marks an improvement over 2024, it still falls short compared to previous years. among these six cities, two are micro-states (monaco and singapore). the newly added cities are characterized by their many colorful buildings, though monaco and new orleans are below average in this regard. additionally, a few colorful buildings have been added in berlin, london, and singapore. in total, 34 cities now feature the dce. **new surveyed countries** apple has begun surveying five new countries in europe: bosnia and herzegovina, montenegro, north macedonia, kosovo, and albania. this is in line with average numbers, bringing the total of surveyed countries to 58. **turn-by-turn feature** the turn-by-turn feature has been rolled out in 15 countries in central and south america, representing one of the most significant updates in recent years. apple has regained a more regular update rhythm, though it remains below average. furthermore, the company is updating its look around images more quickly and has added flyover to many cities worldwide.",comparison_discussion,ui_ux_carplay,"2025 apple maps overview **new map data** apple has resumed the publication of new map data, which was halted in 2024, with two expansions covering two countries each. unfortunately, thailand still lacks complete look around coverage, and mexico has only partial coverage, highlighting the challenges posed by the vastness of both countries. currently, 36 countries have access to the new map data, and 22 others are expected to receive it. **detailed city experience (dce)** apple has added six cities to the dce: new orleans, stockholm, copenhagen, monaco, singapore, and kansas city. while this marks an improvement over 2024, it still falls short compared to previous years. among these six cities, two are micro-states (monaco and singapore). the newly added cities are characterized by their many colorful buildings, though monaco and new orleans are below average in this regard. additionally, a few colorful buildings have been added in berlin, london, and singapore. in total, 34 cities now feature the dce. **new surveyed countries** apple has begun surveying five new countries in europe: bosnia and herzegovina, montenegro, north macedonia, kosovo, and albania. this is in line with average numbers, bringing the total of surveyed countries to 58. **turn-by-turn feature** the turn-by-turn feature has been rolled out in 15 countries in central and south america, representing one of the most significant updates in recent years. apple has regained a more regular update rhythm, though it remains below average. furthermore, the company is updating its look around images more quickly and has added flyover to many cities worldwide.","{'neg': 0.009, 'neu': 0.966, 'pos': 0.025, 'compound': 0.4576}",0.4576,positive
1q0lavq,applemaps,comment,1767209298.0,2025-12-31 13:28:18,https://www.reddit.com/r/applemaps/comments/1q0lavq/2025_apple_maps_overview/,,,"thank you for all your work on this sub, benni!",other,other,"thank you for all your work on this sub, benni!","{'neg': 0.0, 'neu': 0.763, 'pos': 0.237, 'compound': 0.4199}",0.4199,positive
1q0lavq,applemaps,comment,1767209298.0,2025-12-31 13:28:18,https://www.reddit.com/r/applemaps/comments/1q0lavq/2025_apple_maps_overview/,,,"in terms of dce, milan (and hopefully by extension rome and naples) should hopefully get dce this year. i'm not sure about guadalajara and mexico city since apple seems to be hesitant about adding any new flyovers there, but they seem to have an easier job getting government approval to do dce updates than flyover. we should also see some dart-throw adds in europe and america - brussels, helsinki, zurich, minneapolis, phoenix, etc. also hoping to see some new surveyed countries next year, especially chile and argentina. here's to a great 2026 for maps!",policy_discussion,policy_strategy,"in terms of dce, milan (and hopefully by extension rome and naples) should hopefully get dce this year. i'm not sure about guadalajara and mexico city since apple seems to be hesitant about adding any new flyovers there, but they seem to have an easier job getting government approval to do dce updates than flyover. we should also see some dart-throw adds in europe and america - brussels, helsinki, zurich, minneapolis, phoenix, etc. also hoping to see some new surveyed countries next year, especially chile and argentina. here's to a great 2026 for maps!","{'neg': 0.028, 'neu': 0.777, 'pos': 0.196, 'compound': 0.9648}",0.9648,positive
1q0kpy0,applemaps,post,1767207767.0,2025-12-31 13:02:47,https://www.reddit.com/r/applemaps/comments/1q0kpy0/anyones_apple_maps_down/,0.0,3.0,anyone’s apple maps down? anyone’s apple maps down? in the nyc area. possible due to nye.,other,other,anyone’s apple maps down? anyone’s apple maps down? in the nyc area. possible due to nye.,"{'neg': 0.0, 'neu': 1.0, 'pos': 0.0, 'compound': 0.0}",0.0,neutral
1q0kpy0,applemaps,comment,1767207767.0,2025-12-31 13:02:47,https://www.reddit.com/r/applemaps/comments/1q0kpy0/anyones_apple_maps_down/,,,working for me in the midwest.,other,other,working for me in the midwest.,"{'neg': 0.0, 'neu': 1.0, 'pos': 0.0, 'compound': 0.0}",0.0,neutral
1q0kpy0,applemaps,comment,1767207767.0,2025-12-31 13:02:47,https://www.reddit.com/r/applemaps/comments/1q0kpy0/anyones_apple_maps_down/,,,i’m in midtown and apple maps are working for me.,other,other,i’m in midtown and apple maps are working for me.,"{'neg': 0.0, 'neu': 1.0, 'pos': 0.0, 'compound': 0.0}",0.0,neutral
1q0kpy0,applemaps,comment,1767207767.0,2025-12-31 13:02:47,https://www.reddit.com/r/applemaps/comments/1q0kpy0/anyones_apple_maps_down/,,,working fine in australia.,other,other,working fine in australia.,"{'neg': 0.0, 'neu': 0.625, 'pos': 0.375, 'compound': 0.2023}",0.2023,positive
1pzz7mr,applemaps,post,1767142453.0,2025-12-30 18:54:13,https://www.reddit.com/r/applemaps/comments/1pzz7mr/apple_maps_intermittently_breaks_home_screen/,3.0,14.0,"apple maps intermittently breaks home screen rendering and in-app touch interaction on ios 26.2 tl;dr: apple maps intermittently causes my iphone’s home screen icons to disappear and breaks in-app touch interaction across the system until i force quit maps and lock and unlock the phone. hi all, i’m hoping to sanity check this with others and get help describing it clearly so apple will take it seriously. i’m tech savvy but not a software engineer. i’m experiencing an intermittent issue where apple maps causes a system-level ui and interaction failure on my iphone. the phone is not completely frozen, but home screen rendering becomes partially broken and touch interaction inside apps stops functioning properly. this phone is essentially brand new. i got it at the beginning of december, and since then this issue has probably occurred close to 50 times. it happens almost every time i use apple maps, and often multiple times within the span of a single drive, even though each occurrence requires force quitting the app and restarting navigation. device details: - iphone 17 - ios 26.2 (latest public release, not beta) - plenty of free storage - hardware diagnostics run by apple support, all clean - cell carrier: xfinity mobile this issue has occurred while on cellular data and while connected to wi-fi. i have not noticed any correlation with a specific location, route, or area. it has happened in multiple different locations and under different network conditions. i am not using carplay when this occurs. i have not been able to test this phone with carplay yet due to an issue with my car’s carplay system. accessibility settings: - assistivetouch enabled (floating dot), used for locking the phone, taking screenshots, and toggling portrait and landscape orientation - back tap enabled i’m not sure if battery level plays a role. the phone is relatively new, and when this happens the battery is typically well above 30 percent and often closer to 80 or 100 percent. i have noticed that it usually happens when the phone is not plugged into a charger, though i can’t say for certain whether that’s a contributing factor. what the home screen looks like when the issue occurs: - app icons and widgets that are not inside folders are not visible - the text labels under apps and widgets remain visible - notification badges remain visible - apps inside folders render normally - apps in the dock behave the same way as home screen apps, with icons missing but labels and badges still present - when i tap into a folder or open the app switcher, the home screen in the background appears visually normal - as soon as i exit the folder or app switcher back to the home screen, it returns to the broken state described above interaction behavior: - i can still open and close apps, open folders, and use the app switcher - however, once inside an app, taps do not register or trigger actions - apps may open only to their default or initial screen, or fail to load content entirely - this behavior affects all apps, not just apple maps apple maps behavior specifically: - when the issue occurs, apple maps stops responding to touch input - i cannot tap anything within maps, including ending navigation or interacting with the map - i have not confirmed whether gps position or navigation visuals continue updating if i keep driving - simply switching away from apple maps does not resolve the issue - to fully recover, i must force quit apple maps by swiping it closed, then lock and unlock the phone - both steps are required; force quitting alone or locking and unlocking alone is not sufficient - after doing both, normal home screen rendering and in-app interaction are restored i’ve included a screenshot showing what my home screen looks like while the issue is occurring. this screenshot was taken before force quitting apple maps and before locking and unlocking the phone. i also have a screen recording of the behavior if that would be more helpful. in the recording, you mainly see me opening apps and attempting to interact with them, but taps do not register and some apps fail to load. the recording also shows that when i open a folder or view the app switcher, the home screen in the background appears visually normal, and then returns to the broken state once i exit back to the home screen. what i’ve tried so far: - restarted device multiple times - uninstalled and reinstalled apple maps, which helped briefly but the issue returned - live screen sharing with apple support - hardware diagnostics - captured screenshots and screen recordings - currently in the process of a full ios reinstall and restore per apple support apple support has suggested possible factors like widgets, accessibility features, location services, or cell service transitions. resetting all settings was also suggested, but since the issue is intermittent and my settings are static, isolating a single setting or combination seems impractical. i’m not trying to fix apple’s code myself. i’m mainly trying to understand whether this sounds like a known class of ios or apple maps bug, and how best to explain it so it can be escalated properly. questions: - has anyone else experienced apple maps causing system-wide in-app interaction failures like this? - does this pattern sound familiar from other ios issues? - are there specific subsystems or conditions i should mention when following up with apple? thanks in advance for any insight.",bug_report,ui_ux_carplay,"apple maps intermittently breaks home screen rendering and in-app touch interaction on ios 26.2 tl;dr: apple maps intermittently causes my iphone’s home screen icons to disappear and breaks in-app touch interaction across the system until i force quit maps and lock and unlock the phone. hi all, i’m hoping to sanity check this with others and get help describing it clearly so apple will take it seriously. i’m tech savvy but not a software engineer. i’m experiencing an intermittent issue where apple maps causes a system-level ui and interaction failure on my iphone. the phone is not completely frozen, but home screen rendering becomes partially broken and touch interaction inside apps stops functioning properly. this phone is essentially brand new. i got it at the beginning of december, and since then this issue has probably occurred close to 50 times. it happens almost every time i use apple maps, and often multiple times within the span of a single drive, even though each occurrence requires force quitting the app and restarting navigation. device details: - iphone 17 - ios 26.2 (latest public release, not beta) - plenty of free storage - hardware diagnostics run by apple support, all clean - cell carrier: xfinity mobile this issue has occurred while on cellular data and while connected to wi-fi. i have not noticed any correlation with a specific location, route, or area. it has happened in multiple different locations and under different network conditions. i am not using carplay when this occurs. i have not been able to test this phone with carplay yet due to an issue with my car’s carplay system. accessibility settings: - assistivetouch enabled (floating dot), used for locking the phone, taking screenshots, and toggling portrait and landscape orientation - back tap enabled i’m not sure if battery level plays a role. the phone is relatively new, and when this happens the battery is typically well above 30 percent and often closer to 80 or 100 percent. i have noticed that it usually happens when the phone is not plugged into a charger, though i can’t say for certain whether that’s a contributing factor. what the home screen looks like when the issue occurs: - app icons and widgets that are not inside folders are not visible - the text labels under apps and widgets remain visible - notification badges remain visible - apps inside folders render normally - apps in the dock behave the same way as home screen apps, with icons missing but labels and badges still present - when i tap into a folder or open the app switcher, the home screen in the background appears visually normal - as soon as i exit the folder or app switcher back to the home screen, it returns to the broken state described above interaction behavior: - i can still open and close apps, open folders, and use the app switcher - however, once inside an app, taps do not register or trigger actions - apps may open only to their default or initial screen, or fail to load content entirely - this behavior affects all apps, not just apple maps apple maps behavior specifically: - when the issue occurs, apple maps stops responding to touch input - i cannot tap anything within maps, including ending navigation or interacting with the map - i have not confirmed whether gps position or navigation visuals continue updating if i keep driving - simply switching away from apple maps does not resolve the issue - to fully recover, i must force quit apple maps by swiping it closed, then lock and unlock the phone - both steps are required; force quitting alone or locking and unlocking alone is not sufficient - after doing both, normal home screen rendering and in-app interaction are restored i’ve included a screenshot showing what my home screen looks like while the issue is occurring. this screenshot was taken before force quitting apple maps and before locking and unlocking the phone. i also have a screen recording of the behavior if that would be more helpful. in the recording, you mainly see me opening apps and attempting to interact with them, but taps do not register and some apps fail to load. the recording also shows that when i open a folder or view the app switcher, the home screen in the background appears visually normal, and then returns to the broken state once i exit back to the home screen. what i’ve tried so far: - restarted device multiple times - uninstalled and reinstalled apple maps, which helped briefly but the issue returned - live screen sharing with apple support - hardware diagnostics - captured screenshots and screen recordings - currently in the process of a full ios reinstall and restore per apple support apple support has suggested possible factors like widgets, accessibility features, location services, or cell service transitions. resetting all settings was also suggested, but since the issue is intermittent and my settings are static, isolating a single setting or combination seems impractical. i’m not trying to fix apple’s code myself. i’m mainly trying to understand whether this sounds like a known class of ios or apple maps bug, and how best to explain it so it can be escalated properly. questions: - has anyone else experienced apple maps causing system-wide in-app interaction failures like this? - does this pattern sound familiar from other ios issues? - are there specific subsystems or conditions i should mention when following up with apple? thanks in advance for any insight.","{'neg': 0.053, 'neu': 0.867, 'pos': 0.08, 'compound': 0.9793}",0.9793,positive
1pzz7mr,applemaps,comment,1767142453.0,2025-12-30 18:54:13,https://www.reddit.com/r/applemaps/comments/1pzz7mr/apple_maps_intermittently_breaks_home_screen/,,,may have missed it but can you switch to default or dark icons and not clear/tinted to see if the issue still occurs?,experience_complaint,other,may have missed it but can you switch to default or dark icons and not clear/tinted to see if the issue still occurs?,"{'neg': 0.068, 'neu': 0.932, 'pos': 0.0, 'compound': -0.1531}",-0.1531,neutral
1pzz7mr,applemaps,comment,1767142453.0,2025-12-30 18:54:13,https://www.reddit.com/r/applemaps/comments/1pzz7mr/apple_maps_intermittently_breaks_home_screen/,,,"although i haven’t experienced this myself, i have seen multiple posts showing a similar issue to what you describe. perhaps this is their issue as well.",experience_complaint,other,"although i haven’t experienced this myself, i have seen multiple posts showing a similar issue to what you describe. perhaps this is their issue as well.","{'neg': 0.0, 'neu': 0.913, 'pos': 0.087, 'compound': 0.2732}",0.2732,positive
1pxxf7w,applemaps,post,1766943963.0,2025-12-28 11:46:03,https://www.reddit.com/r/applemaps/comments/1pxxf7w/is_it_possible_to_set_apple_maps_for_the_same/,0.0,0.0,"is it possible to set apple maps for the same directional orientation on carplay and instrument cluster screens? driving a bmw, idrive 8.5. when i’m navigating w apple maps, i’ve set the vehicle icon to always point directly ahead; the map orients around it. this works best for me. but the arrow icon and “follow this road” graphic *in the instrument cluster* is contextual; it points nsew — in the *actual* direction i’m driving. ok, but sometimes this momentarily confuses my brain. any way to have both maps — one large, one small — behave identically all the time?",other,ui_ux_carplay,"is it possible to set apple maps for the same directional orientation on carplay and instrument cluster screens? driving a bmw, idrive 8.5. when i’m navigating w apple maps, i’ve set the vehicle icon to always point directly ahead; the map orients around it. this works best for me. but the arrow icon and “follow this road” graphic *in the instrument cluster* is contextual; it points nsew — in the *actual* direction i’m driving. ok, but sometimes this momentarily confuses my brain. any way to have both maps — one large, one small — behave identically all the time?","{'neg': 0.03, 'neu': 0.913, 'pos': 0.058, 'compound': 0.4234}",0.4234,positive
1pxhvdg,applemaps,post,1766895243.0,2025-12-27 22:14:03,https://www.reddit.com/r/applemaps/comments/1pxhvdg/why_is_maps_taking_up_so_much_storage/,0.0,7.0,"why is maps taking up so much storage?? does anyone know why the apple maps app takes up so much storage? i tried deleting it but it only offloaded it and i kind of needed the app so i just redowloaded it. i heard that you can't actually delete the app but why does it even have the option to delete it? i only have 7 locations bookmarked. i don't have any offline maps or reports either. i do have some recent locations searched up but they aren't too much (and i also can't clear/delete them). please help me i barely have any storage on my phone and am trying to delete/clear stuff. also, does anyone know why i can't delete photos or messages and stuff when my storage is full? is it because it's so full it just doesn't have the storage to process deleting anything? edit: it was a bug and i just needed to update from ios 18.3 to ios 26. ios 26 looks kinda strange though, nontheless, thank you mister\_kong and thannbanis.",bug_report,search_poi_data,"why is maps taking up so much storage?? does anyone know why the apple maps app takes up so much storage? i tried deleting it but it only offloaded it and i kind of needed the app so i just redowloaded it. i heard that you can't actually delete the app but why does it even have the option to delete it? i only have 7 locations bookmarked. i don't have any offline maps or reports either. i do have some recent locations searched up but they aren't too much (and i also can't clear/delete them). please help me i barely have any storage on my phone and am trying to delete/clear stuff. also, does anyone know why i can't delete photos or messages and stuff when my storage is full? is it because it's so full it just doesn't have the storage to process deleting anything? edit: it was a bug and i just needed to update from ios 18.3 to ios 26. ios 26 looks kinda strange though, nontheless, thank you mister\_kong and thannbanis.","{'neg': 0.025, 'neu': 0.921, 'pos': 0.054, 'compound': 0.7279}",0.7279,positive
1pxhvdg,applemaps,comment,1766895243.0,2025-12-27 22:14:03,https://www.reddit.com/r/applemaps/comments/1pxhvdg/why_is_maps_taking_up_so_much_storage/,,,"it’s a bug that has been fixed, install the latest ios version",bug_report,other,"it’s a bug that has been fixed, install the latest ios version","{'neg': 0.0, 'neu': 1.0, 'pos': 0.0, 'compound': 0.0}",0.0,neutral
1pxhvdg,applemaps,comment,1766895243.0,2025-12-27 22:14:03,https://www.reddit.com/r/applemaps/comments/1pxhvdg/why_is_maps_taking_up_so_much_storage/,,,what version of ios is it running? (some like mid ios 18 and early ios 26 have caching issues) has maps been offloaded/‘deleted’ (since it’s not possible to truly delete stock apps)?,experience_complaint,other,what version of ios is it running? (some like mid ios 18 and early ios 26 have caching issues) has maps been offloaded/‘deleted’ (since it’s not possible to truly delete stock apps)?,"{'neg': 0.068, 'neu': 0.851, 'pos': 0.081, 'compound': 0.1164}",0.1164,neutral
1px4uw4,applemaps,post,1766860188.0,2025-12-27 12:29:48,https://www.reddit.com/r/applemaps/comments/1px4uw4/bugs_in_apple_maps_on_tahoe/,5.0,3.0,"bugs in apple maps on tahoe? i just tried to plan some routes in apple maps on macos tahoe and i encountered these issues: * it seems no longer possible to right click on a location and select 'route from' or 'route to'; the only option is 'route'. this is annoying because i want to plan a route from a to b, both not my current location * i have a hard time replacing 'my location' in the route window with a location i select from the map. afaik this was possible on older versions. combined, these issues make it (almost?) impossible to plan a simple route from a to b. am i overlooking something?",bug_report,navigation_routing_traffic,"bugs in apple maps on tahoe? i just tried to plan some routes in apple maps on macos tahoe and i encountered these issues: * it seems no longer possible to right click on a location and select 'route from' or 'route to'; the only option is 'route'. this is annoying because i want to plan a route from a to b, both not my current location * i have a hard time replacing 'my location' in the route window with a location i select from the map. afaik this was possible on older versions. combined, these issues make it (almost?) impossible to plan a simple route from a to b. am i overlooking something?","{'neg': 0.066, 'neu': 0.922, 'pos': 0.012, 'compound': -0.6747}",-0.6747,negative
1px4uw4,applemaps,comment,1766860188.0,2025-12-27 12:29:48,https://www.reddit.com/r/applemaps/comments/1px4uw4/bugs_in_apple_maps_on_tahoe/,,,"click the button at the top left of the window that says ""directions"". this brings up a sidebar panel where you can enter a location for both waypoints, the origin and destination. if it has ""current location"" filled in already, just remove it from the text field and enter your own origin. once both are entered, click the button below the boxes that says ""directions"" or press enter in one of the text boxes.",other,navigation_routing_traffic,"click the button at the top left of the window that says ""directions"". this brings up a sidebar panel where you can enter a location for both waypoints, the origin and destination. if it has ""current location"" filled in already, just remove it from the text field and enter your own origin. once both are entered, click the button below the boxes that says ""directions"" or press enter in one of the text boxes.","{'neg': 0.0, 'neu': 0.975, 'pos': 0.025, 'compound': 0.2023}",0.2023,positive
1pw2eac,applemaps,post,1766749329.0,2025-12-26 05:42:09,https://www.reddit.com/r/applemaps/comments/1pw2eac/location_of_restaurant_not_correct/,0.0,16.0,location of restaurant not correct we own a restaurant and don't use apple products. the problem ist that our restaurant is 2 times in apple maps. one correct address and a wrong one. i couldn't find a support or anything. i told my friends that they should report this and they did. but nothing changed. what to do ?,experience_complaint,search_poi_data,location of restaurant not correct we own a restaurant and don't use apple products. the problem ist that our restaurant is 2 times in apple maps. one correct address and a wrong one. i couldn't find a support or anything. i told my friends that they should report this and they did. but nothing changed. what to do ?,"{'neg': 0.099, 'neu': 0.864, 'pos': 0.037, 'compound': -0.3567}",-0.3567,negative
1pw2eac,applemaps,comment,1766749329.0,2025-12-26 05:42:09,https://www.reddit.com/r/applemaps/comments/1pw2eac/location_of_restaurant_not_correct/,,,besides what has been mentioned here i would also create a apple business connect account for the restaurant and claim the correct location. then you can change some of the info directly.,other,search_poi_data,besides what has been mentioned here i would also create a apple business connect account for the restaurant and claim the correct location. then you can change some of the info directly.,"{'neg': 0.0, 'neu': 0.932, 'pos': 0.068, 'compound': 0.2732}",0.2732,positive
1pw2eac,applemaps,comment,1766749329.0,2025-12-26 05:42:09,https://www.reddit.com/r/applemaps/comments/1pw2eac/location_of_restaurant_not_correct/,,,use this e-mail : maps_escalations@apple.com explain your problem. i recommend copying the link of the restaurant where the address is incorrect in apple maps on the web and pasting it into the email. this will facilitate your request.,experience_complaint,search_poi_data,use this e-mail : maps_escalations@apple.com explain your problem. i recommend copying the link of the restaurant where the address is incorrect in apple maps on the web and pasting it into the email. this will facilitate your request.,"{'neg': 0.069, 'neu': 0.867, 'pos': 0.064, 'compound': -0.0516}",-0.0516,neutral
1pw2eac,applemaps,comment,1766749329.0,2025-12-26 05:42:09,https://www.reddit.com/r/applemaps/comments/1pw2eac/location_of_restaurant_not_correct/,,,"apple business is there to help with stuff like this. as a business owner, you should have that connection. it’s free.",experience_praise,transit_walk_bike,"apple business is there to help with stuff like this. as a business owner, you should have that connection. it’s free.","{'neg': 0.0, 'neu': 0.667, 'pos': 0.333, 'compound': 0.8176}",0.8176,positive
1psn4de,applemaps,post,1766367801.0,2025-12-21 19:43:21,https://www.reddit.com/r/applemaps/comments/1psn4de/how_long_does_it_usually_take_for_apple_maps_to/,3.0,3.0,"how long does it usually take for apple maps to add a location? so i recently noticed that the fire station of the local volunteer fire department is missing on apple maps, i submitted a missing location three times over the course of the last 3 months now and didn’t get any confirmation email or anything and the location is still missing so i wanted to ask whether any of you also submitted a missing location and how long it usually took?",other,search_poi_data,"how long does it usually take for apple maps to add a location? so i recently noticed that the fire station of the local volunteer fire department is missing on apple maps, i submitted a missing location three times over the course of the last 3 months now and didn’t get any confirmation email or anything and the location is still missing so i wanted to ask whether any of you also submitted a missing location and how long it usually took?","{'neg': 0.168, 'neu': 0.832, 'pos': 0.0, 'compound': -0.8992}",-0.8992,negative
1psn4de,applemaps,comment,1766367801.0,2025-12-21 19:43:21,https://www.reddit.com/r/applemaps/comments/1psn4de/how_long_does_it_usually_take_for_apple_maps_to/,,,"what country are you in? try adding additional photos and details in your next submission. if they still don’t add it after a week, send a report to maps_escalations@apple.com",other,navigation_routing_traffic,"what country are you in? try adding additional photos and details in your next submission. if they still don’t add it after a week, send a report to maps_escalations@apple.com","{'neg': 0.0, 'neu': 1.0, 'pos': 0.0, 'compound': 0.0}",0.0,neutral
1psn4de,applemaps,comment,1766367801.0,2025-12-21 19:43:21,https://www.reddit.com/r/applemaps/comments/1psn4de/how_long_does_it_usually_take_for_apple_maps_to/,,,from experience somewhere between half an hour and *years*. how did you submit this new poi?,other,search_poi_data,from experience somewhere between half an hour and *years*. how did you submit this new poi?,"{'neg': 0.0, 'neu': 1.0, 'pos': 0.0, 'compound': 0.0}",0.0,neutral
1pshdia,applemaps,post,1766351946.0,2025-12-21 15:19:06,https://www.reddit.com/r/applemaps/comments/1pshdia/apple_maps_live_transit_coverage_to_st_petersburg/,32.0,0.0,"apple maps live transit coverage to st. petersburg, fl & tampa w/ their respective transit authorities, psta & hart for majority of buses 🙌🏻",other,transit_walk_bike,"apple maps live transit coverage to st. petersburg, fl & tampa w/ their respective transit authorities, psta & hart for majority of buses 🙌🏻","{'neg': 0.0, 'neu': 0.882, 'pos': 0.118, 'compound': 0.4215}",0.4215,positive
1prk2hv,applemaps,post,1766252565.0,2025-12-20 11:42:45,https://www.reddit.com/r/applemaps/comments/1prk2hv/do_any_dce_models_have_dynamic_colors_at_night/,38.0,1.0,"do any dce models have “dynamic colors” at night? in apple maps, all dce models are illuminated at night. are there any that change dynamically based on events or awareness months, for example? while the london eye frequently changes colors irl, it is always pink at night in apple maps, representing its sponsor (lastminute.com)",other,other,"do any dce models have “dynamic colors” at night? in apple maps, all dce models are illuminated at night. are there any that change dynamically based on events or awareness months, for example? while the london eye frequently changes colors irl, it is always pink at night in apple maps, representing its sponsor (lastminute.com)","{'neg': 0.0, 'neu': 0.949, 'pos': 0.051, 'compound': 0.4329}",0.4329,positive
1prk2hv,applemaps,comment,1766252565.0,2025-12-20 11:42:45,https://www.reddit.com/r/applemaps/comments/1prk2hv/do_any_dce_models_have_dynamic_colors_at_night/,,,the tottenham stadium lights up purple,other,other,the tottenham stadium lights up purple,"{'neg': 0.0, 'neu': 1.0, 'pos': 0.0, 'compound': 0.0}",0.0,neutral
1prcip3,applemaps,post,1766231124.0,2025-12-20 05:45:24,https://www.reddit.com/r/applemaps/comments/1prcip3/savedoffline_routes_for_cycling/,2.0,2.0,"saved/offline routes for cycling 🚴‍♂️ has anyone tried the custom route builder on apple maps when cycling? it seems to be tailored just for walking, so it’ll tell you to turn just as you’re flying past a turning on your bike 😅 hoping they will do an update where you can set whether you’re walking, cycling or driving 🤞",other,ui_ux_carplay,"saved/offline routes for cycling 🚴‍♂️ has anyone tried the custom route builder on apple maps when cycling? it seems to be tailored just for walking, so it’ll tell you to turn just as you’re flying past a turning on your bike 😅 hoping they will do an update where you can set whether you’re walking, cycling or driving 🤞","{'neg': 0.0, 'neu': 0.952, 'pos': 0.048, 'compound': 0.4215}",0.4215,positive
1prcip3,applemaps,comment,1766231124.0,2025-12-20 05:45:24,https://www.reddit.com/r/applemaps/comments/1prcip3/savedoffline_routes_for_cycling/,,,"i use it and it works fine. eta is miles off because it thinks you walk, but putting the phone on the bike makes the directions work, coupled with an apple watch",other,navigation_routing_traffic,"i use it and it works fine. eta is miles off because it thinks you walk, but putting the phone on the bike makes the directions work, coupled with an apple watch","{'neg': 0.0, 'neu': 0.955, 'pos': 0.045, 'compound': 0.1027}",0.1027,neutral
1prcip3,applemaps,comment,1766231124.0,2025-12-20 05:45:24,https://www.reddit.com/r/applemaps/comments/1prcip3/savedoffline_routes_for_cycling/,,,[don't let your dreams be dreams.](,other,other,[don't let your dreams be dreams.](,"{'neg': 0.311, 'neu': 0.689, 'pos': 0.0, 'compound': -0.3089}",-0.3089,negative
1pq9v4f,applemaps,post,1766112309.0,2025-12-18 20:45:09,https://www.reddit.com/r/applemaps/comments/1pq9v4f/anyone_hear_about_a_rumor_that_apple_maps_may_at/,6.0,5.0,"anyone hear about a rumor that apple maps may at some point allow users to replace its ubiquitous blue arrow with a custom icon? google maps enabled this feature a while ago, and it’s terrific. instead of a boring blue arrow that just about every gps platform uses, including apple, gmaps permits you to substitute a vehicle icon of your style and color. (i picked a red coupe as that’s what i drive. looks terrific on a carplay screen. really pops.) seems like a small thing to ask of amaps, but i find it makes a surprising amount of difference when navigating.",comparison_discussion,ui_ux_carplay,"anyone hear about a rumor that apple maps may at some point allow users to replace its ubiquitous blue arrow with a custom icon? google maps enabled this feature a while ago, and it’s terrific. instead of a boring blue arrow that just about every gps platform uses, including apple, gmaps permits you to substitute a vehicle icon of your style and color. (i picked a red coupe as that’s what i drive. looks terrific on a carplay screen. really pops.) seems like a small thing to ask of amaps, but i find it makes a surprising amount of difference when navigating.","{'neg': 0.017, 'neu': 0.879, 'pos': 0.104, 'compound': 0.753}",0.753,positive
1pq9v4f,applemaps,comment,1766112309.0,2025-12-18 20:45:09,https://www.reddit.com/r/applemaps/comments/1pq9v4f/anyone_hear_about_a_rumor_that_apple_maps_may_at/,,,"the only case in which i see apple doing anything like this, is an integration with carplay ultra. in which it can be replaced only with a 3d rendering of your paired vehicle model and color.",experience_praise,ui_ux_carplay,"the only case in which i see apple doing anything like this, is an integration with carplay ultra. in which it can be replaced only with a 3d rendering of your paired vehicle model and color.","{'neg': 0.0, 'neu': 0.93, 'pos': 0.07, 'compound': 0.3612}",0.3612,positive
1pq9v4f,applemaps,comment,1766112309.0,2025-12-18 20:45:09,https://www.reddit.com/r/applemaps/comments/1pq9v4f/anyone_hear_about_a_rumor_that_apple_maps_may_at/,,,"blue circle, sometimes with a white arrow within?",other,other,"blue circle, sometimes with a white arrow within?","{'neg': 0.0, 'neu': 1.0, 'pos': 0.0, 'compound': 0.0}",0.0,neutral
1pq9v4f,applemaps,comment,1766112309.0,2025-12-18 20:45:09,https://www.reddit.com/r/applemaps/comments/1pq9v4f/anyone_hear_about_a_rumor_that_apple_maps_may_at/,,,i hope applemaps doesn’t try to become waze.,comparison_discussion,other,i hope applemaps doesn’t try to become waze.,"{'neg': 0.0, 'neu': 0.674, 'pos': 0.326, 'compound': 0.4404}",0.4404,positive
1pq2qf5,applemaps,post,1766093197.0,2025-12-18 15:26:37,https://www.reddit.com/r/applemaps/comments/1pq2qf5/why_is_apple_business_connect_still_so_terrible/,27.0,3.0,"why is apple business connect still so terrible? above: image 1 is before i hit save and image 2 is what it changed to after i hit save. seriously, apple business connect's holiday hours feature is structured in an extremely confusing and user-unfriendly way, and that would be tolerable if it functioned to any sort of understandable degree for a product that has been out for over 13 years and is from one of the largest companies in the world. holiday hours submitted by small businesses all display a day later than what you input into the system, and they automatically merge holiday hours that are within a week of each other (like christmas and new years) which would normally be fine if it didn't also mark any days that are added as closed potentially costing us dozens of customers each day that it is incorrect. it has gotten to the point that my company is discussing simply not adding holiday hours to apple maps anymore because they cause more harm and confusion than good.",experience_complaint,ui_ux_carplay,"why is apple business connect still so terrible? above: image 1 is before i hit save and image 2 is what it changed to after i hit save. seriously, apple business connect's holiday hours feature is structured in an extremely confusing and user-unfriendly way, and that would be tolerable if it functioned to any sort of understandable degree for a product that has been out for over 13 years and is from one of the largest companies in the world. holiday hours submitted by small businesses all display a day later than what you input into the system, and they automatically merge holiday hours that are within a week of each other (like christmas and new years) which would normally be fine if it didn't also mark any days that are added as closed potentially costing us dozens of customers each day that it is incorrect. it has gotten to the point that my company is discussing simply not adding holiday hours to apple maps anymore because they cause more harm and confusion than good.","{'neg': 0.074, 'neu': 0.811, 'pos': 0.115, 'compound': 0.7756}",0.7756,positive
1pq2qf5,applemaps,comment,1766093197.0,2025-12-18 15:26:37,https://www.reddit.com/r/applemaps/comments/1pq2qf5/why_is_apple_business_connect_still_so_terrible/,,,that’s terrible. do ask them to fix them using apple.com/feedback (or via the feedback assistant app if you have beta software). they might have some feedback option in the business connect site as well. they do listen! i’ve had requested features/changes added,experience_complaint,navigation_routing_traffic,that’s terrible. do ask them to fix them using apple.com/feedback (or via the feedback assistant app if you have beta software). they might have some feedback option in the business connect site as well. they do listen! i’ve had requested features/changes added,"{'neg': 0.075, 'neu': 0.879, 'pos': 0.046, 'compound': -0.3164}",-0.3164,negative
1pq2qf5,applemaps,comment,1766093197.0,2025-12-18 15:26:37,https://www.reddit.com/r/applemaps/comments/1pq2qf5/why_is_apple_business_connect_still_so_terrible/,,,please feed this back directly to apple. it’s the only way they’ll take note and make improvements.,other,other,please feed this back directly to apple. it’s the only way they’ll take note and make improvements.,"{'neg': 0.0, 'neu': 0.765, 'pos': 0.235, 'compound': 0.5574}",0.5574,positive
1pp2wg1,applemaps,post,1765993434.0,2025-12-17 11:43:54,https://www.reddit.com/r/applemaps/comments/1pp2wg1/dce_likeliness_for_pittsburgh/,7.0,4.0,"dce likeliness for pittsburgh alright, this is a bit self-centered given i live in this city. pittsburgh will be hosting the nfl draft in early 2026, with around 500-700k visitors expected. is there a chance it receives dce and look around given this is a big sporting event? the apple maps team has been conducting vehicle imagery collecting since around 2019, and pedestrian imagery collection since around 2021. while look around isn’t currently available, kansas city received dce and look around on the same day. is this a long shot, or is it something that may be likely? i know this hasn’t been done for previous draft cities, but pittsburgh is fairly notable. thanks!",experience_praise,transit_walk_bike,"dce likeliness for pittsburgh alright, this is a bit self-centered given i live in this city. pittsburgh will be hosting the nfl draft in early 2026, with around 500-700k visitors expected. is there a chance it receives dce and look around given this is a big sporting event? the apple maps team has been conducting vehicle imagery collecting since around 2019, and pedestrian imagery collection since around 2021. while look around isn’t currently available, kansas city received dce and look around on the same day. is this a long shot, or is it something that may be likely? i know this hasn’t been done for previous draft cities, but pittsburgh is fairly notable. thanks!","{'neg': 0.0, 'neu': 0.933, 'pos': 0.067, 'compound': 0.7581}",0.7581,positive
1pp2wg1,applemaps,comment,1765993434.0,2025-12-17 11:43:54,https://www.reddit.com/r/applemaps/comments/1pp2wg1/dce_likeliness_for_pittsburgh/,,,"i’ll admit that this doesn’t answer your question, but i have to imagine pitt won’t get dce before denver does. the fact that denver, one of if not the most notable city in mountain time, doesn’t have dce yet absolutely blows me away.",other,other,"i’ll admit that this doesn’t answer your question, but i have to imagine pitt won’t get dce before denver does. the fact that denver, one of if not the most notable city in mountain time, doesn’t have dce yet absolutely blows me away.","{'neg': 0.0, 'neu': 0.967, 'pos': 0.033, 'compound': 0.1027}",0.1027,neutral
1po6b1s,applemaps,post,1765902414.0,2025-12-16 10:26:54,https://www.reddit.com/r/applemaps/comments/1po6b1s/need_help_with_carplay_map_appearance_after_ios/,4.0,3.0,"need help with carplay map appearance after ios 26 upgrade i don't know how to explain this well, so please bear with me. i'm really struggling with this upgrade. i keep my carplay permanently on dark mode because it's hard to see the apps in light mode while i'm driving. but it used to be that apple maps would automatically switch from light mode to dark mode at nightfall. with the upgrade, i either have to make all of the apps automatically switch or keep manually switching the map myself. this wasn't the case before. does anyone know how i can switch only apple maps to automatic display while keeping the apps in dark mode?",other,ui_ux_carplay,"need help with carplay map appearance after ios 26 upgrade i don't know how to explain this well, so please bear with me. i'm really struggling with this upgrade. i keep my carplay permanently on dark mode because it's hard to see the apps in light mode while i'm driving. but it used to be that apple maps would automatically switch from light mode to dark mode at nightfall. with the upgrade, i either have to make all of the apps automatically switch or keep manually switching the map myself. this wasn't the case before. does anyone know how i can switch only apple maps to automatic display while keeping the apps in dark mode?","{'neg': 0.028, 'neu': 0.924, 'pos': 0.048, 'compound': 0.3153}",0.3153,positive
1po6b1s,applemaps,comment,1765902414.0,2025-12-16 10:26:54,https://www.reddit.com/r/applemaps/comments/1po6b1s/need_help_with_carplay_map_appearance_after_ios/,,,"two things…carplay always dark is in the carplay settings. this doesn’t always align with carplay apps…but can. double check screen/brightness on your phone settings and make sure it is set to “automatic” i’ve never tested this as i think i have carplay set to automatic as well. if working properly, maps should be in light mode during the day and in most cars, only go dark when the car’s lights are triggered to turn on at night, going through a tunnel, really dark day, etc.",other,ui_ux_carplay,"two things...carplay always dark is in the carplay settings. this doesn’t always align with carplay apps...but can. double check screen/brightness on your phone settings and make sure it is set to “automatic” i’ve never tested this as i think i have carplay set to automatic as well. if working properly, maps should be in light mode during the day and in most cars, only go dark when the car’s lights are triggered to turn on at night, going through a tunnel, really dark day, etc.","{'neg': 0.0, 'neu': 0.948, 'pos': 0.052, 'compound': 0.5267}",0.5267,positive
1po6b1s,applemaps,comment,1765902414.0,2025-12-16 10:26:54,https://www.reddit.com/r/applemaps/comments/1po6b1s/need_help_with_carplay_map_appearance_after_ios/,,,"usually the vehicle communicates to the car when it’s “night” with clues like a light sensor or turning on the headlights and the dash lights and other bits of lighting in the vehicle go dim i’ve had rental cars that don’t report it accurately and never could figure it out. but, if it’s the same vehicle and the only thing that’s changed is your upgrade to ios (doesn’t hurt to check the vehicle settings too) it’s most likely a vehicle specific bug in carplay. report it to apple with the feedback assistant",bug_report,ui_ux_carplay,"usually the vehicle communicates to the car when it’s “night” with clues like a light sensor or turning on the headlights and the dash lights and other bits of lighting in the vehicle go dim i’ve had rental cars that don’t report it accurately and never could figure it out. but, if it’s the same vehicle and the only thing that’s changed is your upgrade to ios (doesn’t hurt to check the vehicle settings too) it’s most likely a vehicle specific bug in carplay. report it to apple with the feedback assistant","{'neg': 0.049, 'neu': 0.933, 'pos': 0.019, 'compound': -0.5927}",-0.5927,negative
1po6b1s,applemaps,comment,1765902414.0,2025-12-16 10:26:54,https://www.reddit.com/r/applemaps/comments/1po6b1s/need_help_with_carplay_map_appearance_after_ios/,,,"it's in settings: keep dark mode for carplay below there is another setting specific for maps, don't activate it and maps should be light/dark depending how it works in your car. i use it like this, but then if it doesn't work then something wrong with the update and your car.",bug_report,ui_ux_carplay,"it's in settings: keep dark mode for carplay below there is another setting specific for maps, don't activate it and maps should be light/dark depending how it works in your car. i use it like this, but then if it doesn't work then something wrong with the update and your car.","{'neg': 0.077, 'neu': 0.891, 'pos': 0.032, 'compound': -0.5267}",-0.5267,negative
1po67m4,applemaps,post,1765902202.0,2025-12-16 10:23:22,https://www.reddit.com/r/applemaps/comments/1po67m4/file_send_to_device_send_to_my_iphone_from_macos/,1.0,0.0,file | send to device | send to [my iphone] from macos not working? syncing from macbook to iphone is working for notes: i can see a note created on the macbook within seconds on the iphone. from the apple maps app on the macbook i click on file | send to device | send to \[stephen's iphone\] the click is accepted but no confirmation or error is displayed. nothing happens on the iphone.,bug_report,ui_ux_carplay,file | send to device | send to [my iphone] from macos not working? syncing from macbook to iphone is working for notes: i can see a note created on the macbook within seconds on the iphone. from the apple maps app on the macbook i click on file | send to device | send to \[stephen's iphone\] the click is accepted but no confirmation or error is displayed. nothing happens on the iphone.,"{'neg': 0.088, 'neu': 0.87, 'pos': 0.042, 'compound': -0.6486}",-0.6486,negative
1po1ed8,applemaps,post,1765890211.0,2025-12-16 07:03:31,https://www.reddit.com/r/applemaps/comments/1po1ed8/this_apple_calendar_feature_is_amazing_until/,0.0,11.0,"this apple calendar feature is amazing… until someone sends a google maps link!!! here’s the problem that pushed me to build it. i’m a big apple calendar fan. one feature i absolutely love is setting an event location and enabling travel time. when the location is an apple maps address, the calendar app automatically calculates how long it will take to get there from your current location and sends you a notification telling you exactly when to leave so you arrive on time. for example, if you create an event at apple park at 7:00 pm and set the location to apple park, calendar figures out that the trip will take, say, two hours. then it sends you a smart notification saying: “it’s time to leave now to arrive on time.” it’s incredibly useful. the problem? this feature only works with apple maps links. at work, clients constantly send me locations via google maps, waze, yandex, bing, or other map apps. when i paste those links into apple calendar, the travel-time magic breaks. no smart calculation. no “time to leave” reminder. so i built mapswitch: convert map links mapswitch lets you instantly convert any map link—google maps, waze, bing, yandex, osmand, and more—into apple maps. and of course, you can convert links the other way around too. now i can keep using apple calendar’s best features without forcing everyone else to change their map app",comparison_discussion,ui_ux_carplay,"this apple calendar feature is amazing... until someone sends a google maps link!!! here’s the problem that pushed me to build it. i’m a big apple calendar fan. one feature i absolutely love is setting an event location and enabling travel time. when the location is an apple maps address, the calendar app automatically calculates how long it will take to get there from your current location and sends you a notification telling you exactly when to leave so you arrive on time. for example, if you create an event at apple park at 7:00 pm and set the location to apple park, calendar figures out that the trip will take, say, two hours. then it sends you a smart notification saying: “it’s time to leave now to arrive on time.” it’s incredibly useful. the problem? this feature only works with apple maps links. at work, clients constantly send me locations via google maps, waze, yandex, bing, or other map apps. when i paste those links into apple calendar, the travel-time magic breaks. no smart calculation. no “time to leave” reminder. so i built mapswitch: convert map links mapswitch lets you instantly convert any map link—google maps, waze, bing, yandex, osmand, and more—into apple maps. and of course, you can convert links the other way around too. now i can keep using apple calendar’s best features without forcing everyone else to change their map app","{'neg': 0.049, 'neu': 0.86, 'pos': 0.091, 'compound': 0.924}",0.924,positive
1po1ed8,applemaps,comment,1765890211.0,2025-12-16 07:03:31,https://www.reddit.com/r/applemaps/comments/1po1ed8/this_apple_calendar_feature_is_amazing_until/,,,i’ve been using mapswitch for quite a while. i enjoy the app.,other,ui_ux_carplay,i’ve been using mapswitch for quite a while. i enjoy the app.,"{'neg': 0.0, 'neu': 0.721, 'pos': 0.279, 'compound': 0.539}",0.539,positive
1po1ed8,applemaps,comment,1765890211.0,2025-12-16 07:03:31,https://www.reddit.com/r/applemaps/comments/1po1ed8/this_apple_calendar_feature_is_amazing_until/,,,fix the thing where microsoft calendars don’t let you do travel time…,other,other,fix the thing where microsoft calendars don’t let you do travel time...,"{'neg': 0.0, 'neu': 1.0, 'pos': 0.0, 'compound': 0.0}",0.0,neutral
1po1ed8,applemaps,comment,1765890211.0,2025-12-16 07:03:31,https://www.reddit.com/r/applemaps/comments/1po1ed8/this_apple_calendar_feature_is_amazing_until/,,,link?,other,other,link?,"{'neg': 0.0, 'neu': 1.0, 'pos': 0.0, 'compound': 0.0}",0.0,neutral
1po1ed8,applemaps,comment,1765890211.0,2025-12-16 07:03:31,https://www.reddit.com/r/applemaps/comments/1po1ed8/this_apple_calendar_feature_is_amazing_until/,,,you can actually try it free for a month 😊 just redeem this code: **mapswitch1mo** and see if it’s worth it for you. just click the redeem button when the paywall appears,other,other,you can actually try it free for a month 😊 just redeem this code: **mapswitch1mo** and see if it’s worth it for you. just click the redeem button when the paywall appears,"{'neg': 0.0, 'neu': 0.843, 'pos': 0.157, 'compound': 0.6369}",0.6369,positive
1po1ed8,applemaps,comment,1765890211.0,2025-12-16 07:03:31,https://www.reddit.com/r/applemaps/comments/1po1ed8/this_apple_calendar_feature_is_amazing_until/,,,this is the link for mapswitch: [,other,other,this is the link for mapswitch: [,"{'neg': 0.0, 'neu': 1.0, 'pos': 0.0, 'compound': 0.0}",0.0,neutral
1pnjr50,applemaps,post,1765834586.0,2025-12-15 15:36:26,https://www.reddit.com/r/applemaps/comments/1pnjr50/what_does_this_mean/,12.0,6.0,"what does this mean? just found this symbol on apple maps, the u in the white square with a black outline. at first i thought it was a state route, then confused by the letter, and the fact that the square is not the state route outline of missouri. found this in new madrid, missouri, usa.",other,navigation_routing_traffic,"what does this mean? just found this symbol on apple maps, the u in the white square with a black outline. at first i thought it was a state route, then confused by the letter, and the fact that the square is not the state route outline of missouri. found this in new madrid, missouri, usa.","{'neg': 0.043, 'neu': 0.957, 'pos': 0.0, 'compound': -0.3182}",-0.3182,negative
1pnjr50,applemaps,comment,1765834586.0,2025-12-15 15:36:26,https://www.reddit.com/r/applemaps/comments/1pnjr50/what_does_this_mean/,,,secondary highways in missouri have letters instead of numbers.,other,other,secondary highways in missouri have letters instead of numbers.,"{'neg': 0.0, 'neu': 1.0, 'pos': 0.0, 'compound': 0.0}",0.0,neutral
1pndiwf,applemaps,post,1765820049.0,2025-12-15 11:34:09,https://www.reddit.com/r/applemaps/comments/1pndiwf/lets_tell_apple_about_transit_improvements/,35.0,7.0,"let’s tell apple about transit improvements i don’t know if you guys have these problems (written below) with apple maps, but i do, and if you agree with me you should send this message to apple and maybe they will do something about it. “apple maps’s transit feature is awesome, when looking at timetables for local public transport it’s fine, but when looking at trains, the by line basis is only good when you are looking at one train line’s schedule only, but it’s not good when looking for a train in a direction. therefore there should be a tab at a station that lists departures in chronological order. there also should be another tab where it shows all of the lines with their full day timetables. a line which isn’t going in 4 hours currently shows when the line will continue but when clicking on such line it shows only the line’s graph. it should show the normal view with all of the future departures. these improvements, if only one is implemented, will make the lives of apple maps transit users better and will use it more.” if you agree with me send it to apple on this link:",experience_complaint,navigation_routing_traffic,"let’s tell apple about transit improvements i don’t know if you guys have these problems (written below) with apple maps, but i do, and if you agree with me you should send this message to apple and maybe they will do something about it. “apple maps’s transit feature is awesome, when looking at timetables for local public transport it’s fine, but when looking at trains, the by line basis is only good when you are looking at one train line’s schedule only, but it’s not good when looking for a train in a direction. therefore there should be a tab at a station that lists departures in chronological order. there also should be another tab where it shows all of the lines with their full day timetables. a line which isn’t going in 4 hours currently shows when the line will continue but when clicking on such line it shows only the line’s graph. it should show the normal view with all of the future departures. these improvements, if only one is implemented, will make the lives of apple maps transit users better and will use it more.” if you agree with me send it to apple on this link:","{'neg': 0.009, 'neu': 0.849, 'pos': 0.142, 'compound': 0.9829}",0.9829,positive
1pndiwf,applemaps,comment,1765820049.0,2025-12-15 11:34:09,https://www.reddit.com/r/applemaps/comments/1pndiwf/lets_tell_apple_about_transit_improvements/,,,try this email : maps-transit@apple.com,other,transit_walk_bike,try this email : maps-transit@apple.com,"{'neg': 0.0, 'neu': 1.0, 'pos': 0.0, 'compound': 0.0}",0.0,neutral
1pndiwf,applemaps,comment,1765820049.0,2025-12-15 11:34:09,https://www.reddit.com/r/applemaps/comments/1pndiwf/lets_tell_apple_about_transit_improvements/,,,can you make this into paragraphs or bullet points? super hard to read without. thanks!,other,search_poi_data,can you make this into paragraphs or bullet points? super hard to read without. thanks!,"{'neg': 0.19, 'neu': 0.6, 'pos': 0.21, 'compound': 0.3369}",0.3369,positive
1pndiwf,applemaps,comment,1765820049.0,2025-12-15 11:34:09,https://www.reddit.com/r/applemaps/comments/1pndiwf/lets_tell_apple_about_transit_improvements/,,,"i agree! i also really wish they’d focus on usability more for transit mode in general as it seems like google maps is far more active in improving transit mode than apple maps. the dynamic island is far more useful when navigating transit on gm. once you’ve started a journey, you can’t see your eta or the time remaining which is rlly annoying. also, it’d be nice if you could turn off the feature where, during navigation, when the iphone is locked, waking the device doesn’t prioritise the map, over the lockscreen. sometimes i like navigating more in the background, and don’t need the navigation to be front and centre every time in wake up the device.",comparison_discussion,ui_ux_carplay,"i agree! i also really wish they’d focus on usability more for transit mode in general as it seems like google maps is far more active in improving transit mode than apple maps. the dynamic island is far more useful when navigating transit on gm. once you’ve started a journey, you can’t see your eta or the time remaining which is rlly annoying. also, it’d be nice if you could turn off the feature where, during navigation, when the iphone is locked, waking the device doesn’t prioritise the map, over the lockscreen. sometimes i like navigating more in the background, and don’t need the navigation to be front and centre every time in wake up the device.","{'neg': 0.021, 'neu': 0.785, 'pos': 0.194, 'compound': 0.9671}",0.9671,positive
1pndiwf,applemaps,comment,1765820049.0,2025-12-15 11:34:09,https://www.reddit.com/r/applemaps/comments/1pndiwf/lets_tell_apple_about_transit_improvements/,,,"here are some more points that should be improved, imo: show which carriage to board for faster transfers more consistently, as seen in japan. make the dynamic island show remaining stops with the transit logo, similar to google maps. display eta and time remaining once a journey has started. allow easy selection of the next tram, bus, or train whilst immediately updating the entire connection and eta. add an option to disable the feature where waking the iphone during navigation prioritises maps over the lockscreen.",comparison_discussion,ui_ux_carplay,"here are some more points that should be improved, imo: show which carriage to board for faster transfers more consistently, as seen in japan. make the dynamic island show remaining stops with the transit logo, similar to google maps. display eta and time remaining once a journey has started. allow easy selection of the next tram, bus, or train whilst immediately updating the entire connection and eta. add an option to disable the feature where waking the iphone during navigation prioritises maps over the lockscreen.","{'neg': 0.018, 'neu': 0.867, 'pos': 0.115, 'compound': 0.836}",0.836,positive
1pmykv8,applemaps,post,1765773369.0,2025-12-14 22:36:09,https://www.reddit.com/r/applemaps/comments/1pmykv8/apple_maps_voice_not_working/,3.0,7.0,apple maps voice not working,bug_report,other,apple maps voice not working,"{'neg': 0.0, 'neu': 1.0, 'pos': 0.0, 'compound': 0.0}",0.0,neutral
1pmykv8,applemaps,comment,1765773369.0,2025-12-14 22:36:09,https://www.reddit.com/r/applemaps/comments/1pmykv8/apple_maps_voice_not_working/,,,how exactly? you didn’t provide many details,other,navigation_routing_traffic,how exactly? you didn’t provide many details,"{'neg': 0.0, 'neu': 1.0, 'pos': 0.0, 'compound': 0.0}",0.0,neutral
1pmp32h,applemaps,post,1765746598.0,2025-12-14 15:09:58,https://www.reddit.com/r/applemaps/comments/1pmp32h/how_to_drop_a_pin_on_an_exact_location_in_apple/,3.0,15.0,"how to drop a pin on an exact location in apple maps i’m trying to drop a pin in apple maps for a very specific spot, like a parking lot. however, whenever i place the pin and save it, apple maps automatically snaps it to the nearest building instead of the exact location i selected. i’ve also tried searching by coordinates, but it still redirects me to the building address. photo 1: “test” shows the pin i dropped photo 2: starting directions routes me to the nearest building instead of my pin photos 3 & 4: searching the coordinates still brings up the building’s address instead of the exact spot",experience_praise,ui_ux_carplay,"how to drop a pin on an exact location in apple maps i’m trying to drop a pin in apple maps for a very specific spot, like a parking lot. however, whenever i place the pin and save it, apple maps automatically snaps it to the nearest building instead of the exact location i selected. i’ve also tried searching by coordinates, but it still redirects me to the building address. photo 1: “test” shows the pin i dropped photo 2: starting directions routes me to the nearest building instead of my pin photos 3 & 4: searching the coordinates still brings up the building’s address instead of the exact spot","{'neg': 0.03, 'neu': 0.932, 'pos': 0.038, 'compound': 0.222}",0.222,positive
1pmp32h,applemaps,comment,1765746598.0,2025-12-14 15:09:58,https://www.reddit.com/r/applemaps/comments/1pmp32h/how_to_drop_a_pin_on_an_exact_location_in_apple/,,,"the pin is in the same spot, but the directions are to an address.",other,navigation_routing_traffic,"the pin is in the same spot, but the directions are to an address.","{'neg': 0.0, 'neu': 1.0, 'pos': 0.0, 'compound': 0.0}",0.0,neutral
1pmp32h,applemaps,comment,1765746598.0,2025-12-14 15:09:58,https://www.reddit.com/r/applemaps/comments/1pmp32h/how_to_drop_a_pin_on_an_exact_location_in_apple/,,,"i've found this same or similar issue when a manually drop a pin to share an exact location with someone. when you then open the shared link, it will show the general location instead of the exact one. pretty effing stupid when a) apple's poi location is wrong so you wanted to share the correct location but can't b) the general location is large, like a park, so the place it shows is nowhere near the pin you dropped. i don't know why apple does it this way.",experience_complaint,search_poi_data,"i've found this same or similar issue when a manually drop a pin to share an exact location with someone. when you then open the shared link, it will show the general location instead of the exact one. pretty effing stupid when a) apple's poi location is wrong so you wanted to share the correct location but can't b) the general location is large, like a park, so the place it shows is nowhere near the pin you dropped. i don't know why apple does it this way.","{'neg': 0.064, 'neu': 0.824, 'pos': 0.111, 'compound': 0.5112}",0.5112,positive
1pmp32h,applemaps,comment,1765746598.0,2025-12-14 15:09:58,https://www.reddit.com/r/applemaps/comments/1pmp32h/how_to_drop_a_pin_on_an_exact_location_in_apple/,,,i can add a pin anywhere and have never had one move on its own.,other,other,i can add a pin anywhere and have never had one move on its own.,"{'neg': 0.0, 'neu': 1.0, 'pos': 0.0, 'compound': 0.0}",0.0,neutral
1pmp32h,applemaps,comment,1765746598.0,2025-12-14 15:09:58,https://www.reddit.com/r/applemaps/comments/1pmp32h/how_to_drop_a_pin_on_an_exact_location_in_apple/,,,"can you show an example placing your pin in a forest? and see how you’re directed? redditers here seem to focus on the parking lot issue (this particular example) being mapped, rather than what you’re trying to illustrate in general.",experience_complaint,other,"can you show an example placing your pin in a forest? and see how you’re directed? redditers here seem to focus on the parking lot issue (this particular example) being mapped, rather than what you’re trying to illustrate in general.","{'neg': 0.0, 'neu': 1.0, 'pos': 0.0, 'compound': 0.0}",0.0,neutral
1pmp32h,applemaps,comment,1765746598.0,2025-12-14 15:09:58,https://www.reddit.com/r/applemaps/comments/1pmp32h/how_to_drop_a_pin_on_an_exact_location_in_apple/,,,,other,other,,"{'neg': 0.0, 'neu': 0.0, 'pos': 0.0, 'compound': 0.0}",0.0,neutral
1pmkddu,applemaps,post,1765735006.0,2025-12-14 11:56:46,https://www.reddit.com/r/applemaps/comments/1pmkddu/jules_verne_option/,11.0,6.0,"jules verne option apple maps added an extra 43,000 km to our trip from eindhoven (netherlands) to the beach. probably selected the jules verne option. fixed 30 minutes later.",other,other,"jules verne option apple maps added an extra 43,000 km to our trip from eindhoven (netherlands) to the beach. probably selected the jules verne option. fixed 30 minutes later.","{'neg': 0.0, 'neu': 1.0, 'pos': 0.0, 'compound': 0.0}",0.0,neutral
1pmkddu,applemaps,comment,1765735006.0,2025-12-14 11:56:46,https://www.reddit.com/r/applemaps/comments/1pmkddu/jules_verne_option/,,,"you realise that 43.111 ≠ 43,111 km. in some languages comma is used as a decimal separator and others use full stop.",other,other,"you realise that 43.111 ≠ 43,111 km. in some languages comma is used as a decimal separator and others use full stop.","{'neg': 0.104, 'neu': 0.896, 'pos': 0.0, 'compound': -0.296}",-0.296,negative
1pmkddu,applemaps,comment,1765735006.0,2025-12-14 11:56:46,https://www.reddit.com/r/applemaps/comments/1pmkddu/jules_verne_option/,,,i have the same problem sometimes. it´s a bug,bug_report,other,i have the same problem sometimes. it ́s a bug,"{'neg': 0.278, 'neu': 0.722, 'pos': 0.0, 'compound': -0.4019}",-0.4019,negative
1pmkddu,applemaps,comment,1765735006.0,2025-12-14 11:56:46,https://www.reddit.com/r/applemaps/comments/1pmkddu/jules_verne_option/,,,"it is weird to have the value rounded to the meter, but as your phone is in english, it is probably normal to have the full stop as decimal separator. so 43km and 111 meters.",other,other,"it is weird to have the value rounded to the meter, but as your phone is in english, it is probably normal to have the full stop as decimal separator. so 43km and 111 meters.","{'neg': 0.11, 'neu': 0.845, 'pos': 0.045, 'compound': -0.3506}",-0.3506,negative
1pjvqrz,applemaps,post,1765454289.0,2025-12-11 05:58:09,https://www.reddit.com/r/applemaps/comments/1pjvqrz/why_does_apple_maps_not_understand_elevation_or/,0.0,16.0,why does apple maps not understand elevation or construction zones?,other,navigation_routing_traffic,why does apple maps not understand elevation or construction zones?,"{'neg': 0.0, 'neu': 1.0, 'pos': 0.0, 'compound': 0.0}",0.0,neutral
1pjvqrz,applemaps,comment,1765454289.0,2025-12-11 05:58:09,https://www.reddit.com/r/applemaps/comments/1pjvqrz/why_does_apple_maps_not_understand_elevation_or/,,,…? elaborate…?,other,other,...? elaborate...?,"{'neg': 0.0, 'neu': 1.0, 'pos': 0.0, 'compound': 0.0}",0.0,neutral
1pjvqrz,applemaps,comment,1765454289.0,2025-12-11 05:58:09,https://www.reddit.com/r/applemaps/comments/1pjvqrz/why_does_apple_maps_not_understand_elevation_or/,,,"so...your complaint is not about maps (which does have detailed elevation/floor data for some airports, malls, etc.)...your complaint is that your phone (or most any phone for that matter) can't seem to tell what elevation you are at...and within a 20 foot height in some cases. maps can tell you where to go (and it may have been helpful in this case, if it knew, to direct you to a specific floor or exit)...but it may be a while before sensors in your phone can tell you what floor you are on unless that area utilizes a series of bluetooth beacons to narrow down your exact location. they exist, but not in widespread use.",other,navigation_routing_traffic,"so...your complaint is not about maps (which does have detailed elevation/floor data for some airports, malls, etc.)...your complaint is that your phone (or most any phone for that matter) can't seem to tell what elevation you are at...and within a 20 foot height in some cases. maps can tell you where to go (and it may have been helpful in this case, if it knew, to direct you to a specific floor or exit)...but it may be a while before sensors in your phone can tell you what floor you are on unless that area utilizes a series of bluetooth beacons to narrow down your exact location. they exist, but not in widespread use.","{'neg': 0.029, 'neu': 0.955, 'pos': 0.017, 'compound': -0.0772}",-0.0772,neutral
1pjvqrz,applemaps,comment,1765454289.0,2025-12-11 05:58:09,https://www.reddit.com/r/applemaps/comments/1pjvqrz/why_does_apple_maps_not_understand_elevation_or/,,,it does,other,other,it does,"{'neg': 0.0, 'neu': 1.0, 'pos': 0.0, 'compound': 0.0}",0.0,neutral
1pjvqrz,applemaps,comment,1765454289.0,2025-12-11 05:58:09,https://www.reddit.com/r/applemaps/comments/1pjvqrz/why_does_apple_maps_not_understand_elevation_or/,,,"it does understand elevation, but elevation data is poorly implemented and only visible to you in limited areas of the app. they added the ability to report road work and road closures in ios 26, but there is no ability to show the entire span of construction zone. asking ""why"" for this is the same as asking ""why"" for any other feature in any other app that was included or excluded. these are the choices they made when developing the app.",other,navigation_routing_traffic,"it does understand elevation, but elevation data is poorly implemented and only visible to you in limited areas of the app. they added the ability to report road work and road closures in ios 26, but there is no ability to show the entire span of construction zone. asking ""why"" for this is the same as asking ""why"" for any other feature in any other app that was included or excluded. these are the choices they made when developing the app.","{'neg': 0.092, 'neu': 0.843, 'pos': 0.065, 'compound': -0.3291}",-0.3291,negative
1pjvqrz,applemaps,comment,1765454289.0,2025-12-11 05:58:09,https://www.reddit.com/r/applemaps/comments/1pjvqrz/why_does_apple_maps_not_understand_elevation_or/,,,?,other,other,?,"{'neg': 0.0, 'neu': 0.0, 'pos': 0.0, 'compound': 0.0}",0.0,neutral
1pjvqrz,applemaps,comment,1765454289.0,2025-12-11 05:58:09,https://www.reddit.com/r/applemaps/comments/1pjvqrz/why_does_apple_maps_not_understand_elevation_or/,,,something i enjoyed in china was the way multi-level highways were handled in common map applications. really elegant and intuitive.,other,ui_ux_carplay,something i enjoyed in china was the way multi-level highways were handled in common map applications. really elegant and intuitive.,"{'neg': 0.0, 'neu': 0.718, 'pos': 0.282, 'compound': 0.7713}",0.7713,positive
1pjn3yt,applemaps,post,1765423226.0,2025-12-10 21:20:26,https://www.reddit.com/r/applemaps/comments/1pjn3yt/how_do_i_get_the_arrowdirections_to_be_in_the_way/,0.0,16.0,how do i get the arrow/directions to be in the way of the map?! this is insane… is this really not shrinkabke? the thing that used to pop down and i’d always swipe away because it was blocking what i was trying to do?… is now permanently blocking the whole top of the map view? is there any way to go back ie make it not so obtrusive? i’ve always been a supporter of apple maps but this is just awful… please help…,experience_complaint,navigation_routing_traffic,how do i get the arrow/directions to be in the way of the map?! this is insane... is this really not shrinkabke? the thing that used to pop down and i’d always swipe away because it was blocking what i was trying to do?... is now permanently blocking the whole top of the map view? is there any way to go back ie make it not so obtrusive? i’ve always been a supporter of apple maps but this is just awful... please help...,"{'neg': 0.042, 'neu': 0.875, 'pos': 0.083, 'compound': 0.5502}",0.5502,positive
1pjn3yt,applemaps,comment,1765423226.0,2025-12-10 21:20:26,https://www.reddit.com/r/applemaps/comments/1pjn3yt/how_do_i_get_the_arrowdirections_to_be_in_the_way/,,,it only used to pop down if you were in a different app. it was always a black bar at the top of the screen while you were in the maps app. this is 26 compared to 18,comparison_discussion,ui_ux_carplay,it only used to pop down if you were in a different app. it was always a black bar at the top of the screen while you were in the maps app. this is 26 compared to 18,"{'neg': 0.0, 'neu': 0.951, 'pos': 0.049, 'compound': 0.2023}",0.2023,positive
1pjn3yt,applemaps,comment,1765423226.0,2025-12-10 21:20:26,https://www.reddit.com/r/applemaps/comments/1pjn3yt/how_do_i_get_the_arrowdirections_to_be_in_the_way/,,,"it never used to shrink in app, what are you talking about?? the ios 26 version is less intrusive than the 18 actually",other,other,"it never used to shrink in app, what are you talking about?? the ios 26 version is less intrusive than the 18 actually","{'neg': 0.0, 'neu': 1.0, 'pos': 0.0, 'compound': 0.0}",0.0,neutral
1pjn3yt,applemaps,comment,1765423226.0,2025-12-10 21:20:26,https://www.reddit.com/r/applemaps/comments/1pjn3yt/how_do_i_get_the_arrowdirections_to_be_in_the_way/,,,"you’re confusing two things one was a notification when you were in another app, the other (in your screenshot) is the next turn detail - you can swipe away a notification but not the in app detail. if you want to see what’s under the detail, just move the map with a swipe",other,ui_ux_carplay,"you’re confusing two things one was a notification when you were in another app, the other (in your screenshot) is the next turn detail - you can swipe away a notification but not the in app detail. if you want to see what’s under the detail, just move the map with a swipe","{'neg': 0.029, 'neu': 0.942, 'pos': 0.029, 'compound': -0.0}",-0.0,neutral
1pjn3yt,applemaps,comment,1765423226.0,2025-12-10 21:20:26,https://www.reddit.com/r/applemaps/comments/1pjn3yt/how_do_i_get_the_arrowdirections_to_be_in_the_way/,,,"certainly in carplay,,tapping the directions will change between a larger and more compact style. tried that?",other,ui_ux_carplay,"certainly in carplay,,tapping the directions will change between a larger and more compact style. tried that?","{'neg': 0.0, 'neu': 0.854, 'pos': 0.146, 'compound': 0.34}",0.34,positive
1pjmah1,applemaps,post,1765420861.0,2025-12-10 20:41:01,https://www.reddit.com/r/applemaps/comments/1pjmah1/fire_hydrant_intrigue/,21.0,5.0,"fire hydrant intrigue sorry if this isn’t the right sub for this. does anyone know why apple maps would censor the tops of fire hydrants? not just one, but many that’s i’ve seen are censored. they’re not even that phallic! i’ve attached an example of this. thank you all in advance for your consideration and opinions/answers.",other,other,"fire hydrant intrigue sorry if this isn’t the right sub for this. does anyone know why apple maps would censor the tops of fire hydrants? not just one, but many that’s i’ve seen are censored. they’re not even that phallic! i’ve attached an example of this. thank you all in advance for your consideration and opinions/answers.","{'neg': 0.137, 'neu': 0.769, 'pos': 0.094, 'compound': 0.2034}",0.2034,positive
1pjmah1,applemaps,comment,1765420861.0,2025-12-10 20:41:01,https://www.reddit.com/r/applemaps/comments/1pjmah1/fire_hydrant_intrigue/,,,"they want to make sure they don’t miss a single face, no matter what position the people are in. for that, the tolerance levels for their face detection algorithms are higher and will have false positives like this more often than not. i’m gonna assume the hydrants have features at the top there that look like a face",experience_praise,other,"they want to make sure they don’t miss a single face, no matter what position the people are in. for that, the tolerance levels for their face detection algorithms are higher and will have false positives like this more often than not. i’m gonna assume the hydrants have features at the top there that look like a face","{'neg': 0.057, 'neu': 0.688, 'pos': 0.256, 'compound': 0.8834}",0.8834,positive
1pjmah1,applemaps,comment,1765420861.0,2025-12-10 20:41:01,https://www.reddit.com/r/applemaps/comments/1pjmah1/fire_hydrant_intrigue/,,,they don’t want google to harvest their imagery for captcha.,other,other,they don’t want google to harvest their imagery for captcha.,"{'neg': 0.0, 'neu': 0.874, 'pos': 0.126, 'compound': 0.0772}",0.0772,neutral
1pjmah1,applemaps,comment,1765420861.0,2025-12-10 20:41:01,https://www.reddit.com/r/applemaps/comments/1pjmah1/fire_hydrant_intrigue/,,,from this view it's not blurred.,other,other,from this view it's not blurred.,"{'neg': 0.0, 'neu': 1.0, 'pos': 0.0, 'compound': 0.0}",0.0,neutral
1pjmah1,applemaps,comment,1765420861.0,2025-12-10 20:41:01,https://www.reddit.com/r/applemaps/comments/1pjmah1/fire_hydrant_intrigue/,,,"but from a few feet to the right, it is. flaky algorithm.",other,other,"but from a few feet to the right, it is. flaky algorithm.","{'neg': 0.0, 'neu': 1.0, 'pos': 0.0, 'compound': 0.0}",0.0,neutral
1pjmah1,applemaps,comment,1765420861.0,2025-12-10 20:41:01,https://www.reddit.com/r/applemaps/comments/1pjmah1/fire_hydrant_intrigue/,,,top part might look like a helmet ⛑️ hence high risk of finding a face under it.,experience_praise,other,top part might look like a helmet ⛑️ hence high risk of finding a face under it.,"{'neg': 0.114, 'neu': 0.652, 'pos': 0.234, 'compound': 0.296}",0.296,positive
1pidajp,applemaps,post,1765300802.0,2025-12-09 11:20:02,https://www.reddit.com/r/applemaps/comments/1pidajp/apple_maps_not_showing_rodoviária_do_oeste_bus/,3.0,1.0,"apple maps not showing rodoviária do oeste bus routes in portugal i’m trying to understand why apple maps does not show certain bus routes in portugal. for example, rodoviária do oeste operates a daily route from óbidos at 16:15 that arrives in lisbon at campo grande at 17:15. this route is published on their own schedule and also appears correctly in google maps. however, when i check apple maps, nothing shows up at all, even though i have bus selected as a transportation mode. it looks like apple maps either does not have the transit data for this region or i’m missing something in the settings. has anyone run into this before, and is there a reason apple maps cannot display these bus routes in óbidos or lisbon? i’m wondering if there’s a workaround or if apple maps simply does not support rodoviária do oeste.",comparison_discussion,ui_ux_carplay,"apple maps not showing rodoviária do oeste bus routes in portugal i’m trying to understand why apple maps does not show certain bus routes in portugal. for example, rodoviária do oeste operates a daily route from óbidos at 16:15 that arrives in lisbon at campo grande at 17:15. this route is published on their own schedule and also appears correctly in google maps. however, when i check apple maps, nothing shows up at all, even though i have bus selected as a transportation mode. it looks like apple maps either does not have the transit data for this region or i’m missing something in the settings. has anyone run into this before, and is there a reason apple maps cannot display these bus routes in óbidos or lisbon? i’m wondering if there’s a workaround or if apple maps simply does not support rodoviária do oeste.","{'neg': 0.044, 'neu': 0.939, 'pos': 0.017, 'compound': -0.416}",-0.416,negative
1pidajp,applemaps,comment,1765300802.0,2025-12-09 11:20:02,https://www.reddit.com/r/applemaps/comments/1pidajp/apple_maps_not_showing_rodoviária_do_oeste_bus/,,,portugal caralho!,other,other,portugal caralho!,"{'neg': 0.0, 'neu': 1.0, 'pos': 0.0, 'compound': 0.0}",0.0,neutral
1phu2c7,applemaps,post,1765242196.0,2025-12-08 19:03:16,https://www.reddit.com/r/applemaps/comments/1phu2c7/apple_maps_doesnt_work_for_the_first_30_seconds/,0.0,9.0,"apple maps doesn’t work for the first 30 seconds to 2 minutes, and more when i try to use apple maps for navigation, for the first 30 seconds to 2 minutes, apple maps has me going all over the place through city blocks, shifting right and left, etc. usually it will then finally sink and be ok, but lately it still gets very, very confused in the middle of a trip. anyone else see similar issues or have an idea for a fix. i’ve restarted the maps app, the iphone, but no success.",experience_complaint,navigation_routing_traffic,"apple maps doesn’t work for the first 30 seconds to 2 minutes, and more when i try to use apple maps for navigation, for the first 30 seconds to 2 minutes, apple maps has me going all over the place through city blocks, shifting right and left, etc. usually it will then finally sink and be ok, but lately it still gets very, very confused in the middle of a trip. anyone else see similar issues or have an idea for a fix. i’ve restarted the maps app, the iphone, but no success.","{'neg': 0.082, 'neu': 0.849, 'pos': 0.068, 'compound': -0.1045}",-0.1045,neutral
1phu2c7,applemaps,comment,1765242196.0,2025-12-08 19:03:16,https://www.reddit.com/r/applemaps/comments/1phu2c7/apple_maps_doesnt_work_for_the_first_30_seconds/,,,i mean did you try the same route on another iphone?,other,navigation_routing_traffic,i mean did you try the same route on another iphone?,"{'neg': 0.0, 'neu': 1.0, 'pos': 0.0, 'compound': 0.0}",0.0,neutral
1phu2c7,applemaps,comment,1765242196.0,2025-12-08 19:03:16,https://www.reddit.com/r/applemaps/comments/1phu2c7/apple_maps_doesnt_work_for_the_first_30_seconds/,,,how accurate is your location? this sort of behaviour is often a lack of gps lock (either the satellites are not visible or the gps module is faulty),experience_praise,search_poi_data,how accurate is your location? this sort of behaviour is often a lack of gps lock (either the satellites are not visible or the gps module is faulty),"{'neg': 0.081, 'neu': 0.919, 'pos': 0.0, 'compound': -0.3182}",-0.3182,negative
1phu2c7,applemaps,comment,1765242196.0,2025-12-08 19:03:16,https://www.reddit.com/r/applemaps/comments/1phu2c7/apple_maps_doesnt_work_for_the_first_30_seconds/,,,could be the carrier.,other,other,could be the carrier.,"{'neg': 0.0, 'neu': 1.0, 'pos': 0.0, 'compound': 0.0}",0.0,neutral
1phu2c7,applemaps,comment,1765242196.0,2025-12-08 19:03:16,https://www.reddit.com/r/applemaps/comments/1phu2c7/apple_maps_doesnt_work_for_the_first_30_seconds/,,,does the location look ok in google maps?,comparison_discussion,search_poi_data,does the location look ok in google maps?,"{'neg': 0.0, 'neu': 0.761, 'pos': 0.239, 'compound': 0.296}",0.296,positive
1phu2c7,applemaps,comment,1765242196.0,2025-12-08 19:03:16,https://www.reddit.com/r/applemaps/comments/1phu2c7/apple_maps_doesnt_work_for_the_first_30_seconds/,,,not happening here. maybe it’s a fault on your carplay unit? or are you indoors when you start the navigation?,other,ui_ux_carplay,not happening here. maybe it’s a fault on your carplay unit? or are you indoors when you start the navigation?,"{'neg': 0.145, 'neu': 0.855, 'pos': 0.0, 'compound': -0.4696}",-0.4696,negative
1phu2c7,applemaps,comment,1765242196.0,2025-12-08 19:03:16,https://www.reddit.com/r/applemaps/comments/1phu2c7/apple_maps_doesnt_work_for_the_first_30_seconds/,,,this issue is usually related to the gps in your car. maps uses this to refine the location when used with carplay. usually happens in rental cars that have the internal compass set to a location far away from your current location. calibrate the car’s compass/gps and you should eliminate the battle between your phone’s gps and the one in the car.,experience_complaint,ui_ux_carplay,this issue is usually related to the gps in your car. maps uses this to refine the location when used with carplay. usually happens in rental cars that have the internal compass set to a location far away from your current location. calibrate the car’s compass/gps and you should eliminate the battle between your phone’s gps and the one in the car.,"{'neg': 0.042, 'neu': 0.958, 'pos': 0.0, 'compound': -0.3818}",-0.3818,negative
1phl211,applemaps,post,1765220609.0,2025-12-08 13:03:29,https://www.reddit.com/r/applemaps/comments/1phl211/voice_guidance_detail/,5.0,4.0,"voice guidance detail i recently took a road trip and used apple maps because it was the only map that defaulted the way i wanted to go and i didn't feel like messing with way points. to my surprise it worked very well compared to when i had first tried using it back in the day. my only gripe was that a few times i got a little confused because the details were lacking compared to google maps. like it wouldn't explain a ""veer off"" type split in the road it just said how far to go until the actual exit. is there a way to get more detailed descriptions?",comparison_discussion,ui_ux_carplay,"voice guidance detail i recently took a road trip and used apple maps because it was the only map that defaulted the way i wanted to go and i didn't feel like messing with way points. to my surprise it worked very well compared to when i had first tried using it back in the day. my only gripe was that a few times i got a little confused because the details were lacking compared to google maps. like it wouldn't explain a ""veer off"" type split in the road it just said how far to go until the actual exit. is there a way to get more detailed descriptions?","{'neg': 0.059, 'neu': 0.899, 'pos': 0.042, 'compound': -0.1862}",-0.1862,neutral
1phl211,applemaps,comment,1765220609.0,2025-12-08 13:03:29,https://www.reddit.com/r/applemaps/comments/1phl211/voice_guidance_detail/,,,i think you need to explain better or show an example. i’m not aware of any detail google shows during driving that apple doesn’t show or do better.,other,navigation_routing_traffic,i think you need to explain better or show an example. i’m not aware of any detail google shows during driving that apple doesn’t show or do better.,"{'neg': 0.0, 'neu': 0.812, 'pos': 0.188, 'compound': 0.7003}",0.7003,positive
1phl211,applemaps,comment,1765220609.0,2025-12-08 13:03:29,https://www.reddit.com/r/applemaps/comments/1phl211/voice_guidance_detail/,,,i found apple maps the best at voice guidance like “after this light turn right.” far better than google or waze. my .02 anyway. ymmv,comparison_discussion,ui_ux_carplay,i found apple maps the best at voice guidance like “after this light turn right.” far better than google or waze. my .02 anyway. ymmv,"{'neg': 0.0, 'neu': 0.686, 'pos': 0.314, 'compound': 0.8625}",0.8625,positive
1phjrkt,applemaps,post,1765217744.0,2025-12-08 12:15:44,https://www.reddit.com/r/applemaps/comments/1phjrkt/without_an_apple_account_how_do_i_submit_a_error/,10.0,20.0,"without an apple account, how do i submit a error in apple maps? the street between ""1102 gardencrest ln, houston, tx, 77077"" and ""1150 enclave square w, houston tx, 77077"" is not a connecting street. a fence runs through where the street would connect, because these roads are in adjacent, but separate communities. i've tried to find a way to communicate this to the apple maps group, but i lack iphone, and apparently apple maps has changed or shutdown any kind of non-apple account holder from submitting issues to apple maps. this is creating a nearly daily scenario where some delivery driver enters one or the other community as their maps route them from one community into the other on this non-connecting street. it also complicates food deliveries, as the delivery drivers get stuck at the wrong gate, repeatedly typing in the wrong gate code, because apple maps routed them through one community to an address in the other community. how do i submit a proper bug to the apple maps group, assuming i don't own an apple device?",policy_discussion,policy_strategy,"without an apple account, how do i submit a error in apple maps? the street between ""1102 gardencrest ln, houston, tx, 77077"" and ""1150 enclave square w, houston tx, 77077"" is not a connecting street. a fence runs through where the street would connect, because these roads are in adjacent, but separate communities. i've tried to find a way to communicate this to the apple maps group, but i lack iphone, and apparently apple maps has changed or shutdown any kind of non-apple account holder from submitting issues to apple maps. this is creating a nearly daily scenario where some delivery driver enters one or the other community as their maps route them from one community into the other on this non-connecting street. it also complicates food deliveries, as the delivery drivers get stuck at the wrong gate, repeatedly typing in the wrong gate code, because apple maps routed them through one community to an address in the other community. how do i submit a proper bug to the apple maps group, assuming i don't own an apple device?","{'neg': 0.087, 'neu': 0.879, 'pos': 0.034, 'compound': -0.8924}",-0.8924,negative
1phjrkt,applemaps,comment,1765217744.0,2025-12-08 12:15:44,https://www.reddit.com/r/applemaps/comments/1phjrkt/without_an_apple_account_how_do_i_submit_a_error/,,,i have fixed this issue on openstreetmap (osm). this may help as osm is a major contributor to apple maps for areas with limited coverage.,experience_complaint,other,i have fixed this issue on openstreetmap (osm). this may help as osm is a major contributor to apple maps for areas with limited coverage.,"{'neg': 0.074, 'neu': 0.82, 'pos': 0.105, 'compound': 0.2023}",0.2023,positive
1phjrkt,applemaps,comment,1765217744.0,2025-12-08 12:15:44,https://www.reddit.com/r/applemaps/comments/1phjrkt/without_an_apple_account_how_do_i_submit_a_error/,,,"i reported it… it said they’d respond after reviewing it, we’ll see if they respond.",other,other,"i reported it... it said they’d respond after reviewing it, we’ll see if they respond.","{'neg': 0.0, 'neu': 1.0, 'pos': 0.0, 'compound': 0.0}",0.0,neutral
1phjrkt,applemaps,comment,1765217744.0,2025-12-08 12:15:44,https://www.reddit.com/r/applemaps/comments/1phjrkt/without_an_apple_account_how_do_i_submit_a_error/,,,"note that this issue is specific to apple maps, google maps use different data sources that show the road correctly.",comparison_discussion,other,"note that this issue is specific to apple maps, google maps use different data sources that show the road correctly.","{'neg': 0.0, 'neu': 1.0, 'pos': 0.0, 'compound': 0.0}",0.0,neutral
1phjrkt,applemaps,comment,1765217744.0,2025-12-08 12:15:44,https://www.reddit.com/r/applemaps/comments/1phjrkt/without_an_apple_account_how_do_i_submit_a_error/,,,through the website: [,other,other,through the website: [,"{'neg': 0.0, 'neu': 1.0, 'pos': 0.0, 'compound': 0.0}",0.0,neutral
1phjrkt,applemaps,comment,1765217744.0,2025-12-08 12:15:44,https://www.reddit.com/r/applemaps/comments/1phjrkt/without_an_apple_account_how_do_i_submit_a_error/,,,"just checked, it’s fixed now!",other,other,"just checked, it’s fixed now!","{'neg': 0.0, 'neu': 1.0, 'pos': 0.0, 'compound': 0.0}",0.0,neutral
1phjrkt,applemaps,comment,1765217744.0,2025-12-08 12:15:44,https://www.reddit.com/r/applemaps/comments/1phjrkt/without_an_apple_account_how_do_i_submit_a_error/,,,,other,other,,"{'neg': 0.0, 'neu': 0.0, 'pos': 0.0, 'compound': 0.0}",0.0,neutral
1phjrkt,applemaps,comment,1765217744.0,2025-12-08 12:15:44,https://www.reddit.com/r/applemaps/comments/1phjrkt/without_an_apple_account_how_do_i_submit_a_error/,,,"delivery drivers should know better. maybe the first time, but they need to learn the idiosyncrasies of their areas. source: been there done that.",other,other,"delivery drivers should know better. maybe the first time, but they need to learn the idiosyncrasies of their areas. source: been there done that.","{'neg': 0.0, 'neu': 0.922, 'pos': 0.078, 'compound': 0.2382}",0.2382,positive
1phjrkt,applemaps,comment,1765217744.0,2025-12-08 12:15:44,https://www.reddit.com/r/applemaps/comments/1phjrkt/without_an_apple_account_how_do_i_submit_a_error/,,,"i wonder if this isn’t just an apple maps problem then. i know that with uber, the driver app has its own navigation built in. i’m assuming other delivery apps are the same.",experience_complaint,ui_ux_carplay,"i wonder if this isn’t just an apple maps problem then. i know that with uber, the driver app has its own navigation built in. i’m assuming other delivery apps are the same.","{'neg': 0.083, 'neu': 0.917, 'pos': 0.0, 'compound': -0.4019}",-0.4019,negative
1phjrkt,applemaps,comment,1765217744.0,2025-12-08 12:15:44,https://www.reddit.com/r/applemaps/comments/1phjrkt/without_an_apple_account_how_do_i_submit_a_error/,,,"as far as i’m aware, this is not possible. you have to have to be logged into an apple account on an apple device to report issues in apple maps.",experience_complaint,other,"as far as i’m aware, this is not possible. you have to have to be logged into an apple account on an apple device to report issues in apple maps.","{'neg': 0.0, 'neu': 1.0, 'pos': 0.0, 'compound': 0.0}",0.0,neutral
1phjrkt,applemaps,comment,1765217744.0,2025-12-08 12:15:44,https://www.reddit.com/r/applemaps/comments/1phjrkt/without_an_apple_account_how_do_i_submit_a_error/,,,apple maps is the worst. embarrassingly bad,experience_complaint,other,apple maps is the worst. embarrassingly bad,"{'neg': 0.72, 'neu': 0.28, 'pos': 0.0, 'compound': -0.8834}",-0.8834,negative
1pg0jye,applemaps,post,1765056578.0,2025-12-06 15:29:38,https://www.reddit.com/r/applemaps/comments/1pg0jye/apple_maps_pronunciation_of_road_names_ios_26_uk/,6.0,7.0,"apple maps pronunciation of road names ios 26 / uk wrong i can't find much info about this other than ""i have the same problem"". apple maps pronounces road names wrong - sometimes. such as * ""whitehouse avenue"" becomes ""whitehousey avenue"". * ""saint johns road"" comes ""santa johnsa road"" i've tried changing voices, makes no difference. any ideas?",experience_complaint,search_poi_data,"apple maps pronunciation of road names ios 26 / uk wrong i can't find much info about this other than ""i have the same problem"". apple maps pronounces road names wrong - sometimes. such as * ""whitehouse avenue"" becomes ""whitehousey avenue"". * ""saint johns road"" comes ""santa johnsa road"" i've tried changing voices, makes no difference. any ideas?","{'neg': 0.144, 'neu': 0.856, 'pos': 0.0, 'compound': -0.8126}",-0.8126,negative
1pg0jye,applemaps,comment,1765056578.0,2025-12-06 15:29:38,https://www.reddit.com/r/applemaps/comments/1pg0jye/apple_maps_pronunciation_of_road_names_ios_26_uk/,,,get reporting. i have a similar issue in australia.,experience_complaint,other,get reporting. i have a similar issue in australia.,"{'neg': 0.0, 'neu': 1.0, 'pos': 0.0, 'compound': 0.0}",0.0,neutral
1pg0jye,applemaps,comment,1765056578.0,2025-12-06 15:29:38,https://www.reddit.com/r/applemaps/comments/1pg0jye/apple_maps_pronunciation_of_road_names_ios_26_uk/,,,same in france.,other,other,same in france.,"{'neg': 0.0, 'neu': 1.0, 'pos': 0.0, 'compound': 0.0}",0.0,neutral
1pg0jye,applemaps,comment,1765056578.0,2025-12-06 15:29:38,https://www.reddit.com/r/applemaps/comments/1pg0jye/apple_maps_pronunciation_of_road_names_ios_26_uk/,,,same issue. putting an ‘er’ on end of road names. very odd.,experience_complaint,other,same issue. putting an ‘er’ on end of road names. very odd.,"{'neg': 0.191, 'neu': 0.809, 'pos': 0.0, 'compound': -0.3804}",-0.3804,negative
1pg0jye,applemaps,comment,1765056578.0,2025-12-06 15:29:38,https://www.reddit.com/r/applemaps/comments/1pg0jye/apple_maps_pronunciation_of_road_names_ios_26_uk/,,,you could try waze or google maps.,comparison_discussion,other,you could try waze or google maps.,"{'neg': 0.0, 'neu': 1.0, 'pos': 0.0, 'compound': 0.0}",0.0,neutral
1pf2nvb,applemaps,post,1764959206.0,2025-12-05 12:26:46,https://www.reddit.com/r/applemaps/comments/1pf2nvb/google_maps_is_getting_bad_and_worse_than_apple/,21.0,9.0,google maps is getting bad and worse than apple maps.,comparison_discussion,other,google maps is getting bad and worse than apple maps.,"{'neg': 0.452, 'neu': 0.548, 'pos': 0.0, 'compound': -0.765}",-0.765,negative
1pf2nvb,applemaps,comment,1764959206.0,2025-12-05 12:26:46,https://www.reddit.com/r/applemaps/comments/1pf2nvb/google_maps_is_getting_bad_and_worse_than_apple/,,,google maps is still king of poi data. apple maps is (often) better at navigation.,comparison_discussion,navigation_routing_traffic,google maps is still king of poi data. apple maps is (often) better at navigation.,"{'neg': 0.0, 'neu': 0.828, 'pos': 0.172, 'compound': 0.4404}",0.4404,positive
1pf2nvb,applemaps,comment,1764959206.0,2025-12-05 12:26:46,https://www.reddit.com/r/applemaps/comments/1pf2nvb/google_maps_is_getting_bad_and_worse_than_apple/,,,horrible user interface. everything is tiny in google maps.,comparison_discussion,ui_ux_carplay,horrible user interface. everything is tiny in google maps.,"{'neg': 0.304, 'neu': 0.696, 'pos': 0.0, 'compound': -0.5423}",-0.5423,negative
1pf2nvb,applemaps,comment,1764959206.0,2025-12-05 12:26:46,https://www.reddit.com/r/applemaps/comments/1pf2nvb/google_maps_is_getting_bad_and_worse_than_apple/,,,getting bad and worse? it has been for years – particularly in north america and europe for me.,experience_complaint,other,getting bad and worse? it has been for years – particularly in north america and europe for me.,"{'neg': 0.306, 'neu': 0.694, 'pos': 0.0, 'compound': -0.765}",-0.765,negative
1pf2nvb,applemaps,comment,1764959206.0,2025-12-05 12:26:46,https://www.reddit.com/r/applemaps/comments/1pf2nvb/google_maps_is_getting_bad_and_worse_than_apple/,,,google maps is great for discovering places imo. with the new filters like minimum number of reviews and +4.5 stars rating you can find out nice places around. for navigation tho particularly driving apple maps is so much better. there is something about google design that has always bugged me like it’s done with all colors and wrong fonts/sizes all over the place like they forgot to think what the user would see or something. the apple maps ui is clean and intuitive. apple makes experiences guided by designers (less information but visually better) while google is like an engineer designed them (give me as much info as possible even if it looks like ass),comparison_discussion,ui_ux_carplay,google maps is great for discovering places imo. with the new filters like minimum number of reviews and +4.5 stars rating you can find out nice places around. for navigation tho particularly driving apple maps is so much better. there is something about google design that has always bugged me like it’s done with all colors and wrong fonts/sizes all over the place like they forgot to think what the user would see or something. the apple maps ui is clean and intuitive. apple makes experiences guided by designers (less information but visually better) while google is like an engineer designed them (give me as much info as possible even if it looks like ass),"{'neg': 0.016, 'neu': 0.817, 'pos': 0.167, 'compound': 0.9353}",0.9353,positive
1pf2nvb,applemaps,comment,1764959206.0,2025-12-05 12:26:46,https://www.reddit.com/r/applemaps/comments/1pf2nvb/google_maps_is_getting_bad_and_worse_than_apple/,,,it’s been worse than apple maps for like seven years now,experience_praise,other,it’s been worse than apple maps for like seven years now,"{'neg': 0.212, 'neu': 0.616, 'pos': 0.171, 'compound': -0.1531}",-0.1531,neutral
1pf2nvb,applemaps,comment,1764959206.0,2025-12-05 12:26:46,https://www.reddit.com/r/applemaps/comments/1pf2nvb/google_maps_is_getting_bad_and_worse_than_apple/,,,"i use google maps for live activities (idk why apple maps doesn’t allow this for public transport), but i do use apple maps for getting timings for my transport routes, which is often way more accurate than google maps or my local transport provider",comparison_discussion,navigation_routing_traffic,"i use google maps for live activities (idk why apple maps doesn’t allow this for public transport), but i do use apple maps for getting timings for my transport routes, which is often way more accurate than google maps or my local transport provider","{'neg': 0.0, 'neu': 0.966, 'pos': 0.034, 'compound': 0.1154}",0.1154,neutral
1pf2nvb,applemaps,comment,1764959206.0,2025-12-05 12:26:46,https://www.reddit.com/r/applemaps/comments/1pf2nvb/google_maps_is_getting_bad_and_worse_than_apple/,,,i’ve been absolutely faithful to apple maps since i’ve had an apple device. my only complaint is that you can’t use the maps app while navigating… the only reason i use the google maps app is to look at other places while i’m navigating.,comparison_discussion,search_poi_data,i’ve been absolutely faithful to apple maps since i’ve had an apple device. my only complaint is that you can’t use the maps app while navigating... the only reason i use the google maps app is to look at other places while i’m navigating.,"{'neg': 0.047, 'neu': 0.884, 'pos': 0.069, 'compound': 0.2484}",0.2484,positive
1pdc0k6,applemaps,post,1764786088.0,2025-12-03 12:21:28,https://www.reddit.com/r/applemaps/comments/1pdc0k6/apple_maps_trip_planning_and_alerting/,3.0,4.0,"apple maps trip planning and alerting? would prefer to use apple maps but can't find a way, like in waze, to plan, say, a trip across the city next saturday, give it a preferred arrival time, and based on previous traffic data it gives me a, route with estimated start time, plus monitor traffic conditions and, if there is a traffic backup on that day, send me an alert with a new suggested earlier start time?",comparison_discussion,navigation_routing_traffic,"apple maps trip planning and alerting? would prefer to use apple maps but can't find a way, like in waze, to plan, say, a trip across the city next saturday, give it a preferred arrival time, and based on previous traffic data it gives me a, route with estimated start time, plus monitor traffic conditions and, if there is a traffic backup on that day, send me an alert with a new suggested earlier start time?","{'neg': 0.036, 'neu': 0.922, 'pos': 0.042, 'compound': 0.1268}",0.1268,neutral
1pdc0k6,applemaps,comment,1764786088.0,2025-12-03 12:21:28,https://www.reddit.com/r/applemaps/comments/1pdc0k6/apple_maps_trip_planning_and_alerting/,,,the best you can do is chose the *arrive by* setting and hope it’s fairly accurate. don’t think it’ll send you an alert to **leave now**.,experience_praise,other,the best you can do is chose the *arrive by* setting and hope it’s fairly accurate. don’t think it’ll send you an alert to **leave now**.,"{'neg': 0.0, 'neu': 0.712, 'pos': 0.288, 'compound': 0.8519}",0.8519,positive
1pdc0k6,applemaps,comment,1764786088.0,2025-12-03 12:21:28,https://www.reddit.com/r/applemaps/comments/1pdc0k6/apple_maps_trip_planning_and_alerting/,,,"in a roundabout way, yes: create an event in calendar, set the location and start time. and set the notification to time to leave. you’ll get a notification with traffic conditions in mind",other,navigation_routing_traffic,"in a roundabout way, yes: create an event in calendar, set the location and start time. and set the notification to time to leave. you’ll get a notification with traffic conditions in mind","{'neg': 0.035, 'neu': 0.824, 'pos': 0.141, 'compound': 0.5574}",0.5574,positive
1pdc0k6,applemaps,comment,1764786088.0,2025-12-03 12:21:28,https://www.reddit.com/r/applemaps/comments/1pdc0k6/apple_maps_trip_planning_and_alerting/,,,well u can create a ur specific route.,other,navigation_routing_traffic,well u can create a ur specific route.,"{'neg': 0.0, 'neu': 0.488, 'pos': 0.512, 'compound': 0.4939}",0.4939,positive
1pdc0k6,applemaps,comment,1764786088.0,2025-12-03 12:21:28,https://www.reddit.com/r/applemaps/comments/1pdc0k6/apple_maps_trip_planning_and_alerting/,,,"no alerts, but can pick the date and time and it gives you a preview.",other,other,"no alerts, but can pick the date and time and it gives you a preview.","{'neg': 0.11, 'neu': 0.89, 'pos': 0.0, 'compound': -0.1531}",-0.1531,neutral
1pd86ac,applemaps,post,1764777815.0,2025-12-03 10:03:35,https://www.reddit.com/r/applemaps/comments/1pd86ac/apple_maps_doesnt_show_speed_limit_anymore/,2.0,15.0,apple maps doesn't show speed limit anymore i have noticed one week ago that my apple maps doesn't show speed limit anymore. in settings everything is enabled. do anyone have the same? usa,other,other,apple maps doesn't show speed limit anymore i have noticed one week ago that my apple maps doesn't show speed limit anymore. in settings everything is enabled. do anyone have the same? usa,"{'neg': 0.0, 'neu': 1.0, 'pos': 0.0, 'compound': 0.0}",0.0,neutral
1pd86ac,applemaps,comment,1764777815.0,2025-12-03 10:03:35,https://www.reddit.com/r/applemaps/comments/1pd86ac/apple_maps_doesnt_show_speed_limit_anymore/,,,"just did a cross country road trip last week, always showed the speed limit",other,other,"just did a cross country road trip last week, always showed the speed limit","{'neg': 0.0, 'neu': 1.0, 'pos': 0.0, 'compound': 0.0}",0.0,neutral
1pd86ac,applemaps,comment,1764777815.0,2025-12-03 10:03:35,https://www.reddit.com/r/applemaps/comments/1pd86ac/apple_maps_doesnt_show_speed_limit_anymore/,,,"not every road has a speed limit sign despite all roads having a speed limit. apple maps only shows typically when represented by a sign...in some cases in error as a local road that has a 25 mph sign as shown on apple maps, sometimes stays even though the road changes to a state road with a 55mph limit....but since there is no sign, maps doesn't remove the 25mph sign until the next intersection or new sign...",policy_discussion,policy_strategy,"not every road has a speed limit sign despite all roads having a speed limit. apple maps only shows typically when represented by a sign...in some cases in error as a local road that has a 25 mph sign as shown on apple maps, sometimes stays even though the road changes to a state road with a 55mph limit....but since there is no sign, maps doesn't remove the 25mph sign until the next intersection or new sign...","{'neg': 0.067, 'neu': 0.933, 'pos': 0.0, 'compound': -0.5994}",-0.5994,negative
1pd86ac,applemaps,comment,1764777815.0,2025-12-03 10:03:35,https://www.reddit.com/r/applemaps/comments/1pd86ac/apple_maps_doesnt_show_speed_limit_anymore/,,,anyone in your country or the whole world?,other,other,anyone in your country or the whole world?,"{'neg': 0.0, 'neu': 1.0, 'pos': 0.0, 'compound': 0.0}",0.0,neutral
1pd86ac,applemaps,comment,1764777815.0,2025-12-03 10:03:35,https://www.reddit.com/r/applemaps/comments/1pd86ac/apple_maps_doesnt_show_speed_limit_anymore/,,,sorry. i am in usa.,other,other,sorry. i am in usa.,"{'neg': 0.302, 'neu': 0.698, 'pos': 0.0, 'compound': -0.0772}",-0.0772,neutral
1pd86ac,applemaps,comment,1764777815.0,2025-12-03 10:03:35,https://www.reddit.com/r/applemaps/comments/1pd86ac/apple_maps_doesnt_show_speed_limit_anymore/,,,if would be helpful to know what country you are in,other,other,if would be helpful to know what country you are in,"{'neg': 0.0, 'neu': 0.781, 'pos': 0.219, 'compound': 0.4215}",0.4215,positive
1pd86ac,applemaps,comment,1764777815.0,2025-12-03 10:03:35,https://www.reddit.com/r/applemaps/comments/1pd86ac/apple_maps_doesnt_show_speed_limit_anymore/,,,prima facie limit in effect if not posted,other,other,prima facie limit in effect if not posted,"{'neg': 0.0, 'neu': 1.0, 'pos': 0.0, 'compound': 0.0}",0.0,neutral
1pd86ac,applemaps,comment,1764777815.0,2025-12-03 10:03:35,https://www.reddit.com/r/applemaps/comments/1pd86ac/apple_maps_doesnt_show_speed_limit_anymore/,,,"apple maps only shows speed limit while routing, not while just driving (annoying for sure)",experience_complaint,navigation_routing_traffic,"apple maps only shows speed limit while routing, not while just driving (annoying for sure)","{'neg': 0.0, 'neu': 1.0, 'pos': 0.0, 'compound': 0.0}",0.0,neutral
1pd86ac,applemaps,comment,1764777815.0,2025-12-03 10:03:35,https://www.reddit.com/r/applemaps/comments/1pd86ac/apple_maps_doesnt_show_speed_limit_anymore/,,,i’m from czech republic. 🇨🇿 amd i have a speed limit showing all the time. one thing i hate for apple to remove. is the alert for speed limit. ( that alert is on all the time but it no longer shows the number next to the yellow camera as it used to),experience_complaint,other,i’m from czech republic. 🇨🇿 amd i have a speed limit showing all the time. one thing i hate for apple to remove. is the alert for speed limit. ( that alert is on all the time but it no longer shows the number next to the yellow camera as it used to),"{'neg': 0.096, 'neu': 0.818, 'pos': 0.086, 'compound': -0.3612}",-0.3612,negative
1pd86ac,applemaps,comment,1764777815.0,2025-12-03 10:03:35,https://www.reddit.com/r/applemaps/comments/1pd86ac/apple_maps_doesnt_show_speed_limit_anymore/,,,some roads they don’t have data for,policy_discussion,policy_strategy,some roads they don’t have data for,"{'neg': 0.0, 'neu': 1.0, 'pos': 0.0, 'compound': 0.0}",0.0,neutral
1pd86ac,applemaps,comment,1764777815.0,2025-12-03 10:03:35,https://www.reddit.com/r/applemaps/comments/1pd86ac/apple_maps_doesnt_show_speed_limit_anymore/,,,everything seems file right now.,other,other,everything seems file right now.,"{'neg': 0.0, 'neu': 1.0, 'pos': 0.0, 'compound': 0.0}",0.0,neutral
1pd2dig,applemaps,post,1764763458.0,2025-12-03 06:04:18,https://www.reddit.com/r/applemaps/comments/1pd2dig/stop_apple_maps_suggesting_shorter_routes_when/,10.0,22.0,"stop apple maps suggesting shorter routes when navigating! sometimes while driving with apple maps and carplay, it prompts over audio ""save 9 minutes by taking the eastern highway?"" and a pop-up on screen with yes or no. there's a countdown slider over yes, which will be selected if no option is pressed. i have to scramble to press no in time. i don't want to change my route in an unfamiliar area! then a few minutes later.... ""save 9 minutes by taking the eastern highway?"" no! then a few minutes later..... ""save 9 minutes by taking the eastern highway?"" noooooo!!!!!!!!!!!!!!!!!!!!!!!!!!!!!!!!!!!!!!!!!!!! one trip it asked me 12 times! i absolutely `hate` it. is there a way to disable it?",experience_complaint,ui_ux_carplay,"stop apple maps suggesting shorter routes when navigating! sometimes while driving with apple maps and carplay, it prompts over audio ""save 9 minutes by taking the eastern highway?"" and a pop-up on screen with yes or no. there's a countdown slider over yes, which will be selected if no option is pressed. i have to scramble to press no in time. i don't want to change my route in an unfamiliar area! then a few minutes later.... ""save 9 minutes by taking the eastern highway?"" no! then a few minutes later..... ""save 9 minutes by taking the eastern highway?"" noooooo!!!!!!!!!!!!!!!!!!!!!!!!!!!!!!!!!!!!!!!!!!!! one trip it asked me 12 times! i absolutely `hate` it. is there a way to disable it?","{'neg': 0.098, 'neu': 0.766, 'pos': 0.137, 'compound': 0.8362}",0.8362,positive
1pd2dig,applemaps,comment,1764763458.0,2025-12-03 06:04:18,https://www.reddit.com/r/applemaps/comments/1pd2dig/stop_apple_maps_suggesting_shorter_routes_when/,,,"if you go against what they say and you stay on your current path it will have to route you accordingly, it's not illegal to ignore it.",other,navigation_routing_traffic,"if you go against what they say and you stay on your current path it will have to route you accordingly, it's not illegal to ignore it.","{'neg': 0.0, 'neu': 0.832, 'pos': 0.168, 'compound': 0.6167}",0.6167,positive
1pd2dig,applemaps,comment,1764763458.0,2025-12-03 06:04:18,https://www.reddit.com/r/applemaps/comments/1pd2dig/stop_apple_maps_suggesting_shorter_routes_when/,,,i like the feature but i wish i could set a custom number of minutes before the prompt comes on. i thankfully live in a way that a single digit number of minutes is not important to me. i never respond to these alerts at all. i continue on my route and they go away.,feature_request,navigation_routing_traffic,i like the feature but i wish i could set a custom number of minutes before the prompt comes on. i thankfully live in a way that a single digit number of minutes is not important to me. i never respond to these alerts at all. i continue on my route and they go away.,"{'neg': 0.035, 'neu': 0.744, 'pos': 0.221, 'compound': 0.8407}",0.8407,positive
1pd2dig,applemaps,comment,1764763458.0,2025-12-03 06:04:18,https://www.reddit.com/r/applemaps/comments/1pd2dig/stop_apple_maps_suggesting_shorter_routes_when/,,,i though it was always a feature because when people test it out map app usually which one can reach faster 🤣,experience_praise,other,i though it was always a feature because when people test it out map app usually which one can reach faster 🤣,"{'neg': 0.0, 'neu': 0.942, 'pos': 0.058, 'compound': 0.0258}",0.0258,neutral
1pd2dig,applemaps,comment,1764763458.0,2025-12-03 06:04:18,https://www.reddit.com/r/applemaps/comments/1pd2dig/stop_apple_maps_suggesting_shorter_routes_when/,,,"what people really want is an option for the “simplest route“ even if it’s not the fastest. apple maps and google maps both infuriatingly choose the technically fastest route, even if it goes through a ridiculous amount of stoplights, stop signs, and turns, when you could just take a highway the whole way.",comparison_discussion,navigation_routing_traffic,"what people really want is an option for the “simplest route“ even if it’s not the fastest. apple maps and google maps both infuriatingly choose the technically fastest route, even if it goes through a ridiculous amount of stoplights, stop signs, and turns, when you could just take a highway the whole way.","{'neg': 0.087, 'neu': 0.884, 'pos': 0.029, 'compound': -0.4779}",-0.4779,negative
1pd2dig,applemaps,comment,1764763458.0,2025-12-03 06:04:18,https://www.reddit.com/r/applemaps/comments/1pd2dig/stop_apple_maps_suggesting_shorter_routes_when/,,,"no, there’s no way to stop it. mapping apps are programmed to get you to where you want to go via the fastest route. if there’s a faster route, it’s going to suggest it. that’s just how they work",experience_praise,navigation_routing_traffic,"no, there’s no way to stop it. mapping apps are programmed to get you to where you want to go via the fastest route. if there’s a faster route, it’s going to suggest it. that’s just how they work","{'neg': 0.158, 'neu': 0.811, 'pos': 0.031, 'compound': -0.6486}",-0.6486,negative
1pd2dig,applemaps,comment,1764763458.0,2025-12-03 06:04:18,https://www.reddit.com/r/applemaps/comments/1pd2dig/stop_apple_maps_suggesting_shorter_routes_when/,,,try using offline maps it should stop rerouting you.,other,navigation_routing_traffic,try using offline maps it should stop rerouting you.,"{'neg': 0.346, 'neu': 0.654, 'pos': 0.0, 'compound': -0.4019}",-0.4019,negative
1pd2dig,applemaps,comment,1764763458.0,2025-12-03 06:04:18,https://www.reddit.com/r/applemaps/comments/1pd2dig/stop_apple_maps_suggesting_shorter_routes_when/,,,"i’ve never “scrambled” to reach that. it gives me plenty of time to react. but don’t worry, google maps does a similar thing too! often just automatically rerouting without even giving a prompt! they’re all programmed to prompt you to take the route they determine to be the fastest, and traffic or accidents will change which route is faster as you are actively navigating.",comparison_discussion,navigation_routing_traffic,"i’ve never “scrambled” to reach that. it gives me plenty of time to react. but don’t worry, google maps does a similar thing too! often just automatically rerouting without even giving a prompt! they’re all programmed to prompt you to take the route they determine to be the fastest, and traffic or accidents will change which route is faster as you are actively navigating.","{'neg': 0.155, 'neu': 0.804, 'pos': 0.042, 'compound': -0.792}",-0.792,negative
1pd2dig,applemaps,comment,1764763458.0,2025-12-03 06:04:18,https://www.reddit.com/r/applemaps/comments/1pd2dig/stop_apple_maps_suggesting_shorter_routes_when/,,,ios users 5 years ago: i wish apple maps was more like waze! apple: here you go. ios users: not like that!!!,comparison_discussion,other,ios users 5 years ago: i wish apple maps was more like waze! apple: here you go. ios users: not like that!!!,"{'neg': 0.0, 'neu': 0.643, 'pos': 0.357, 'compound': 0.8575}",0.8575,positive
1pd2dig,applemaps,comment,1764763458.0,2025-12-03 06:04:18,https://www.reddit.com/r/applemaps/comments/1pd2dig/stop_apple_maps_suggesting_shorter_routes_when/,,,google maps doesn’t also; i hate it on both.,comparison_discussion,other,google maps doesn’t also; i hate it on both.,"{'neg': 0.346, 'neu': 0.654, 'pos': 0.0, 'compound': -0.5719}",-0.5719,negative
1pd2dig,applemaps,comment,1764763458.0,2025-12-03 06:04:18,https://www.reddit.com/r/applemaps/comments/1pd2dig/stop_apple_maps_suggesting_shorter_routes_when/,,,"not disable it, but you can select to avoid certain things like highways or tolls.",experience_praise,other,"not disable it, but you can select to avoid certain things like highways or tolls.","{'neg': 0.135, 'neu': 0.58, 'pos': 0.285, 'compound': 0.4767}",0.4767,positive
1pd2dig,applemaps,comment,1764763458.0,2025-12-03 06:04:18,https://www.reddit.com/r/applemaps/comments/1pd2dig/stop_apple_maps_suggesting_shorter_routes_when/,,,"make sure you’re fully updated. they’ve added a preferred route option that kicks in automatically. great if you prefer going the long way. if you go a certain route a few times against navigation prompts, then it should default to that. also when starting navigation, select the route you’d like out of the options.",experience_praise,navigation_routing_traffic,"make sure you’re fully updated. they’ve added a preferred route option that kicks in automatically. great if you prefer going the long way. if you go a certain route a few times against navigation prompts, then it should default to that. also when starting navigation, select the route you’d like out of the options.","{'neg': 0.0, 'neu': 0.81, 'pos': 0.19, 'compound': 0.875}",0.875,positive
1pd2dig,applemaps,comment,1764763458.0,2025-12-03 06:04:18,https://www.reddit.com/r/applemaps/comments/1pd2dig/stop_apple_maps_suggesting_shorter_routes_when/,,,"if user said no, it should stop suggesting the same route again and again. this is very disturbing when driving. i don’t know why apple not looking into this app issue. funny thing is, when you follow the new route, the new one becomes crowded. guess what? many people choose the similar suggestion and it would not save your any time actually.",experience_complaint,navigation_routing_traffic,"if user said no, it should stop suggesting the same route again and again. this is very disturbing when driving. i don’t know why apple not looking into this app issue. funny thing is, when you follow the new route, the new one becomes crowded. guess what? many people choose the similar suggestion and it would not save your any time actually.","{'neg': 0.153, 'neu': 0.806, 'pos': 0.042, 'compound': -0.7731}",-0.7731,negative
1pd08ug,applemaps,post,1764755985.0,2025-12-03 03:59:45,https://www.reddit.com/r/applemaps/comments/1pd08ug/work_project/,0.0,1.0,"work project hello everybody, i work in a factory with lots of semi truck traffic. there are many semi trailer drop lots surrounding the facility but they are not populated within apple maps so truck drivers are constantly getting lost. i was curious if there was a way to populate these within the software so that everyone can see the locations of these lots even though they do not have addresses.",other,navigation_routing_traffic,"work project hello everybody, i work in a factory with lots of semi truck traffic. there are many semi trailer drop lots surrounding the facility but they are not populated within apple maps so truck drivers are constantly getting lost. i was curious if there was a way to populate these within the software so that everyone can see the locations of these lots even though they do not have addresses.","{'neg': 0.063, 'neu': 0.896, 'pos': 0.041, 'compound': -0.1406}",-0.1406,neutral
1pd08ug,applemaps,comment,1764755985.0,2025-12-03 03:59:45,https://www.reddit.com/r/applemaps/comments/1pd08ug/work_project/,,,use report an issue in the app to submit the locations,experience_complaint,search_poi_data,use report an issue in the app to submit the locations,"{'neg': 0.0, 'neu': 1.0, 'pos': 0.0, 'compound': 0.0}",0.0,neutral
1pbsbl5,applemaps,post,1764631402.0,2025-12-01 17:23:22,https://www.reddit.com/r/applemaps/comments/1pbsbl5/i_love_the_detail_in_the_place_names_in_the/,21.0,0.0,i love the detail in the place names in the choctaw nation. this is in the choctaw nation in eastern oklahoma. apple maps has the native language version of the place names. pretty neat attention to detail.,experience_praise,navigation_routing_traffic,i love the detail in the place names in the choctaw nation. this is in the choctaw nation in eastern oklahoma. apple maps has the native language version of the place names. pretty neat attention to detail.,"{'neg': 0.0, 'neu': 0.76, 'pos': 0.24, 'compound': 0.886}",0.886,positive
1pao9cf,applemaps,post,1764524365.0,2025-11-30 11:39:25,https://www.reddit.com/r/applemaps/comments/1pao9cf/melbourne_metro_rail_mmr_known_as_metro_tunnel/,43.0,2.0,melbourne metro rail (mmr) known as metro tunnel appear on apple maps. adding 9 km of rail and 5 stations to the system. opening date was the 29 november 2025.,other,transit_walk_bike,melbourne metro rail (mmr) known as metro tunnel appear on apple maps. adding 9 km of rail and 5 stations to the system. opening date was the 29 november 2025.,"{'neg': 0.0, 'neu': 1.0, 'pos': 0.0, 'compound': 0.0}",0.0,neutral
1pao9cf,applemaps,comment,1764524365.0,2025-11-30 11:39:25,https://www.reddit.com/r/applemaps/comments/1pao9cf/melbourne_metro_rail_mmr_known_as_metro_tunnel/,,,"ah, they finally added the services, i remember the line’s been showing all day but the service has haven’t",other,other,"ah, they finally added the services, i remember the line’s been showing all day but the service has haven’t","{'neg': 0.0, 'neu': 1.0, 'pos': 0.0, 'compound': 0.0}",0.0,neutral
1pao9cf,applemaps,comment,1764524365.0,2025-11-30 11:39:25,https://www.reddit.com/r/applemaps/comments/1pao9cf/melbourne_metro_rail_mmr_known_as_metro_tunnel/,,,"30 novembre\* j'vive en melbourne et cetait un event grand, milles de personnes dans le train, le train est entré à 10:06 hier.",other,navigation_routing_traffic,"30 novembre\* j'vive en melbourne et cetait un event grand, milles de personnes dans le train, le train est entré à 10:06 hier.","{'neg': 0.0, 'neu': 0.875, 'pos': 0.125, 'compound': 0.4588}",0.4588,positive
1pag0o0,applemaps,post,1764501806.0,2025-11-30 05:23:26,https://www.reddit.com/r/applemaps/comments/1pag0o0/why_no_alternative_to_the_blue_arrow_icon/,8.0,9.0,"why no alternative to the blue “arrow” icon? i’m fond of apple maps, especially its user-friendly voice guidance. my one major issue is that the blue-only vehicle icon does not *pop* sufficiently, which is particularly evident on in-car navigation screens. the blue arrow, even as it dynamically adjusts dimensions, too easily gets lost because apple maps favors a sea of blues and drab grays. this is even more of an issue for those of us who have some vision impairment. it would be nice to instantly spot the precise location of our ride when glancing at the screen, especially at speed. easy solution: allow users to select icons from a palette of colors. no more blue/blue/blue. even better, follow the fantastic google maps model, which permits users to spec an actual vehicle-style icon, and in a variety of colors. i’ve selected a red sports coupe, for example, to match my actual car. i’ve read rumors that apple might do something along those lines, but the sources weren’t reliable. if we could just get a choice of more prominent vehicle icons, that would constitute a significant improvement, imo.",comparison_discussion,ui_ux_carplay,"why no alternative to the blue “arrow” icon? i’m fond of apple maps, especially its user-friendly voice guidance. my one major issue is that the blue-only vehicle icon does not *pop* sufficiently, which is particularly evident on in-car navigation screens. the blue arrow, even as it dynamically adjusts dimensions, too easily gets lost because apple maps favors a sea of blues and drab grays. this is even more of an issue for those of us who have some vision impairment. it would be nice to instantly spot the precise location of our ride when glancing at the screen, especially at speed. easy solution: allow users to select icons from a palette of colors. no more blue/blue/blue. even better, follow the fantastic google maps model, which permits users to spec an actual vehicle-style icon, and in a variety of colors. i’ve selected a red sports coupe, for example, to match my actual car. i’ve read rumors that apple might do something along those lines, but the sources weren’t reliable. if we could just get a choice of more prominent vehicle icons, that would constitute a significant improvement, imo.","{'neg': 0.024, 'neu': 0.827, 'pos': 0.149, 'compound': 0.9618}",0.9618,positive
1pag0o0,applemaps,comment,1764501806.0,2025-11-30 05:23:26,https://www.reddit.com/r/applemaps/comments/1pag0o0/why_no_alternative_to_the_blue_arrow_icon/,,,"i cannot fathom how the blue indicator is a visual issue during navigation. if vision impairment is the underlying reason behind this, then you should look into one of the color filters that ios offers to see if anything could make the difference clearer",experience_complaint,ui_ux_carplay,"i cannot fathom how the blue indicator is a visual issue during navigation. if vision impairment is the underlying reason behind this, then you should look into one of the color filters that ios offers to see if anything could make the difference clearer","{'neg': 0.0, 'neu': 0.953, 'pos': 0.047, 'compound': 0.25}",0.25,positive
1pag0o0,applemaps,comment,1764501806.0,2025-11-30 05:23:26,https://www.reddit.com/r/applemaps/comments/1pag0o0/why_no_alternative_to_the_blue_arrow_icon/,,,i think waze would be a better alternative. i don’t see apple ever allows customization like that.,comparison_discussion,other,i think waze would be a better alternative. i don’t see apple ever allows customization like that.,"{'neg': 0.0, 'neu': 0.69, 'pos': 0.31, 'compound': 0.6597}",0.6597,positive
1pag0o0,applemaps,comment,1764501806.0,2025-11-30 05:23:26,https://www.reddit.com/r/applemaps/comments/1pag0o0/why_no_alternative_to_the_blue_arrow_icon/,,,use google maps then,comparison_discussion,other,use google maps then,"{'neg': 0.0, 'neu': 1.0, 'pos': 0.0, 'compound': 0.0}",0.0,neutral
1pag0o0,applemaps,comment,1764501806.0,2025-11-30 05:23:26,https://www.reddit.com/r/applemaps/comments/1pag0o0/why_no_alternative_to_the_blue_arrow_icon/,,,if you can’t see the navigation marker then it might be time to hand in the keys.,other,navigation_routing_traffic,if you can’t see the navigation marker then it might be time to hand in the keys.,"{'neg': 0.0, 'neu': 0.833, 'pos': 0.167, 'compound': 0.4939}",0.4939,positive
1pag0o0,applemaps,comment,1764501806.0,2025-11-30 05:23:26,https://www.reddit.com/r/applemaps/comments/1pag0o0/why_no_alternative_to_the_blue_arrow_icon/,,,"if you’re visually impaired, don’t drive. problem solved.",experience_complaint,ui_ux_carplay,"if you’re visually impaired, don’t drive. problem solved.","{'neg': 0.25, 'neu': 0.556, 'pos': 0.194, 'compound': -0.1531}",-0.1531,neutral
1p9g1fp,applemaps,post,1764391777.0,2025-11-28 22:49:37,https://www.reddit.com/r/applemaps/comments/1p9g1fp/route_wont_drive_into_gated_neighborhood_anymore/,10.0,11.0,"route won’t drive into gated neighborhood anymore my house is in a gated neighborhood and apple maps no longer shows a route that drives into the gated area. instead, all routes to my address drive to the golf club next to the neighborhood and then walking through the golf course to my house. (interestingly, the walking route follows the holes in order, even though going in reverse order would be much quicker.) this change first showed up last monday. i can just switch to google maps but it’s causing problems for deliveries. is this something that would be fixed if i use the report function?",comparison_discussion,ui_ux_carplay,"route won’t drive into gated neighborhood anymore my house is in a gated neighborhood and apple maps no longer shows a route that drives into the gated area. instead, all routes to my address drive to the golf club next to the neighborhood and then walking through the golf course to my house. (interestingly, the walking route follows the holes in order, even though going in reverse order would be much quicker.) this change first showed up last monday. i can just switch to google maps but it’s causing problems for deliveries. is this something that would be fixed if i use the report function?","{'neg': 0.049, 'neu': 0.951, 'pos': 0.0, 'compound': -0.631}",-0.631,negative
1p9g1fp,applemaps,comment,1764391777.0,2025-11-28 22:49:37,https://www.reddit.com/r/applemaps/comments/1p9g1fp/route_wont_drive_into_gated_neighborhood_anymore/,,,it may be. all you can do is try,other,other,it may be. all you can do is try,"{'neg': 0.0, 'neu': 1.0, 'pos': 0.0, 'compound': 0.0}",0.0,neutral
1p9g1fp,applemaps,comment,1764391777.0,2025-11-28 22:49:37,https://www.reddit.com/r/applemaps/comments/1p9g1fp/route_wont_drive_into_gated_neighborhood_anymore/,,,just report and explain…not sure why or how maps would know there is a gate there unless someone reported it. it should follow the roads no matter what the circumstance.,policy_discussion,policy_strategy,just report and explain...not sure why or how maps would know there is a gate there unless someone reported it. it should follow the roads no matter what the circumstance.,"{'neg': 0.07, 'neu': 0.823, 'pos': 0.108, 'compound': 0.0516}",0.0516,neutral
1p9g1fp,applemaps,comment,1764391777.0,2025-11-28 22:49:37,https://www.reddit.com/r/applemaps/comments/1p9g1fp/route_wont_drive_into_gated_neighborhood_anymore/,,,"report it, preferably with pictures if possible. they fixed a problem i reported in a few weeks.",experience_complaint,other,"report it, preferably with pictures if possible. they fixed a problem i reported in a few weeks.","{'neg': 0.172, 'neu': 0.828, 'pos': 0.0, 'compound': -0.4019}",-0.4019,negative
1p9g1fp,applemaps,comment,1764391777.0,2025-11-28 22:49:37,https://www.reddit.com/r/applemaps/comments/1p9g1fp/route_wont_drive_into_gated_neighborhood_anymore/,,,"i think most delivery persons use proprietary software onboard their vehicles. amazon drivers do not use personal devices for deliveries. their rigs are equipped with gps trackers. ups has a similar system which i believe is garmin based. we use garmin rv and when we come home it shows the correct route. that said, i know where i live so i don’t need directions. i think that for other deliveries or services like uber or instantcart it could be confusing for them. i’ve had no issue with instantcart. we don’t use any other delivery services except rarely fedex.",experience_complaint,ui_ux_carplay,"i think most delivery persons use proprietary software onboard their vehicles. amazon drivers do not use personal devices for deliveries. their rigs are equipped with gps trackers. ups has a similar system which i believe is garmin based. we use garmin rv and when we come home it shows the correct route. that said, i know where i live so i don’t need directions. i think that for other deliveries or services like uber or instantcart it could be confusing for them. i’ve had no issue with instantcart. we don’t use any other delivery services except rarely fedex.","{'neg': 0.043, 'neu': 0.913, 'pos': 0.044, 'compound': 0.0258}",0.0258,neutral
1p9g1fp,applemaps,comment,1764391777.0,2025-11-28 22:49:37,https://www.reddit.com/r/applemaps/comments/1p9g1fp/route_wont_drive_into_gated_neighborhood_anymore/,,,it shouldn’t be the gate preventing it. my parents live in a gated community and i can still route to their house just fine.,other,navigation_routing_traffic,it shouldn’t be the gate preventing it. my parents live in a gated community and i can still route to their house just fine.,"{'neg': 0.048, 'neu': 0.873, 'pos': 0.079, 'compound': 0.1779}",0.1779,neutral
1p9g1fp,applemaps,comment,1764391777.0,2025-11-28 22:49:37,https://www.reddit.com/r/applemaps/comments/1p9g1fp/route_wont_drive_into_gated_neighborhood_anymore/,,,"the other option is to look at [open streets]( and see it it is blocked there. depending on how tech savvy you are, you can create an account and submit a change. report it first to apple using the *report a problem* feature in maps.",experience_complaint,other,"the other option is to look at [open streets]( and see it it is blocked there. depending on how tech savvy you are, you can create an account and submit a change. report it first to apple using the *report a problem* feature in maps.","{'neg': 0.046, 'neu': 0.907, 'pos': 0.046, 'compound': 0.0}",0.0,neutral
1p5jus2,applemaps,post,1763997839.0,2025-11-24 09:23:59,https://www.reddit.com/r/applemaps/comments/1p5jus2/apple_maps_or_google_maps/,6.0,25.0,"apple maps or google maps? hi everyone. in a month, i'm planning a car trip from scotland to europe, specifically poland. i'm wondering which navigation system to use: gm or am. i know perfectly well that no navigation system will inform me about traffic jams or an accident that happened 10 minutes ago, but i'd like to add that i appreciate the very accurate voice directions in am, which gm doesn't have. has anyone driven a car and used one of these navigation systems? have you had any positive experiences?",comparison_discussion,ui_ux_carplay,"apple maps or google maps? hi everyone. in a month, i'm planning a car trip from scotland to europe, specifically poland. i'm wondering which navigation system to use: gm or am. i know perfectly well that no navigation system will inform me about traffic jams or an accident that happened 10 minutes ago, but i'd like to add that i appreciate the very accurate voice directions in am, which gm doesn't have. has anyone driven a car and used one of these navigation systems? have you had any positive experiences?","{'neg': 0.037, 'neu': 0.796, 'pos': 0.167, 'compound': 0.9292}",0.9292,positive
1p5jus2,applemaps,comment,1763997839.0,2025-11-24 09:23:59,https://www.reddit.com/r/applemaps/comments/1p5jus2/apple_maps_or_google_maps/,,,depends on the country. availability of features matters,other,other,depends on the country. availability of features matters,"{'neg': 0.0, 'neu': 0.864, 'pos': 0.136, 'compound': 0.0258}",0.0258,neutral
1p5jus2,applemaps,comment,1763997839.0,2025-11-24 09:23:59,https://www.reddit.com/r/applemaps/comments/1p5jus2/apple_maps_or_google_maps/,,,every trip my family takes we use both. google for accurate business information. apple for navigation.,experience_praise,navigation_routing_traffic,every trip my family takes we use both. google for accurate business information. apple for navigation.,"{'neg': 0.0, 'neu': 1.0, 'pos': 0.0, 'compound': 0.0}",0.0,neutral
1p5jus2,applemaps,comment,1763997839.0,2025-11-24 09:23:59,https://www.reddit.com/r/applemaps/comments/1p5jus2/apple_maps_or_google_maps/,,,for navigation apple maps is the best,other,navigation_routing_traffic,for navigation apple maps is the best,"{'neg': 0.0, 'neu': 0.588, 'pos': 0.412, 'compound': 0.6369}",0.6369,positive
1p5jus2,applemaps,comment,1763997839.0,2025-11-24 09:23:59,https://www.reddit.com/r/applemaps/comments/1p5jus2/apple_maps_or_google_maps/,,,"apple. i used to have to use google more, but apple has come a long way.",other,other,"apple. i used to have to use google more, but apple has come a long way.","{'neg': 0.0, 'neu': 1.0, 'pos': 0.0, 'compound': 0.0}",0.0,neutral
1p5jus2,applemaps,comment,1763997839.0,2025-11-24 09:23:59,https://www.reddit.com/r/applemaps/comments/1p5jus2/apple_maps_or_google_maps/,,,if possible i would go for am for voice guidance and gm as a visual navigation.,other,ui_ux_carplay,if possible i would go for am for voice guidance and gm as a visual navigation.,"{'neg': 0.0, 'neu': 1.0, 'pos': 0.0, 'compound': 0.0}",0.0,neutral
1p5jus2,applemaps,comment,1763997839.0,2025-11-24 09:23:59,https://www.reddit.com/r/applemaps/comments/1p5jus2/apple_maps_or_google_maps/,,,apple maps,other,other,apple maps,"{'neg': 0.0, 'neu': 1.0, 'pos': 0.0, 'compound': 0.0}",0.0,neutral
1p5jus2,applemaps,comment,1763997839.0,2025-11-24 09:23:59,https://www.reddit.com/r/applemaps/comments/1p5jus2/apple_maps_or_google_maps/,,,for general navigation i use apple maps. but for specific place info i prefer using google maps.,comparison_discussion,navigation_routing_traffic,for general navigation i use apple maps. but for specific place info i prefer using google maps.,"{'neg': 0.0, 'neu': 1.0, 'pos': 0.0, 'compound': 0.0}",0.0,neutral
1p5jus2,applemaps,comment,1763997839.0,2025-11-24 09:23:59,https://www.reddit.com/r/applemaps/comments/1p5jus2/apple_maps_or_google_maps/,,,waze>apple maps>google maps. that's my oppinion.,comparison_discussion,other,waze>apple maps>google maps. that's my oppinion.,"{'neg': 0.0, 'neu': 1.0, 'pos': 0.0, 'compound': 0.0}",0.0,neutral
1p5jus2,applemaps,comment,1763997839.0,2025-11-24 09:23:59,https://www.reddit.com/r/applemaps/comments/1p5jus2/apple_maps_or_google_maps/,,,waze for general driving about for areas you know. apple maps for routes and places you don’t know.,comparison_discussion,navigation_routing_traffic,waze for general driving about for areas you know. apple maps for routes and places you don’t know.,"{'neg': 0.0, 'neu': 1.0, 'pos': 0.0, 'compound': 0.0}",0.0,neutral
1p5jus2,applemaps,comment,1763997839.0,2025-11-24 09:23:59,https://www.reddit.com/r/applemaps/comments/1p5jus2/apple_maps_or_google_maps/,,,form: apple function: google,other,other,form: apple function: google,"{'neg': 0.0, 'neu': 1.0, 'pos': 0.0, 'compound': 0.0}",0.0,neutral
1p5jus2,applemaps,comment,1763997839.0,2025-11-24 09:23:59,https://www.reddit.com/r/applemaps/comments/1p5jus2/apple_maps_or_google_maps/,,,last time i checked scotland was also part of europe?! 🤔😉,other,other,last time i checked scotland was also part of europe?! 🤔😉,"{'neg': 0.0, 'neu': 1.0, 'pos': 0.0, 'compound': 0.0}",0.0,neutral
1p5jus2,applemaps,comment,1763997839.0,2025-11-24 09:23:59,https://www.reddit.com/r/applemaps/comments/1p5jus2/apple_maps_or_google_maps/,,,google maps or waze you can use,comparison_discussion,other,google maps or waze you can use,"{'neg': 0.0, 'neu': 1.0, 'pos': 0.0, 'compound': 0.0}",0.0,neutral
1p5huxf,applemaps,post,1763992995.0,2025-11-24 08:03:15,https://www.reddit.com/r/applemaps/comments/1p5huxf/all_landmark_icons_in_apple_maps/,46.0,14.0,"all landmark icons in apple maps i’ve put together a collection of landmark icons from apple maps, featuring both the dce colorful icons and the classic monochrome versions. for the monochrome icons, there are two versions: one matches the color in apple maps, and the other is grayscale. you can then use any of your colors with an alpha channel to customize it. you can download these icons from [ i’m still on the case with two of the monochrome icons (picture 3)—i can’t quite identify them. if you have any guesses, please share them! i’d really appreciate it!",policy_discussion,policy_strategy,"all landmark icons in apple maps i’ve put together a collection of landmark icons from apple maps, featuring both the dce colorful icons and the classic monochrome versions. for the monochrome icons, there are two versions: one matches the color in apple maps, and the other is grayscale. you can then use any of your colors with an alpha channel to customize it. you can download these icons from [ i’m still on the case with two of the monochrome icons (picture 3)—i can’t quite identify them. if you have any guesses, please share them! i’d really appreciate it!","{'neg': 0.0, 'neu': 0.896, 'pos': 0.104, 'compound': 0.8261}",0.8261,positive
1p5huxf,applemaps,comment,1763992995.0,2025-11-24 08:03:15,https://www.reddit.com/r/applemaps/comments/1p5huxf/all_landmark_icons_in_apple_maps/,,,where did you get that curitiba botanic garden’s landmark icon?,policy_discussion,policy_strategy,where did you get that curitiba botanic garden’s landmark icon?,"{'neg': 0.0, 'neu': 0.874, 'pos': 0.126, 'compound': 0.0772}",0.0772,neutral
1p5huxf,applemaps,comment,1763992995.0,2025-11-24 08:03:15,https://www.reddit.com/r/applemaps/comments/1p5huxf/all_landmark_icons_in_apple_maps/,,,great! now do every road sign.,experience_praise,other,great! now do every road sign.,"{'neg': 0.0, 'neu': 0.532, 'pos': 0.468, 'compound': 0.6588}",0.6588,positive
1p5huxf,applemaps,comment,1763992995.0,2025-11-24 08:03:15,https://www.reddit.com/r/applemaps/comments/1p5huxf/all_landmark_icons_in_apple_maps/,,,why the some of the custom icon got removed like i find some of them they just wouldn’t show the custom icon it only show me like regular icon which apple use like over a billion places,experience_praise,search_poi_data,why the some of the custom icon got removed like i find some of them they just wouldn’t show the custom icon it only show me like regular icon which apple use like over a billion places,"{'neg': 0.0, 'neu': 0.81, 'pos': 0.19, 'compound': 0.7579}",0.7579,positive
1p5huxf,applemaps,comment,1763992995.0,2025-11-24 08:03:15,https://www.reddit.com/r/applemaps/comments/1p5huxf/all_landmark_icons_in_apple_maps/,,,i found out they the second one is the fujimi yagura tower in tokyo but the second one i must find it out ill see it soon,other,other,i found out they the second one is the fujimi yagura tower in tokyo but the second one i must find it out ill see it soon,"{'neg': 0.134, 'neu': 0.866, 'pos': 0.0, 'compound': -0.5719}",-0.5719,negative
1p5huxf,applemaps,comment,1763992995.0,2025-11-24 08:03:15,https://www.reddit.com/r/applemaps/comments/1p5huxf/all_landmark_icons_in_apple_maps/,,,no new york's dce landmark icons?!?!?!?!?!?!!??!!!?!?!?!?!??!,policy_discussion,policy_strategy,no new york's dce landmark icons?!?!?!?!?!?!!??!!!?!?!?!?!??!,"{'neg': 0.45, 'neu': 0.415, 'pos': 0.135, 'compound': -0.6159}",-0.6159,negative
1p5g6ml,applemaps,post,1763988531.0,2025-11-24 06:48:51,https://www.reddit.com/r/applemaps/comments/1p5g6ml/info_about_reports_being_ignoredpoorly_fixed_that/,14.0,10.0,"info about reports being ignored/poorly “fixed” that i got from the apple maps escalations team via email from what i’ve gathered from discussing the issue of reports leading to no updates or somehow getting made-up data added with the escalations team; reports either go to the cupertino team or the hyderabad team if it goes to the former it’s about 2-3 days for most fixes and they are approved by 2 people for each of them to make sure everything looks a-ok. for the latter it will not be fixed or updated at all 90% of the time regardless of how clear or obvious the update is. i’ve had ones denied where it’s like absurdly obvious. the best way to get reports fixed is to email maps_escalations@apple.com with your requested change, the apple maps link of the location you need updated and a short but honest complaint, if you have also experienced this, about how you don’t appreciate having submitted updates in the app with all details needed, only for them to be ignored by a team who seemingly is allowed to goof around and mess up the map with 0 ramifications. be polite and remember the people you’re emailing are on our team. it’s gotta be an accountability thing with these people in the other apple maps office bro since the escalations team both knows and has directly called out the hyderabad team before when i asked them about what was going on, twice now. awkward but honest haha it sounded like they cause the escalations team many, many headaches and they are already sorta fed up so maybe if they get enough reports they can get their hyderabad office’s shit together! peter charles",experience_complaint,navigation_routing_traffic,"info about reports being ignored/poorly “fixed” that i got from the apple maps escalations team via email from what i’ve gathered from discussing the issue of reports leading to no updates or somehow getting made-up data added with the escalations team; reports either go to the cupertino team or the hyderabad team if it goes to the former it’s about 2-3 days for most fixes and they are approved by 2 people for each of them to make sure everything looks a-ok. for the latter it will not be fixed or updated at all 90% of the time regardless of how clear or obvious the update is. i’ve had ones denied where it’s like absurdly obvious. the best way to get reports fixed is to email maps_escalations@apple.com with your requested change, the apple maps link of the location you need updated and a short but honest complaint, if you have also experienced this, about how you don’t appreciate having submitted updates in the app with all details needed, only for them to be ignored by a team who seemingly is allowed to goof around and mess up the map with 0 ramifications. be polite and remember the people you’re emailing are on our team. it’s gotta be an accountability thing with these people in the other apple maps office bro since the escalations team both knows and has directly called out the hyderabad team before when i asked them about what was going on, twice now. awkward but honest haha it sounded like they cause the escalations team many, many headaches and they are already sorta fed up so maybe if they get enough reports they can get their hyderabad office’s shit together! peter charles","{'neg': 0.062, 'neu': 0.842, 'pos': 0.095, 'compound': 0.8845}",0.8845,positive
1p5g6ml,applemaps,comment,1763988531.0,2025-11-24 06:48:51,https://www.reddit.com/r/applemaps/comments/1p5g6ml/info_about_reports_being_ignoredpoorly_fixed_that/,,,"if i understand correctly, the apple maps team is aware that there is a dysfunction with the hyderabad team? it's astonishing, what is apple waiting for to address this issue that significantly hinders the improvement of maps?",experience_complaint,search_poi_data,"if i understand correctly, the apple maps team is aware that there is a dysfunction with the hyderabad team? it's astonishing, what is apple waiting for to address this issue that significantly hinders the improvement of maps?","{'neg': 0.072, 'neu': 0.843, 'pos': 0.086, 'compound': 0.1431}",0.1431,neutral
1p5g6ml,applemaps,comment,1763988531.0,2025-11-24 06:48:51,https://www.reddit.com/r/applemaps/comments/1p5g6ml/info_about_reports_being_ignoredpoorly_fixed_that/,,,"“if they get enough reports they can get their hyderabad office’s shit together!” yeah good luck with that [lol]( 🤣🤣 bottom line is, it saves them money to outsource this stuff there. you get what you pay for..",experience_complaint,other,"“if they get enough reports they can get their hyderabad office’s shit together!” yeah good luck with that [lol]( 🤣🤣 bottom line is, it saves them money to outsource this stuff there. you get what you pay for..","{'neg': 0.108, 'neu': 0.711, 'pos': 0.181, 'compound': 0.5255}",0.5255,positive
1p5g6ml,applemaps,comment,1763988531.0,2025-11-24 06:48:51,https://www.reddit.com/r/applemaps/comments/1p5g6ml/info_about_reports_being_ignoredpoorly_fixed_that/,,,i though maps_escalation@ had been retired quite a while ago.,other,ui_ux_carplay,i though maps_escalation@ had been retired quite a while ago.,"{'neg': 0.0, 'neu': 1.0, 'pos': 0.0, 'compound': 0.0}",0.0,neutral
1p579o2,applemaps,post,1763957257.0,2025-11-23 22:07:37,https://www.reddit.com/r/applemaps/comments/1p579o2/report_a_incident_and_native_ratings_missing_in/,8.0,4.0,report a incident and native ratings missing in australia i’ve noticed that the report incident button is missing in australia on apple maps and native ratings option i can see ratings an my history of ratings but can’t seem to edit or change my ratings and add photos is this a bug that happened in ios 26.1,bug_report,reviews_photos_local,report a incident and native ratings missing in australia i’ve noticed that the report incident button is missing in australia on apple maps and native ratings option i can see ratings an my history of ratings but can’t seem to edit or change my ratings and add photos is this a bug that happened in ios 26.1,"{'neg': 0.058, 'neu': 0.942, 'pos': 0.0, 'compound': -0.296}",-0.296,negative
1p579o2,applemaps,comment,1763957257.0,2025-11-23 22:07:37,https://www.reddit.com/r/applemaps/comments/1p579o2/report_a_incident_and_native_ratings_missing_in/,,,i can confirm this feature is missing in perth western australia too,other,other,i can confirm this feature is missing in perth western australia too,"{'neg': 0.18, 'neu': 0.82, 'pos': 0.0, 'compound': -0.296}",-0.296,negative
1p579o2,applemaps,comment,1763957257.0,2025-11-23 22:07:37,https://www.reddit.com/r/applemaps/comments/1p579o2/report_a_incident_and_native_ratings_missing_in/,,,report a incident missing in apple maps in australia,other,other,report a incident missing in apple maps in australia,"{'neg': 0.239, 'neu': 0.761, 'pos': 0.0, 'compound': -0.296}",-0.296,negative
1p579o2,applemaps,comment,1763957257.0,2025-11-23 22:07:37,https://www.reddit.com/r/applemaps/comments/1p579o2/report_a_incident_and_native_ratings_missing_in/,,,still hasnt been fixed yet,other,other,still hasnt been fixed yet,"{'neg': 0.0, 'neu': 1.0, 'pos': 0.0, 'compound': 0.0}",0.0,neutral
1p4a75e,applemaps,post,1763861925.0,2025-11-22 19:38:45,https://www.reddit.com/r/applemaps/comments/1p4a75e/how_does_apple_maps_decide_routes/,11.0,3.0,"how does apple maps decide routes? i was driving home from upstate new york today and to get home, there are 2 main bridges that i can cross the hudson river. gw bridge or cuomo bridge. both major bridges off the same highway (palisades). cuomo is much cheaper than the gw so i always opt for the cuomo. yet apple maps *always* routes me to the gw. i ignore it and take the path for the cuomo and it either is a shorter ride home (negligible less than 5 min) or the same. it’s not like taking the gw was much faster.",experience_praise,navigation_routing_traffic,"how does apple maps decide routes? i was driving home from upstate new york today and to get home, there are 2 main bridges that i can cross the hudson river. gw bridge or cuomo bridge. both major bridges off the same highway (palisades). cuomo is much cheaper than the gw so i always opt for the cuomo. yet apple maps *always* routes me to the gw. i ignore it and take the path for the cuomo and it either is a shorter ride home (negligible less than 5 min) or the same. it’s not like taking the gw was much faster.","{'neg': 0.047, 'neu': 0.953, 'pos': 0.0, 'compound': -0.5588}",-0.5588,negative
1p4a75e,applemaps,comment,1763861925.0,2025-11-22 19:38:45,https://www.reddit.com/r/applemaps/comments/1p4a75e/how_does_apple_maps_decide_routes/,,,"keeping in mind that i don’t know where you’re coming from or where you’re going so i made some assumptions, i had it route me from sloatsburg to yonkers just now (2am on a sunday) and it picked the tappan zee (i refuse to use its new name) first. so….i dunno. maybe there’s reported traffic at that time of day that makes the gw slightly faster or something.",experience_praise,navigation_routing_traffic,"keeping in mind that i don’t know where you’re coming from or where you’re going so i made some assumptions, i had it route me from sloatsburg to yonkers just now (2am on a sunday) and it picked the tappan zee (i refuse to use its new name) first. so....i dunno. maybe there’s reported traffic at that time of day that makes the gw slightly faster or something.","{'neg': 0.034, 'neu': 0.966, 'pos': 0.0, 'compound': -0.296}",-0.296,negative
1p4a75e,applemaps,comment,1763861925.0,2025-11-22 19:38:45,https://www.reddit.com/r/applemaps/comments/1p4a75e/how_does_apple_maps_decide_routes/,,,it will always be the tappan zee crossing to me.,other,other,it will always be the tappan zee crossing to me.,"{'neg': 0.0, 'neu': 1.0, 'pos': 0.0, 'compound': 0.0}",0.0,neutral
1p3y8za,applemaps,post,1763830858.0,2025-11-22 11:00:58,https://www.reddit.com/r/applemaps/comments/1p3y8za/a_bug_in_satellite_view_of_apple_maps_on_web/,6.0,4.0,a bug in satellite view of apple maps on web [,bug_report,other,a bug in satellite view of apple maps on web [,"{'neg': 0.0, 'neu': 1.0, 'pos': 0.0, 'compound': 0.0}",0.0,neutral
1p3y8za,applemaps,comment,1763830858.0,2025-11-22 11:00:58,https://www.reddit.com/r/applemaps/comments/1p3y8za/a_bug_in_satellite_view_of_apple_maps_on_web/,,,"could be a lot of things. some times it is a image that doesn't have triangulation points added. this causes the image to be in the wrong location. this is usually caught in the qc process of the mosaic. if it is a location that is of high importance for a gov. they may ask for an area to not be displayed, how it is filled in is up to the person making it. they don't like to call attention to these areas so they are filled in.",experience_complaint,ui_ux_carplay,"could be a lot of things. some times it is a image that doesn't have triangulation points added. this causes the image to be in the wrong location. this is usually caught in the qc process of the mosaic. if it is a location that is of high importance for a gov. they may ask for an area to not be displayed, how it is filled in is up to the person making it. they don't like to call attention to these areas so they are filled in.","{'neg': 0.059, 'neu': 0.913, 'pos': 0.028, 'compound': -0.4039}",-0.4039,negative
1p3hoos,applemaps,post,1763778275.0,2025-11-21 20:24:35,https://www.reddit.com/r/applemaps/comments/1p3hoos/what_do_these_landmark_icons_represent/,64.0,40.0,what do these landmark icons represent? i’m collecting and organizing landmark icons (both dce and old mono color icons) on apple maps. there’re some i still have no idea what they represent. some may still exist and some may be replaced by dce icons. if you can recognize any of them i will appreciate.,policy_discussion,policy_strategy,what do these landmark icons represent? i’m collecting and organizing landmark icons (both dce and old mono color icons) on apple maps. there’re some i still have no idea what they represent. some may still exist and some may be replaced by dce icons. if you can recognize any of them i will appreciate.,"{'neg': 0.04, 'neu': 0.865, 'pos': 0.095, 'compound': 0.2732}",0.2732,positive
1p3hoos,applemaps,comment,1763778275.0,2025-11-21 20:24:35,https://www.reddit.com/r/applemaps/comments/1p3hoos/what_do_these_landmark_icons_represent/,,,"5 down, 7 to go. 🤩",other,other,"5 down, 7 to go. 🤩","{'neg': 0.0, 'neu': 1.0, 'pos': 0.0, 'compound': 0.0}",0.0,neutral
1p3hoos,applemaps,comment,1763778275.0,2025-11-21 20:24:35,https://www.reddit.com/r/applemaps/comments/1p3hoos/what_do_these_landmark_icons_represent/,,,9. generic picture of amsterdam maybe?,other,other,9. generic picture of amsterdam maybe?,"{'neg': 0.0, 'neu': 1.0, 'pos': 0.0, 'compound': 0.0}",0.0,neutral
1p3hoos,applemaps,comment,1763778275.0,2025-11-21 20:24:35,https://www.reddit.com/r/applemaps/comments/1p3hoos/what_do_these_landmark_icons_represent/,,,"3. bank of america center in houston, tx",other,other,"3. bank of america center in houston, tx","{'neg': 0.0, 'neu': 0.737, 'pos': 0.263, 'compound': 0.3612}",0.3612,positive
1p3hoos,applemaps,comment,1763778275.0,2025-11-21 20:24:35,https://www.reddit.com/r/applemaps/comments/1p3hoos/what_do_these_landmark_icons_represent/,,,"7. monumento alfonso xii (buen retiro park) 10. auschwitz’s main gate 11. speyer cathedral, germany",other,other,"7. monumento alfonso xii (buen retiro park) 10. auschwitz’s main gate 11. speyer cathedral, germany","{'neg': 0.0, 'neu': 1.0, 'pos': 0.0, 'compound': 0.0}",0.0,neutral
1p3hoos,applemaps,comment,1763778275.0,2025-11-21 20:24:35,https://www.reddit.com/r/applemaps/comments/1p3hoos/what_do_these_landmark_icons_represent/,,,12 is torre de hercules,other,other,12 is torre de hercules,"{'neg': 0.0, 'neu': 1.0, 'pos': 0.0, 'compound': 0.0}",0.0,neutral
1p3hoos,applemaps,comment,1763778275.0,2025-11-21 20:24:35,https://www.reddit.com/r/applemaps/comments/1p3hoos/what_do_these_landmark_icons_represent/,,,i believe the india one is :,other,other,i believe the india one is :,"{'neg': 0.0, 'neu': 1.0, 'pos': 0.0, 'compound': 0.0}",0.0,neutral
1p3hoos,applemaps,comment,1763778275.0,2025-11-21 20:24:35,https://www.reddit.com/r/applemaps/comments/1p3hoos/what_do_these_landmark_icons_represent/,,,6 is ermita de san antonio de la florida,other,other,6 is ermita de san antonio de la florida,"{'neg': 0.0, 'neu': 1.0, 'pos': 0.0, 'compound': 0.0}",0.0,neutral
1p3hoos,applemaps,comment,1763778275.0,2025-11-21 20:24:35,https://www.reddit.com/r/applemaps/comments/1p3hoos/what_do_these_landmark_icons_represent/,,,4. candlestick park in san francisco,other,other,4. candlestick park in san francisco,"{'neg': 0.0, 'neu': 1.0, 'pos': 0.0, 'compound': 0.0}",0.0,neutral
1p3hoos,applemaps,comment,1763778275.0,2025-11-21 20:24:35,https://www.reddit.com/r/applemaps/comments/1p3hoos/what_do_these_landmark_icons_represent/,,,5. definitely looks like madison square garden to me.,experience_praise,other,5. definitely looks like madison square garden to me.,"{'neg': 0.0, 'neu': 0.574, 'pos': 0.426, 'compound': 0.6369}",0.6369,positive
1p3hoos,applemaps,comment,1763778275.0,2025-11-21 20:24:35,https://www.reddit.com/r/applemaps/comments/1p3hoos/what_do_these_landmark_icons_represent/,,,6. catedral de la almudena,other,other,6. catedral de la almudena,"{'neg': 0.0, 'neu': 1.0, 'pos': 0.0, 'compound': 0.0}",0.0,neutral
1p3hoos,applemaps,comment,1763778275.0,2025-11-21 20:24:35,https://www.reddit.com/r/applemaps/comments/1p3hoos/what_do_these_landmark_icons_represent/,,,so it only works for older models but if you put any random location and go to directions for bikes it disables dce and you can see the icons,other,navigation_routing_traffic,so it only works for older models but if you put any random location and go to directions for bikes it disables dce and you can see the icons,"{'neg': 0.0, 'neu': 1.0, 'pos': 0.0, 'compound': 0.0}",0.0,neutral
1p3hoos,applemaps,comment,1763778275.0,2025-11-21 20:24:35,https://www.reddit.com/r/applemaps/comments/1p3hoos/what_do_these_landmark_icons_represent/,,,8 could be the gate to buckingham palace?,other,other,8 could be the gate to buckingham palace?,"{'neg': 0.0, 'neu': 1.0, 'pos': 0.0, 'compound': 0.0}",0.0,neutral
1p3g8dz,applemaps,post,1763774120.0,2025-11-21 19:15:20,https://www.reddit.com/r/applemaps/comments/1p3g8dz/apple_maps_handles_reports_surprisingly_well/,44.0,7.0,"apple maps handles reports surprisingly well i haven’t seen another company do it like apple maps does it- when you report a problem they actually fix it, last week i reported a parking lot missing from the map and in the matter of a couple of days it was fixed, props to them!",experience_complaint,other,"apple maps handles reports surprisingly well i haven’t seen another company do it like apple maps does it- when you report a problem they actually fix it, last week i reported a parking lot missing from the map and in the matter of a couple of days it was fixed, props to them!","{'neg': 0.089, 'neu': 0.762, 'pos': 0.149, 'compound': 0.3164}",0.3164,positive
1p3g8dz,applemaps,comment,1763774120.0,2025-11-21 19:15:20,https://www.reddit.com/r/applemaps/comments/1p3g8dz/apple_maps_handles_reports_surprisingly_well/,,,i've had the opposite experience - reported problems go unresolved.,experience_complaint,other,i've had the opposite experience - reported problems go unresolved.,"{'neg': 0.252, 'neu': 0.748, 'pos': 0.0, 'compound': -0.4019}",-0.4019,negative
1p3g8dz,applemaps,comment,1763774120.0,2025-11-21 19:15:20,https://www.reddit.com/r/applemaps/comments/1p3g8dz/apple_maps_handles_reports_surprisingly_well/,,,where are you from? i think that’s very important.,other,other,where are you from? i think that’s very important.,"{'neg': 0.0, 'neu': 0.77, 'pos': 0.23, 'compound': 0.2716}",0.2716,positive
1p3g8dz,applemaps,comment,1763774120.0,2025-11-21 19:15:20,https://www.reddit.com/r/applemaps/comments/1p3g8dz/apple_maps_handles_reports_surprisingly_well/,,,"i have reported agua fria national monument being in the wrong location for years, including emailing the escalations team and providing blm and usfs maps, and they refuse to fix it.",experience_complaint,search_poi_data,"i have reported agua fria national monument being in the wrong location for years, including emailing the escalations team and providing blm and usfs maps, and they refuse to fix it.","{'neg': 0.159, 'neu': 0.841, 'pos': 0.0, 'compound': -0.6486}",-0.6486,negative
1p3g8dz,applemaps,comment,1763774120.0,2025-11-21 19:15:20,https://www.reddit.com/r/applemaps/comments/1p3g8dz/apple_maps_handles_reports_surprisingly_well/,,,"just tell me, they didn't ask you to describe the missing parking lot in more detail and provide plenty of missing information? a missing category for a restaurant that i reported has been undergoing extensive review since the beginning of september. the numerous unprocessed problem reports from the months and years before can no longer be viewed. that's how apple solves the problem for itself.",experience_complaint,navigation_routing_traffic,"just tell me, they didn't ask you to describe the missing parking lot in more detail and provide plenty of missing information? a missing category for a restaurant that i reported has been undergoing extensive review since the beginning of september. the numerous unprocessed problem reports from the months and years before can no longer be viewed. that's how apple solves the problem for itself.","{'neg': 0.199, 'neu': 0.771, 'pos': 0.029, 'compound': -0.8779}",-0.8779,negative
1p39omv,applemaps,post,1763757580.0,2025-11-21 14:39:40,https://www.reddit.com/r/applemaps/comments/1p39omv/apple_business_connect_problem/,14.0,17.0,"apple business connect problem why? why does my business show *with* all photos and descriptions on the apple website, but in the apple maps app (both ios and macos) it shows nothing? my address is clearly shown in the footer of my site. any help would be greatly appreciated!",experience_complaint,search_poi_data,"apple business connect problem why? why does my business show *with* all photos and descriptions on the apple website, but in the apple maps app (both ios and macos) it shows nothing? my address is clearly shown in the footer of my site. any help would be greatly appreciated!","{'neg': 0.031, 'neu': 0.756, 'pos': 0.212, 'compound': 0.9151}",0.9151,positive
1p39omv,applemaps,comment,1763757580.0,2025-11-21 14:39:40,https://www.reddit.com/r/applemaps/comments/1p39omv/apple_business_connect_problem/,,,"i see all images just fine on ipados 26, but logo is dark in dark mode. it looks fine in light mode",other,ui_ux_carplay,"i see all images just fine on ipados 26, but logo is dark in dark mode. it looks fine in light mode","{'neg': 0.0, 'neu': 0.841, 'pos': 0.159, 'compound': 0.3818}",0.3818,positive
1p39omv,applemaps,comment,1763757580.0,2025-11-21 14:39:40,https://www.reddit.com/r/applemaps/comments/1p39omv/apple_business_connect_problem/,,,you’re most likely using anything under ios 26,experience_praise,other,you’re most likely using anything under ios 26,"{'neg': 0.0, 'neu': 1.0, 'pos': 0.0, 'compound': 0.0}",0.0,neutral
1p39omv,applemaps,comment,1763757580.0,2025-11-21 14:39:40,https://www.reddit.com/r/applemaps/comments/1p39omv/apple_business_connect_problem/,,,"checked on my apple maps and everything is shown correctly, what ios version is your iphone running?",other,other,"checked on my apple maps and everything is shown correctly, what ios version is your iphone running?","{'neg': 0.0, 'neu': 1.0, 'pos': 0.0, 'compound': 0.0}",0.0,neutral
1p39omv,applemaps,comment,1763757580.0,2025-11-21 14:39:40,https://www.reddit.com/r/applemaps/comments/1p39omv/apple_business_connect_problem/,,,it’s showing up for me just fine. maybe the phone was outdated,other,other,it’s showing up for me just fine. maybe the phone was outdated,"{'neg': 0.0, 'neu': 0.859, 'pos': 0.141, 'compound': 0.2023}",0.2023,positive
1p39omv,applemaps,comment,1763757580.0,2025-11-21 14:39:40,https://www.reddit.com/r/applemaps/comments/1p39omv/apple_business_connect_problem/,,,"how long has it been since you uploaded the images? maybe it takes some time to process them (check them for profanity, nudity and so on).",other,other,"how long has it been since you uploaded the images? maybe it takes some time to process them (check them for profanity, nudity and so on).","{'neg': 0.0, 'neu': 1.0, 'pos': 0.0, 'compound': 0.0}",0.0,neutral
1p39omv,applemaps,comment,1763757580.0,2025-11-21 14:39:40,https://www.reddit.com/r/applemaps/comments/1p39omv/apple_business_connect_problem/,,,it shows on my maps,other,other,it shows on my maps,"{'neg': 0.0, 'neu': 1.0, 'pos': 0.0, 'compound': 0.0}",0.0,neutral
1p39omv,applemaps,comment,1763757580.0,2025-11-21 14:39:40,https://www.reddit.com/r/applemaps/comments/1p39omv/apple_business_connect_problem/,,,the exact image you show on the right shows up on maps for both my iphone and mac.... the image on the left...phone? ios?,other,other,the exact image you show on the right shows up on maps for both my iphone and mac.... the image on the left...phone? ios?,"{'neg': 0.0, 'neu': 1.0, 'pos': 0.0, 'compound': 0.0}",0.0,neutral
1p39omv,applemaps,comment,1763757580.0,2025-11-21 14:39:40,https://www.reddit.com/r/applemaps/comments/1p39omv/apple_business_connect_problem/,,,i think you gotta update your phone,other,other,i think you gotta update your phone,"{'neg': 0.0, 'neu': 1.0, 'pos': 0.0, 'compound': 0.0}",0.0,neutral
1p39omv,applemaps,comment,1763757580.0,2025-11-21 14:39:40,https://www.reddit.com/r/applemaps/comments/1p39omv/apple_business_connect_problem/,,,update your iphone,other,other,update your iphone,"{'neg': 0.0, 'neu': 1.0, 'pos': 0.0, 'compound': 0.0}",0.0,neutral
1p39omv,applemaps,comment,1763757580.0,2025-11-21 14:39:40,https://www.reddit.com/r/applemaps/comments/1p39omv/apple_business_connect_problem/,,,"have all the images, logos, etc. already been approved? if so, have you tried on other devices? have you tried contacting their support service via business connect?",other,transit_walk_bike,"have all the images, logos, etc. already been approved? if so, have you tried on other devices? have you tried contacting their support service via business connect?","{'neg': 0.0, 'neu': 0.805, 'pos': 0.195, 'compound': 0.7219}",0.7219,positive
1p39omv,applemaps,comment,1763757580.0,2025-11-21 14:39:40,https://www.reddit.com/r/applemaps/comments/1p39omv/apple_business_connect_problem/,,,"you’ve expanded the card fully, pull down to half length. also looks like you’re not on ios 26, so you won’t have this exact look with the center alignment",experience_praise,other,"you’ve expanded the card fully, pull down to half length. also looks like you’re not on ios 26, so you won’t have this exact look with the center alignment","{'neg': 0.0, 'neu': 0.918, 'pos': 0.082, 'compound': 0.3612}",0.3612,positive
1p39omv,applemaps,comment,1763757580.0,2025-11-21 14:39:40,https://www.reddit.com/r/applemaps/comments/1p39omv/apple_business_connect_problem/,,,what’s the problem ?,experience_complaint,other,what’s the problem ?,"{'neg': 0.574, 'neu': 0.426, 'pos': 0.0, 'compound': -0.4019}",-0.4019,negative
1p33a98,applemaps,post,1763742844.0,2025-11-21 10:34:04,https://www.reddit.com/r/applemaps/comments/1p33a98/how_to_report_toll_roads/,4.0,1.0,"how to report toll roads? our council recently introduced toll roads, not for the entire road but a specific gate on a street with timed paid access. these are implemented in google maps but not yet in apple maps. i’m trying to find the right category to report them but i’m struggling. any ideas?",policy_discussion,policy_strategy,"how to report toll roads? our council recently introduced toll roads, not for the entire road but a specific gate on a street with timed paid access. these are implemented in google maps but not yet in apple maps. i’m trying to find the right category to report them but i’m struggling. any ideas?","{'neg': 0.074, 'neu': 0.926, 'pos': 0.0, 'compound': -0.6199}",-0.6199,negative
1p33a98,applemaps,comment,1763742844.0,2025-11-21 10:34:04,https://www.reddit.com/r/applemaps/comments/1p33a98/how_to_report_toll_roads/,,,i would either pick “report something missing -> traffic sign or light” or else just reach out to apple support via their chat feature or the app.,other,navigation_routing_traffic,i would either pick “report something missing -> traffic sign or light” or else just reach out to apple support via their chat feature or the app.,"{'neg': 0.076, 'neu': 0.793, 'pos': 0.131, 'compound': 0.1531}",0.1531,neutral
1p2btko,applemaps,post,1763665305.0,2025-11-20 13:01:45,https://www.reddit.com/r/applemaps/comments/1p2btko/how_do_i_get_my_small_service_area_business/,8.0,5.0,how do i get my small service area business listed on apple maps without any involvement with yelp? is this possible? i'm listed on google as a sab (service area business) because we do not have a physical/commercial vendor location. do i need a pinpoint address to be on apple? do i need a yelp account? can i use my home address?,other,search_poi_data,how do i get my small service area business listed on apple maps without any involvement with yelp? is this possible? i'm listed on google as a sab (service area business) because we do not have a physical/commercial vendor location. do i need a pinpoint address to be on apple? do i need a yelp account? can i use my home address?,"{'neg': 0.0, 'neu': 1.0, 'pos': 0.0, 'compound': 0.0}",0.0,neutral
1p2btko,applemaps,comment,1763665305.0,2025-11-20 13:01:45,https://www.reddit.com/r/applemaps/comments/1p2btko/how_do_i_get_my_small_service_area_business/,,,why do you need to be on apple maps if you don’t have a location people will be going to?,other,search_poi_data,why do you need to be on apple maps if you don’t have a location people will be going to?,"{'neg': 0.0, 'neu': 1.0, 'pos': 0.0, 'compound': 0.0}",0.0,neutral
1p2btko,applemaps,comment,1763665305.0,2025-11-20 13:01:45,https://www.reddit.com/r/applemaps/comments/1p2btko/how_do_i_get_my_small_service_area_business/,,,businessconnect.apple.com,other,transit_walk_bike,businessconnect.apple.com,"{'neg': 0.0, 'neu': 1.0, 'pos': 0.0, 'compound': 0.0}",0.0,neutral
1p2btko,applemaps,comment,1763665305.0,2025-11-20 13:01:45,https://www.reddit.com/r/applemaps/comments/1p2btko/how_do_i_get_my_small_service_area_business/,,,i would sign up for apple business services. you don’t need an address for your business to show up.,other,search_poi_data,i would sign up for apple business services. you don’t need an address for your business to show up.,"{'neg': 0.0, 'neu': 1.0, 'pos': 0.0, 'compound': 0.0}",0.0,neutral
1p1x1ea,applemaps,post,1763623736.0,2025-11-20 01:28:56,https://www.reddit.com/r/applemaps/comments/1p1x1ea/apple_maps_doesnt_update_when_display_is_off/,3.0,6.0,"apple maps doesn’t update when display is off hello everyone, i’m using the new iphone 17 pro max and have owned several apple devices before this one. however, i’ve run into a serious issue with apple maps that makes navigation almost unusable. whenever i’m navigating, i often turn the display off to save battery. when i do this, turn-by-turn directions—such as when to turn or which exit to take—are either announced far too late or not at all. when i turn the display back on, the navigation needle suddenly “catches up,” quickly jumping through the missed instructions. we’ve already missed an exit because apple maps didn’t announce it in time, or announced it so late that it was impossible to change lanes safely. this has never happened to me on any of my previous iphones, and it’s incredibly frustrating. to troubleshoot, i even tried deleting and reinstalling the app, but unfortunately that didn’t improve anything. here’s my setup: • device: iphone 17 pro max • ios versions tested: 26.0, 26.0.1, and currently 26.1 — the issue persists across all of them • connection: 5g mobile data • integration: no carplay in use • location settings: location services enabled, set to “while using the app or widgets”; “always” is not available for apple maps i’d really appreciate your thoughts: has anyone else experienced this? does it seem more like a software bug? could my carrier be involved? or is it possible that the gps hardware in my device is faulty? thanks in advance for any input!",bug_report,ui_ux_carplay,"apple maps doesn’t update when display is off hello everyone, i’m using the new iphone 17 pro max and have owned several apple devices before this one. however, i’ve run into a serious issue with apple maps that makes navigation almost unusable. whenever i’m navigating, i often turn the display off to save battery. when i do this, turn-by-turn directions—such as when to turn or which exit to take—are either announced far too late or not at all. when i turn the display back on, the navigation needle suddenly “catches up,” quickly jumping through the missed instructions. we’ve already missed an exit because apple maps didn’t announce it in time, or announced it so late that it was impossible to change lanes safely. this has never happened to me on any of my previous iphones, and it’s incredibly frustrating. to troubleshoot, i even tried deleting and reinstalling the app, but unfortunately that didn’t improve anything. here’s my setup: • device: iphone 17 pro max • ios versions tested: 26.0, 26.0.1, and currently 26.1 — the issue persists across all of them • connection: 5g mobile data • integration: no carplay in use • location settings: location services enabled, set to “while using the app or widgets”; “always” is not available for apple maps i’d really appreciate your thoughts: has anyone else experienced this? does it seem more like a software bug? could my carrier be involved? or is it possible that the gps hardware in my device is faulty? thanks in advance for any input!","{'neg': 0.057, 'neu': 0.859, 'pos': 0.084, 'compound': 0.8769}",0.8769,positive
1p1x1ea,applemaps,comment,1763623736.0,2025-11-20 01:28:56,https://www.reddit.com/r/applemaps/comments/1p1x1ea/apple_maps_doesnt_update_when_display_is_off/,,,this “catching up” started with ios 26 beta and sadly it still persists. in previous ios versions it was ok. i hope apple will fix it soon.,other,navigation_routing_traffic,this “catching up” started with ios 26 beta and sadly it still persists. in previous ios versions it was ok. i hope apple will fix it soon.,"{'neg': 0.091, 'neu': 0.744, 'pos': 0.165, 'compound': 0.3182}",0.3182,positive
1p1x1ea,applemaps,comment,1763623736.0,2025-11-20 01:28:56,https://www.reddit.com/r/applemaps/comments/1p1x1ea/apple_maps_doesnt_update_when_display_is_off/,,,"install the [maps logging profile]( reproduce the issue. submit feedback via the [feedback app]( (if you’re not on a beta release, paste applefeedback:// into safari).",experience_complaint,navigation_routing_traffic,"install the [maps logging profile]( reproduce the issue. submit feedback via the [feedback app]( (if you’re not on a beta release, paste applefeedback:// into safari).","{'neg': 0.0, 'neu': 1.0, 'pos': 0.0, 'compound': 0.0}",0.0,neutral
1p1x1ea,applemaps,comment,1763623736.0,2025-11-20 01:28:56,https://www.reddit.com/r/applemaps/comments/1p1x1ea/apple_maps_doesnt_update_when_display_is_off/,,,it’s that way on the apple watch as well. it’s not good.,other,other,it’s that way on the apple watch as well. it’s not good.,"{'neg': 0.166, 'neu': 0.689, 'pos': 0.145, 'compound': -0.0788}",-0.0788,neutral
1p1bacy,applemaps,post,1763567523.0,2025-11-19 09:52:03,https://www.reddit.com/r/applemaps/comments/1p1bacy/bye_google/,90.0,42.0,"bye google 👋 i was really frustrated that whenever i google something i can’t tap the address to get directions. google would instead open google maps in safari. so i made forcemaps, which automatically opens addresses in apple maps from your google searches (instead of google maps). if it’s a “problem for me” i’m sure someone else out there is also frustrated by this so i hope it helps! 🙏 it also stops the “try the google app instead” pop up from appearing, and has the option to hide the ai overviews too. no subs nor in app purchases, just the cost of 1 coffee (less than most coffee in la 😂)☕️",comparison_discussion,navigation_routing_traffic,"bye google 👋 i was really frustrated that whenever i google something i can’t tap the address to get directions. google would instead open google maps in safari. so i made forcemaps, which automatically opens addresses in apple maps from your google searches (instead of google maps). if it’s a “problem for me” i’m sure someone else out there is also frustrated by this so i hope it helps! 🙏 it also stops the “try the google app instead” pop up from appearing, and has the option to hide the ai overviews too. no subs nor in app purchases, just the cost of 1 coffee (less than most coffee in la 😂)☕️","{'neg': 0.113, 'neu': 0.811, 'pos': 0.076, 'compound': -0.5062}",-0.5062,negative
1p1bacy,applemaps,comment,1763567523.0,2025-11-19 09:52:03,https://www.reddit.com/r/applemaps/comments/1p1bacy/bye_google/,,,that’s expensive for what it does.,other,other,that’s expensive for what it does.,"{'neg': 0.0, 'neu': 1.0, 'pos': 0.0, 'compound': 0.0}",0.0,neutral
1p1bacy,applemaps,comment,1763567523.0,2025-11-19 09:52:03,https://www.reddit.com/r/applemaps/comments/1p1bacy/bye_google/,,,$2 to $2.99 and i’ll purchase right now.,other,other,$2 to $2.99 and i’ll purchase right now.,"{'neg': 0.0, 'neu': 1.0, 'pos': 0.0, 'compound': 0.0}",0.0,neutral
1p1bacy,applemaps,comment,1763567523.0,2025-11-19 09:52:03,https://www.reddit.com/r/applemaps/comments/1p1bacy/bye_google/,,,how is this different from mapper? it was released when extensions were first supported on ios.,other,other,how is this different from mapper? it was released when extensions were first supported on ios.,"{'neg': 0.0, 'neu': 0.867, 'pos': 0.133, 'compound': 0.3182}",0.3182,positive
1p1bacy,applemaps,comment,1763567523.0,2025-11-19 09:52:03,https://www.reddit.com/r/applemaps/comments/1p1bacy/bye_google/,,,seems like the same idea for cheaper 🤔,experience_praise,other,seems like the same idea for cheaper 🤔,"{'neg': 0.0, 'neu': 0.706, 'pos': 0.294, 'compound': 0.3612}",0.3612,positive
1p1bacy,applemaps,comment,1763567523.0,2025-11-19 09:52:03,https://www.reddit.com/r/applemaps/comments/1p1bacy/bye_google/,,,insane how people will pay 15-20 extra for dinner via door dash but give an indie dev shit over an app being $2 dollar more than they want it to be.,other,other,insane how people will pay 15-20 extra for dinner via door dash but give an indie dev shit over an app being $2 dollar more than they want it to be.,"{'neg': 0.216, 'neu': 0.734, 'pos': 0.05, 'compound': -0.7273}",-0.7273,negative
1p1bacy,applemaps,comment,1763567523.0,2025-11-19 09:52:03,https://www.reddit.com/r/applemaps/comments/1p1bacy/bye_google/,,,what cup of regular coffee costs $5?! i was in wawa today and paid $2.26 for my 16oz black coffee!,other,other,what cup of regular coffee costs $5?! i was in wawa today and paid $2.26 for my 16oz black coffee!,"{'neg': 0.0, 'neu': 1.0, 'pos': 0.0, 'compound': 0.0}",0.0,neutral
1p1bacy,applemaps,comment,1763567523.0,2025-11-19 09:52:03,https://www.reddit.com/r/applemaps/comments/1p1bacy/bye_google/,,,"then maybe don't use google? there's search engines besides google. if you hate how it uses gmaps, the ads, and the ai overview, then google isn't for you. you shouldn't be paying $5 for this.",policy_discussion,policy_strategy,"then maybe don't use google? there's search engines besides google. if you hate how it uses gmaps, the ads, and the ai overview, then google isn't for you. you shouldn't be paying $5 for this.","{'neg': 0.098, 'neu': 0.902, 'pos': 0.0, 'compound': -0.5719}",-0.5719,negative
1p1bacy,applemaps,comment,1763567523.0,2025-11-19 09:52:03,https://www.reddit.com/r/applemaps/comments/1p1bacy/bye_google/,,,that’s about two to three cups of coffee … i guess i need to move to the place where you go and start a coffee shop where you come and drink coffee…,other,search_poi_data,that’s about two to three cups of coffee ... i guess i need to move to the place where you go and start a coffee shop where you come and drink coffee...,"{'neg': 0.0, 'neu': 1.0, 'pos': 0.0, 'compound': 0.0}",0.0,neutral
1p1bacy,applemaps,comment,1763567523.0,2025-11-19 09:52:03,https://www.reddit.com/r/applemaps/comments/1p1bacy/bye_google/,,,i was thinking a dollar or two. but this is the price of a venti starbucks or an upsized mcdonald’s meal where i live,other,other,i was thinking a dollar or two. but this is the price of a venti starbucks or an upsized mcdonald’s meal where i live,"{'neg': 0.0, 'neu': 1.0, 'pos': 0.0, 'compound': 0.0}",0.0,neutral
1p1bacy,applemaps,comment,1763567523.0,2025-11-19 09:52:03,https://www.reddit.com/r/applemaps/comments/1p1bacy/bye_google/,,,there is rerouter that is free,other,navigation_routing_traffic,there is rerouter that is free,"{'neg': 0.0, 'neu': 0.602, 'pos': 0.398, 'compound': 0.5106}",0.5106,positive
1p1bacy,applemaps,comment,1763567523.0,2025-11-19 09:52:03,https://www.reddit.com/r/applemaps/comments/1p1bacy/bye_google/,,,not buying at that price,other,other,not buying at that price,"{'neg': 0.0, 'neu': 1.0, 'pos': 0.0, 'compound': 0.0}",0.0,neutral
1p1bacy,applemaps,comment,1763567523.0,2025-11-19 09:52:03,https://www.reddit.com/r/applemaps/comments/1p1bacy/bye_google/,,,definitely too expensive. i’ll check it out in a week to see if price drops,other,other,definitely too expensive. i’ll check it out in a week to see if price drops,"{'neg': 0.0, 'neu': 0.828, 'pos': 0.172, 'compound': 0.4019}",0.4019,positive
1p1bacy,applemaps,comment,1763567523.0,2025-11-19 09:52:03,https://www.reddit.com/r/applemaps/comments/1p1bacy/bye_google/,,,mapper does this for $1.99,other,other,mapper does this for $1.99,"{'neg': 0.0, 'neu': 1.0, 'pos': 0.0, 'compound': 0.0}",0.0,neutral
1p1bacy,applemaps,comment,1763567523.0,2025-11-19 09:52:03,https://www.reddit.com/r/applemaps/comments/1p1bacy/bye_google/,,,looking at the app store page looks like the dev got side tracked with feature bloat to justify the high price for an extension/app that appears to just modify urls.,experience_praise,other,looking at the app store page looks like the dev got side tracked with feature bloat to justify the high price for an extension/app that appears to just modify urls.,"{'neg': 0.0, 'neu': 0.921, 'pos': 0.079, 'compound': 0.3612}",0.3612,positive
1p1bacy,applemaps,comment,1763567523.0,2025-11-19 09:52:03,https://www.reddit.com/r/applemaps/comments/1p1bacy/bye_google/,,,"i’ve tried both mapper for safari and mapswitch, noticed inconsistencies in both of them. pleasantly surprised to say forcemaps is the only one that actually works!!!! now to test it out in day to day life",other,other,"i’ve tried both mapper for safari and mapswitch, noticed inconsistencies in both of them. pleasantly surprised to say forcemaps is the only one that actually works!!!! now to test it out in day to day life","{'neg': 0.0, 'neu': 0.846, 'pos': 0.154, 'compound': 0.7326}",0.7326,positive
1p1bacy,applemaps,comment,1763567523.0,2025-11-19 09:52:03,https://www.reddit.com/r/applemaps/comments/1p1bacy/bye_google/,,,"google maps > , sorry",comparison_discussion,other,"google maps > , sorry","{'neg': 0.394, 'neu': 0.606, 'pos': 0.0, 'compound': -0.0772}",-0.0772,neutral
1p1bacy,applemaps,comment,1763567523.0,2025-11-19 09:52:03,https://www.reddit.com/r/applemaps/comments/1p1bacy/bye_google/,,,"bought the app fam, loved it 🥰",experience_praise,other,"bought the app fam, loved it 🥰","{'neg': 0.0, 'neu': 0.562, 'pos': 0.438, 'compound': 0.5994}",0.5994,positive
1p1bacy,applemaps,comment,1763567523.0,2025-11-19 09:52:03,https://www.reddit.com/r/applemaps/comments/1p1bacy/bye_google/,,,i highly recommend not trying to convince people to pay for your app by comparing it to the cost of what is essentially another luxury (non necessary) product. 1. a lot of people don’t pay for expensive coffee so you’re already making them feel like your app is unnecessary 2. you’re presenting your product as something that “only costs a little” which makes it sound like you can’t sell it on its value. you gotta be confident in your pricing. if your app costs $5 then sell it as worth $5.,experience_praise,ui_ux_carplay,i highly recommend not trying to convince people to pay for your app by comparing it to the cost of what is essentially another luxury (non necessary) product. 1. a lot of people don’t pay for expensive coffee so you’re already making them feel like your app is unnecessary 2. you’re presenting your product as something that “only costs a little” which makes it sound like you can’t sell it on its value. you gotta be confident in your pricing. if your app costs $5 then sell it as worth $5.,"{'neg': 0.046, 'neu': 0.799, 'pos': 0.155, 'compound': 0.8946}",0.8946,positive
1p1bacy,applemaps,comment,1763567523.0,2025-11-19 09:52:03,https://www.reddit.com/r/applemaps/comments/1p1bacy/bye_google/,,,google has been more and more invasive lately. this is only going to get worse. that's a bigger concern than finding addresses,other,search_poi_data,google has been more and more invasive lately. this is only going to get worse. that's a bigger concern than finding addresses,"{'neg': 0.134, 'neu': 0.866, 'pos': 0.0, 'compound': -0.4767}",-0.4767,negative
1p1bacy,applemaps,comment,1763567523.0,2025-11-19 09:52:03,https://www.reddit.com/r/applemaps/comments/1p1bacy/bye_google/,,,"$5 is worth it for me, ty for not collecting any data btw.",other,other,"$5 is worth it for me, ty for not collecting any data btw.","{'neg': 0.0, 'neu': 0.71, 'pos': 0.29, 'compound': 0.5423}",0.5423,positive
1p1bacy,applemaps,comment,1763567523.0,2025-11-19 09:52:03,https://www.reddit.com/r/applemaps/comments/1p1bacy/bye_google/,,,yep i love this extension! no more google maps!,comparison_discussion,other,yep i love this extension! no more google maps!,"{'neg': 0.155, 'neu': 0.353, 'pos': 0.492, 'compound': 0.6988}",0.6988,positive
1p1bacy,applemaps,comment,1763567523.0,2025-11-19 09:52:03,https://www.reddit.com/r/applemaps/comments/1p1bacy/bye_google/,,,"there is an app called “mapper for safari” which does the same thing. when i purchased it a few years ago, it was $2.99 one time payment.",other,other,"there is an app called “mapper for safari” which does the same thing. when i purchased it a few years ago, it was $2.99 one time payment.","{'neg': 0.0, 'neu': 1.0, 'pos': 0.0, 'compound': 0.0}",0.0,neutral
1p01ixl,applemaps,post,1763436950.0,2025-11-17 21:35:50,https://www.reddit.com/r/applemaps/comments/1p01ixl/apple_did_make_icons_for_juan_manuel_fangio/,45.0,8.0,apple did make icons for juan manuel fangio statue but they’re not shown on apple maps,other,other,apple did make icons for juan manuel fangio statue but they’re not shown on apple maps,"{'neg': 0.0, 'neu': 1.0, 'pos': 0.0, 'compound': 0.0}",0.0,neutral
1ozailh,applemaps,post,1763366175.0,2025-11-17 01:56:15,https://www.reddit.com/r/applemaps/comments/1ozailh/talking_about_dense_dce_in_apple_maps_check_out/,78.0,7.0,"talking about dense dce in apple maps, check out las vegas",other,other,"talking about dense dce in apple maps, check out las vegas","{'neg': 0.0, 'neu': 1.0, 'pos': 0.0, 'compound': 0.0}",0.0,neutral
1oys4bx,applemaps,post,1763315351.0,2025-11-16 11:49:11,https://www.reddit.com/r/applemaps/comments/1oys4bx/i_made_an_app_that_allows_users_to_fly_around/,5.0,2.0,"i made an app that allows users to fly around apple maps in 3d with invisible swipe gestures that control height and speed! the ultimate app for 3d city exploration directly on iphone! you can even fly with friends. soara doesn't only change the way we navigate the world, but it will change how users see the world. it has for me. soar through stunning, cityscapes & landmarks with intuitive controls and a breathtaking, vr-like experience. whether you're a travel enthusiast, urban explorer, or virtual adventurer, soara brings the world to your fingertips. key features: immersive 3d exploration: fly through detailed 3d cities with smooth, user-friendly controls for an unparalleled virtual travel experience. liquid glass ui - enjoy a sleek, immersive visual experience with our new liquid glass interface. game center multiplayer (beta) - fly with friends in real-time! explore and share adventures! al-powered navigation: smart callouts guide your journey, highlighting points of interest, landmarks, and hidden gems with real-time insights. app is free with ads but users can subscribe if they’d like to support or don’t want ads",policy_discussion,policy_strategy,"i made an app that allows users to fly around apple maps in 3d with invisible swipe gestures that control height and speed! the ultimate app for 3d city exploration directly on iphone! you can even fly with friends. soara doesn't only change the way we navigate the world, but it will change how users see the world. it has for me. soar through stunning, cityscapes & landmarks with intuitive controls and a breathtaking, vr-like experience. whether you're a travel enthusiast, urban explorer, or virtual adventurer, soara brings the world to your fingertips. key features: immersive 3d exploration: fly through detailed 3d cities with smooth, user-friendly controls for an unparalleled virtual travel experience. liquid glass ui - enjoy a sleek, immersive visual experience with our new liquid glass interface. game center multiplayer (beta) - fly with friends in real-time! explore and share adventures! al-powered navigation: smart callouts guide your journey, highlighting points of interest, landmarks, and hidden gems with real-time insights. app is free with ads but users can subscribe if they’d like to support or don’t want ads","{'neg': 0.0, 'neu': 0.738, 'pos': 0.262, 'compound': 0.9949}",0.9949,positive
1oyl69b,applemaps,post,1763298120.0,2025-11-16 07:02:00,https://www.reddit.com/r/applemaps/comments/1oyl69b/singapores_incredibly_dense_dce_in_apple_maps/,240.0,9.0,singapore's incredibly dense dce in apple maps,other,other,singapore's incredibly dense dce in apple maps,"{'neg': 0.0, 'neu': 1.0, 'pos': 0.0, 'compound': 0.0}",0.0,neutral
1oyjqjv,applemaps,post,1763293610.0,2025-11-16 05:46:50,https://www.reddit.com/r/applemaps/comments/1oyjqjv/new_3d_buildings_in_apple_maps/,79.0,3.0,new 3d buildings in apple maps,other,ui_ux_carplay,new 3d buildings in apple maps,"{'neg': 0.0, 'neu': 1.0, 'pos': 0.0, 'compound': 0.0}",0.0,neutral
1oy1mpa,applemaps,post,1763237513.0,2025-11-15 14:11:53,https://www.reddit.com/r/applemaps/comments/1oy1mpa/apple_maps_vs_google_maps/,67.0,21.0,apple maps vs google maps hello guys. can someone explain why google maps showing that i can go through a bridge. while apple maps is telling me to reroute ? now which maps have an accurate information up to date ? ( this is in slovakia bratislava),comparison_discussion,navigation_routing_traffic,apple maps vs google maps hello guys. can someone explain why google maps showing that i can go through a bridge. while apple maps is telling me to reroute ? now which maps have an accurate information up to date ? ( this is in slovakia bratislava),"{'neg': 0.0, 'neu': 1.0, 'pos': 0.0, 'compound': 0.0}",0.0,neutral
1oxpn80,applemaps,post,1763206948.0,2025-11-15 05:42:28,https://www.reddit.com/r/applemaps/comments/1oxpn80/how_do_i_stop_apple_maps_from_rerouting_while_im/,1.0,9.0,"how do i stop apple maps from rerouting while i'm driving? please read. is there a way to prevent apple maps from automatically rerouting my trips? this has become a genuinely dangerous problem for me. driving is already extremely stressful due to past accidents in which i was hit, and consequently hospitalized, by distracted drivers at high speeds on busy highways and interstates. because of these experiences, i intentionally choose low-traffic, non-highway routes, even if it adds significant time to my drive. lately, however, apple maps has been overriding my selected route while i’m already driving. i have “avoid highways” and “avoid tolls” enabled, but it still reroutes me, even when i’ve deliberately selected a low-traffic path. i’ve tried using “add stop” as a workaround, but the app still attempts to redirect me to alternate roads to those stops or through areas i’m trying to avoid. this behavior is extremely unsafe. is there any reliable way to disable automatic rerouting altogether?",policy_discussion,policy_strategy,"how do i stop apple maps from rerouting while i'm driving? please read. is there a way to prevent apple maps from automatically rerouting my trips? this has become a genuinely dangerous problem for me. driving is already extremely stressful due to past accidents in which i was hit, and consequently hospitalized, by distracted drivers at high speeds on busy highways and interstates. because of these experiences, i intentionally choose low-traffic, non-highway routes, even if it adds significant time to my drive. lately, however, apple maps has been overriding my selected route while i’m already driving. i have “avoid highways” and “avoid tolls” enabled, but it still reroutes me, even when i’ve deliberately selected a low-traffic path. i’ve tried using “add stop” as a workaround, but the app still attempts to redirect me to alternate roads to those stops or through areas i’m trying to avoid. this behavior is extremely unsafe. is there any reliable way to disable automatic rerouting altogether?","{'neg': 0.101, 'neu': 0.874, 'pos': 0.025, 'compound': -0.883}",-0.883,negative
1oxa6fu,applemaps,post,1763158216.0,2025-11-14 16:10:16,https://www.reddit.com/r/applemaps/comments/1oxa6fu/born_and_raised_in_kansas_city_i_feel_so_lucky/,51.0,14.0,born and raised in kansas city. i feel so lucky this is the greatest thing i ever could have asked for. i am a diehard apple maps fan. i’m on this subreddit weekly for years now. dce being in my home city before way more cities that definitely deserve it more than us is amazing. not to mention how many modeled buildings they gave us!,experience_praise,ui_ux_carplay,born and raised in kansas city. i feel so lucky this is the greatest thing i ever could have asked for. i am a diehard apple maps fan. i’m on this subreddit weekly for years now. dce being in my home city before way more cities that definitely deserve it more than us is amazing. not to mention how many modeled buildings they gave us!,"{'neg': 0.0, 'neu': 0.765, 'pos': 0.235, 'compound': 0.9529}",0.9529,positive
1owpcdq,applemaps,post,1763102371.0,2025-11-14 00:39:31,https://www.reddit.com/r/applemaps/comments/1owpcdq/whats_this_island/,9.0,2.0,what’s this island? i was bored and decided to go scrolling around some islands in the north. i like some of the names and history that comes with them. then i found this. apple maps lists this named “663300”. so i googled it. nothing. not even google maps has it. there’s no history i can find or anything even decent on the area. anyone have an idea?,comparison_discussion,other,what’s this island? i was bored and decided to go scrolling around some islands in the north. i like some of the names and history that comes with them. then i found this. apple maps lists this named “663300”. so i googled it. nothing. not even google maps has it. there’s no history i can find or anything even decent on the area. anyone have an idea?,"{'neg': 0.07, 'neu': 0.892, 'pos': 0.038, 'compound': -0.2869}",-0.2869,negative
1owmf6y,applemaps,post,1763092835.0,2025-11-13 22:00:35,https://www.reddit.com/r/applemaps/comments/1owmf6y/the_honolulu_skyline_has_been_changed_from_green/,104.0,3.0,the honolulu skyline has been changed from green to blue on apple maps,other,other,the honolulu skyline has been changed from green to blue on apple maps,"{'neg': 0.0, 'neu': 1.0, 'pos': 0.0, 'compound': 0.0}",0.0,neutral
1owhexo,applemaps,post,1763078775.0,2025-11-13 18:06:15,https://www.reddit.com/r/applemaps/comments/1owhexo/apple_maps_in_guatemala_is_an_embarrassment/,12.0,10.0,"apple maps in guatemala is an embarrassment map labels for towns and villages are misplaced, sometimes by dozens of kilometers, even in more touristy areas. i just submitted a dozen reports easily found on the map, on top of the flores town near tikal i already sent in a follow up on an escalation email that had nothing done for months. guatemala may not be a priority for apple, but these are basic qa issues. surely they have at least someone responsible to work on this in central america? 🤔",experience_complaint,search_poi_data,"apple maps in guatemala is an embarrassment map labels for towns and villages are misplaced, sometimes by dozens of kilometers, even in more touristy areas. i just submitted a dozen reports easily found on the map, on top of the flores town near tikal i already sent in a follow up on an escalation email that had nothing done for months. guatemala may not be a priority for apple, but these are basic qa issues. surely they have at least someone responsible to work on this in central america? 🤔","{'neg': 0.021, 'neu': 0.87, 'pos': 0.109, 'compound': 0.7876}",0.7876,positive
1oway40,applemaps,post,1763063259.0,2025-11-13 13:47:39,https://www.reddit.com/r/applemaps/comments/1oway40/road_events_on_map/,6.0,2.0,"road events on map hey everyone. is it me or after updating to ios 26 or 26.1 i noticed that apple maps started showing road events on the driving layout when not navigating. i don’t remember seeing it before, and it just showed up if i had something on the route that i was taking, but not just on the map",other,ui_ux_carplay,"road events on map hey everyone. is it me or after updating to ios 26 or 26.1 i noticed that apple maps started showing road events on the driving layout when not navigating. i don’t remember seeing it before, and it just showed up if i had something on the route that i was taking, but not just on the map","{'neg': 0.0, 'neu': 1.0, 'pos': 0.0, 'compound': 0.0}",0.0,neutral
1ovwywl,applemaps,post,1763027079.0,2025-11-13 03:44:39,https://www.reddit.com/r/applemaps/comments/1ovwywl/rant_apple_maps_doesnt_recognize_that_a_highway/,14.0,19.0,"rant: apple maps doesn’t recognize that a highway vignette = a toll road i apologize for this rant… but after months of reporting missing toll on highways in the czech republic, i realized something today. this problem is not limited to highways in the czech republic, but also occurs in slovakia, austria, hungary, and switzerland. the issue is that apple maps does not treat highways with a vignette as toll roads. it only recognizes highways with classic tolls (based on distance traveled) as paid. that’s why in countries like austria, if you turn on the “avoid tolls” option, the maps may still route you onto a paid highway because it ignores “highway vignettes.” how on earth is this possible when all competing apps handle this correctly? i just don’t understand it. sure, it’s cool that apple maps shows trees, but when navigating across europe, you might end up with a fine 😤 of course, i’ve reported this issue many times via the app and also to the email [maps\_escalations@apple.com](mailto:maps_escalations@apple.com), but i’ve been reporting it since march of this year, and there has been absolutely no change in any of these countries.",policy_discussion,policy_strategy,"rant: apple maps doesn’t recognize that a highway vignette = a toll road i apologize for this rant... but after months of reporting missing toll on highways in the czech republic, i realized something today. this problem is not limited to highways in the czech republic, but also occurs in slovakia, austria, hungary, and switzerland. the issue is that apple maps does not treat highways with a vignette as toll roads. it only recognizes highways with classic tolls (based on distance traveled) as paid. that’s why in countries like austria, if you turn on the “avoid tolls” option, the maps may still route you onto a paid highway because it ignores “highway vignettes.” how on earth is this possible when all competing apps handle this correctly? i just don’t understand it. sure, it’s cool that apple maps shows trees, but when navigating across europe, you might end up with a fine 😤 of course, i’ve reported this issue many times via the app and also to the email [maps\_escalations@apple.com](mailto:maps_escalations@apple.com), but i’ve been reporting it since march of this year, and there has been absolutely no change in any of these countries.","{'neg': 0.087, 'neu': 0.841, 'pos': 0.072, 'compound': -0.6014}",-0.6014,negative
1ovul4k,applemaps,post,1763017711.0,2025-11-13 01:08:31,https://www.reddit.com/r/applemaps/comments/1ovul4k/what_the_hell_happened_here/,14.0,1.0,what the hell happened here i was just scrolling around apple maps when i saw this? the city cannot possibly be named this...,other,other,what the hell happened here i was just scrolling around apple maps when i saw this? the city cannot possibly be named this...,"{'neg': 0.187, 'neu': 0.813, 'pos': 0.0, 'compound': -0.6808}",-0.6808,negative
1ouo4sc,applemaps,post,1762901236.0,2025-11-11 16:47:16,https://www.reddit.com/r/applemaps/comments/1ouo4sc/default_apple_maps/,9.0,3.0,default apple maps hello everyone. i want to set apple maps as default for carplay when i search someplace in google. how to do it? thanks,other,ui_ux_carplay,default apple maps hello everyone. i want to set apple maps as default for carplay when i search someplace in google. how to do it? thanks,"{'neg': 0.0, 'neu': 0.84, 'pos': 0.16, 'compound': 0.4939}",0.4939,positive
1ou9chd,applemaps,post,1762867433.0,2025-11-11 07:23:53,https://www.reddit.com/r/applemaps/comments/1ou9chd/ios_261_messed_up_the_spoken_directions/,9.0,4.0,"ios 26.1 messed up the spoken directions since updating both our phones to 26.1 i have noticed the voice directions are broken. whenever there is a road that starts with “a” (and there are a lot in the uk), the voice mashed that with the road number and says “way”. so “join the a14” becomes “joinwaaayteen” whenever it says a street name it push a “hey” in the sentence. such as “take the next left on churchhey street” a road with a lot of numbers is inaudible as they merge together it also no longer understand abbreviations. so “gt” is no longer spoken as “great” but “g t” small things but all distracting annoyances that you don’t need when driving. it’s def apple maps as this is the same on two different phones in two different (and different manufactured) cars.",bug_report,ui_ux_carplay,"ios 26.1 messed up the spoken directions since updating both our phones to 26.1 i have noticed the voice directions are broken. whenever there is a road that starts with “a” (and there are a lot in the uk), the voice mashed that with the road number and says “way”. so “join the a14” becomes “joinwaaayteen” whenever it says a street name it push a “hey” in the sentence. such as “take the next left on churchhey street” a road with a lot of numbers is inaudible as they merge together it also no longer understand abbreviations. so “gt” is no longer spoken as “great” but “g t” small things but all distracting annoyances that you don’t need when driving. it’s def apple maps as this is the same on two different phones in two different (and different manufactured) cars.","{'neg': 0.096, 'neu': 0.888, 'pos': 0.016, 'compound': -0.8793}",-0.8793,negative
1othrc4,applemaps,post,1762790787.0,2025-11-10 10:06:27,https://www.reddit.com/r/applemaps/comments/1othrc4/apple_maps_timeline_same_as_google/,10.0,4.0,"apple maps timeline same as google? used google maps timeline for years before it went downhill. couple of month ago i was reading that apple maps is getting a similar thing but never heard of it anymore. and since i live in europe it never introduced here. but i’m curious now, for those who can use it, how different is it from the good old google maps timeline?",comparison_discussion,other,"apple maps timeline same as google? used google maps timeline for years before it went downhill. couple of month ago i was reading that apple maps is getting a similar thing but never heard of it anymore. and since i live in europe it never introduced here. but i’m curious now, for those who can use it, how different is it from the good old google maps timeline?","{'neg': 0.0, 'neu': 0.898, 'pos': 0.102, 'compound': 0.7998}",0.7998,positive
1otarji,applemaps,post,1762772149.0,2025-11-10 04:55:49,https://www.reddit.com/r/applemaps/comments/1otarji/apple_maps_is_routing_me_the_long_way_because_it/,12.0,13.0,"apple maps is routing me the long way because it thinks a motorway is 50mph apple maps seems to think the m602 in manchester is a 50mph road. i stopped using it for my commute because apple maps keeps routing me a different way. i think it might be doing that because it believes the m602 is slower than it actually is. the m602 is a standard motorway, so the limit is 70mph and there are not signs saying otherwise. i reported it in the app and apple have replied asking for a photo of a camera or a street sign to prove the speed limit. the problem is there is nothing to photograph. there are no signs because the national speed limit applies by default. it looks like the report has just been placed into their traffic camera category so it is asking me for evidence that does not exist. has anyone managed to get apple to correct a speed limit like this? should i just reply explaining that it is a motorway and therefore 70mph by default or is there something better i should send?",experience_complaint,navigation_routing_traffic,"apple maps is routing me the long way because it thinks a motorway is 50mph apple maps seems to think the m602 in manchester is a 50mph road. i stopped using it for my commute because apple maps keeps routing me a different way. i think it might be doing that because it believes the m602 is slower than it actually is. the m602 is a standard motorway, so the limit is 70mph and there are not signs saying otherwise. i reported it in the app and apple have replied asking for a photo of a camera or a street sign to prove the speed limit. the problem is there is nothing to photograph. there are no signs because the national speed limit applies by default. it looks like the report has just been placed into their traffic camera category so it is asking me for evidence that does not exist. has anyone managed to get apple to correct a speed limit like this? should i just reply explaining that it is a motorway and therefore 70mph by default or is there something better i should send?","{'neg': 0.037, 'neu': 0.917, 'pos': 0.045, 'compound': 0.3527}",0.3527,positive
1oszuab,applemaps,post,1762735235.0,2025-11-09 18:40:35,https://www.reddit.com/r/applemaps/comments/1oszuab/apple_working_on_apple_maps_via_satellite/,199.0,11.0,apple working on apple maps via satellite this would enable navigation in [apple maps]( without cellular or wi-fi connectivity.,other,navigation_routing_traffic,apple working on apple maps via satellite this would enable navigation in [apple maps]( without cellular or wi-fi connectivity.,"{'neg': 0.0, 'neu': 1.0, 'pos': 0.0, 'compound': 0.0}",0.0,neutral
1osy8u9,applemaps,post,1762730886.0,2025-11-09 17:28:06,https://www.reddit.com/r/applemaps/comments/1osy8u9/apple_maps_horrible_underestimation_of_traffic_in/,0.0,11.0,"apple maps horrible underestimation of traffic in cities has anyone else had issues with apple maps underestimating the time traffic will take by several minutes? i’m guessing it’s mainly an issue in high traffic cities, but nearly every time i travel somewhere where the typical route has traffic, apple maps will suggest the high traffic route even if the traffic is outrageous. for example i could have a typical 15 minute drive, but during rush hour apple maps will say it will take ~20 minutes when in reality it takes about 40-50 because of accidents and traffic buildup that maps shows and is aware of (sometimes it won’t even show the traffic until i start my directions). now there is an alternative route that takes ~22 minutes with little to no traffic and maps will never default to this, despite it actually taking 22 minutes. my guess is that apple maps either is just simply getting the estimation wrong or they are somehow trying to veer people away from taking backroad routes and contesting those roads. i’ve tested this out on dozens of different routes and this is the case every single time. google maps on the other hand has been hit or miss and gets the traffic right about half of the time (but i don’t like using google maps interface). obviously if it’s a route i take normally, i know to take the alternative route but it’s a bit irritating when i’m not familiar with the route and get blindsided into sitting in 30+ minutes of traffic.",policy_discussion,policy_strategy,"apple maps horrible underestimation of traffic in cities has anyone else had issues with apple maps underestimating the time traffic will take by several minutes? i’m guessing it’s mainly an issue in high traffic cities, but nearly every time i travel somewhere where the typical route has traffic, apple maps will suggest the high traffic route even if the traffic is outrageous. for example i could have a typical 15 minute drive, but during rush hour apple maps will say it will take ~20 minutes when in reality it takes about 40-50 because of accidents and traffic buildup that maps shows and is aware of (sometimes it won’t even show the traffic until i start my directions). now there is an alternative route that takes ~22 minutes with little to no traffic and maps will never default to this, despite it actually taking 22 minutes. my guess is that apple maps either is just simply getting the estimation wrong or they are somehow trying to veer people away from taking backroad routes and contesting those roads. i’ve tested this out on dozens of different routes and this is the case every single time. google maps on the other hand has been hit or miss and gets the traffic right about half of the time (but i don’t like using google maps interface). obviously if it’s a route i take normally, i know to take the alternative route but it’s a bit irritating when i’m not familiar with the route and get blindsided into sitting in 30+ minutes of traffic.","{'neg': 0.08, 'neu': 0.892, 'pos': 0.028, 'compound': -0.9199}",-0.9199,negative
1orwa08,applemaps,post,1762625549.0,2025-11-08 12:12:29,https://www.reddit.com/r/applemaps/comments/1orwa08/apple_map_issue/,11.0,3.0,apple map issue anyone having this issue? my map routes and then it freezes. i try to reset it and this keeps happening. it keeps freezing halfway though my route. when i close and open it doesn’t load the route anymore,bug_report,navigation_routing_traffic,apple map issue anyone having this issue? my map routes and then it freezes. i try to reset it and this keeps happening. it keeps freezing halfway though my route. when i close and open it doesn’t load the route anymore,"{'neg': 0.063, 'neu': 0.937, 'pos': 0.0, 'compound': -0.128}",-0.128,neutral
1or1lcn,applemaps,post,1762538773.0,2025-11-07 12:06:13,https://www.reddit.com/r/applemaps/comments/1or1lcn/censored_apartment_complex/,27.0,11.0,censored apartment complex i recently moved apartments and realized that my home is censored on apple maps. it was a military base before but it is is not used as such for 15 years already and got sold to a private company 10 years ago. i already did the report a few times but they don’t fix it. does anyone know what to do so they fix this?,other,other,censored apartment complex i recently moved apartments and realized that my home is censored on apple maps. it was a military base before but it is is not used as such for 15 years already and got sold to a private company 10 years ago. i already did the report a few times but they don’t fix it. does anyone know what to do so they fix this?,"{'neg': 0.041, 'neu': 0.959, 'pos': 0.0, 'compound': -0.1531}",-0.1531,neutral
1oqqpdl,applemaps,post,1762510576.0,2025-11-07 04:16:16,https://www.reddit.com/r/applemaps/comments/1oqqpdl/apple_maps_needs_your_immediate_attention_in/,55.0,10.0,"apple maps needs your immediate attention in greece! while apple maps can be extremely helpful and i’ve been liking it more to do delivery unfortunately it’s too dangerous for greece and makes tons of mistakes that can cost lives, i recently reported 3 serious issues that could cause crashes. apple immediately resolved those, the thing is that they were for years like that, that means people don’t put any effort to reduce accidents, i did 8 reports where 5 of them were missing stop signs but the 3 ones were suggesting to navigate the opposite way and making u turns. please, it only takes seconds and few clicks to report issues.",bug_report,navigation_routing_traffic,"apple maps needs your immediate attention in greece! while apple maps can be extremely helpful and i’ve been liking it more to do delivery unfortunately it’s too dangerous for greece and makes tons of mistakes that can cost lives, i recently reported 3 serious issues that could cause crashes. apple immediately resolved those, the thing is that they were for years like that, that means people don’t put any effort to reduce accidents, i did 8 reports where 5 of them were missing stop signs but the 3 ones were suggesting to navigate the opposite way and making u turns. please, it only takes seconds and few clicks to report issues.","{'neg': 0.104, 'neu': 0.809, 'pos': 0.087, 'compound': 0.1873}",0.1873,neutral
1oqqpdl,applemaps,comment,1762510576.0,2025-11-07 04:16:16,https://www.reddit.com/r/applemaps/comments/1oqqpdl/apple_maps_needs_your_immediate_attention_in/,,,maybe post this in r/greece too.,other,other,maybe post this in r/greece too.,"{'neg': 0.0, 'neu': 1.0, 'pos': 0.0, 'compound': 0.0}",0.0,neutral
1oqqpdl,applemaps,comment,1762510576.0,2025-11-07 04:16:16,https://www.reddit.com/r/applemaps/comments/1oqqpdl/apple_maps_needs_your_immediate_attention_in/,,,"i also hate it. apple strives to keep their premium image but maps could use a lot more effort. not on 3d dce stuff but on the basics, speed limits, turn restrictions etc. where i’m from it seems like they didn’t bother reading into what certain signs entail, didn’t bother to update lane guidance after a renovation even though they’ve taken look around footage afterwards, they tag city streets as 90 just because they don’t look like they’re within city limits. it’s crazy. i feel like opening up edits to volunteers would do so much more good than harm. they’re worried about editors sabotaging stuff but in reality they’re sabotaging their own product by making us, users, do their job.",experience_complaint,ui_ux_carplay,"i also hate it. apple strives to keep their premium image but maps could use a lot more effort. not on 3d dce stuff but on the basics, speed limits, turn restrictions etc. where i’m from it seems like they didn’t bother reading into what certain signs entail, didn’t bother to update lane guidance after a renovation even though they’ve taken look around footage afterwards, they tag city streets as 90 just because they don’t look like they’re within city limits. it’s crazy. i feel like opening up edits to volunteers would do so much more good than harm. they’re worried about editors sabotaging stuff but in reality they’re sabotaging their own product by making us, users, do their job.","{'neg': 0.138, 'neu': 0.741, 'pos': 0.121, 'compound': -0.3634}",-0.3634,negative
1oqcbny,applemaps,post,1762466344.0,2025-11-06 15:59:04,https://www.reddit.com/r/applemaps/comments/1oqcbny/apple_maps_now_in_peru/,105.0,13.0,apple maps now in peru! little testing here,other,other,apple maps now in peru! little testing here,"{'neg': 0.0, 'neu': 1.0, 'pos': 0.0, 'compound': 0.0}",0.0,neutral
1oqcbny,applemaps,comment,1762466344.0,2025-11-06 15:59:04,https://www.reddit.com/r/applemaps/comments/1oqcbny/apple_maps_now_in_peru/,,,de verdad?? no estoy soñando??,other,other,de verdad?? no estoy soñando??,"{'neg': 0.441, 'neu': 0.559, 'pos': 0.0, 'compound': -0.4871}",-0.4871,negative
1oqcbny,applemaps,comment,1762466344.0,2025-11-06 15:59:04,https://www.reddit.com/r/applemaps/comments/1oqcbny/apple_maps_now_in_peru/,,,,other,other,,"{'neg': 0.0, 'neu': 0.0, 'pos': 0.0, 'compound': 0.0}",0.0,neutral
1oqcbny,applemaps,comment,1762466344.0,2025-11-06 15:59:04,https://www.reddit.com/r/applemaps/comments/1oqcbny/apple_maps_now_in_peru/,,,are there speed cameras feature in peru?,other,other,are there speed cameras feature in peru?,"{'neg': 0.0, 'neu': 1.0, 'pos': 0.0, 'compound': 0.0}",0.0,neutral
1oqcbny,applemaps,comment,1762466344.0,2025-11-06 15:59:04,https://www.reddit.com/r/applemaps/comments/1oqcbny/apple_maps_now_in_peru/,,,i was down in honduras last weekend and was surprised it was down there too!! i went in july 2024 and there was no apple maps turn-by-turn available. i thought it wasn’t going to happen anytime soon. happy to see apple maps expanding!,other,navigation_routing_traffic,i was down in honduras last weekend and was surprised it was down there too!! i went in july 2024 and there was no apple maps turn-by-turn available. i thought it wasn’t going to happen anytime soon. happy to see apple maps expanding!,"{'neg': 0.048, 'neu': 0.81, 'pos': 0.142, 'compound': 0.6458}",0.6458,positive
1oqcbny,applemaps,comment,1762466344.0,2025-11-06 15:59:04,https://www.reddit.com/r/applemaps/comments/1oqcbny/apple_maps_now_in_peru/,,,no había navegación en peru? :0,other,other,no había navegación en peru? :0,"{'neg': 0.306, 'neu': 0.694, 'pos': 0.0, 'compound': -0.296}",-0.296,negative
1oqcbny,applemaps,comment,1762466344.0,2025-11-06 15:59:04,https://www.reddit.com/r/applemaps/comments/1oqcbny/apple_maps_now_in_peru/,,,still doesn’t work in cambodia.,other,other,still doesn’t work in cambodia.,"{'neg': 0.0, 'neu': 1.0, 'pos': 0.0, 'compound': 0.0}",0.0,neutral
1optwwq,applemaps,post,1762419240.0,2025-11-06 02:54:00,https://www.reddit.com/r/applemaps/comments/1optwwq/apple_maps_dce_buckingham_palace_fountain/,33.0,0.0,apple maps dce buckingham palace fountain ♥️,other,other,apple maps dce buckingham palace fountain ♥️,"{'neg': 0.0, 'neu': 1.0, 'pos': 0.0, 'compound': 0.0}",0.0,neutral
1optrk5,applemaps,post,1762418643.0,2025-11-06 02:44:03,https://www.reddit.com/r/applemaps/comments/1optrk5/apple_maps_dce_royal_observatory_greenwich_london/,31.0,1.0,"apple maps dce royal observatory greenwich, london",other,other,"apple maps dce royal observatory greenwich, london","{'neg': 0.0, 'neu': 1.0, 'pos': 0.0, 'compound': 0.0}",0.0,neutral
1optrk5,applemaps,comment,1762418643.0,2025-11-06 02:44:03,https://www.reddit.com/r/applemaps/comments/1optrk5/apple_maps_dce_royal_observatory_greenwich_london/,,,finally they fixed this,other,other,finally they fixed this,"{'neg': 0.0, 'neu': 1.0, 'pos': 0.0, 'compound': 0.0}",0.0,neutral
1opt8f2,applemaps,post,1762416529.0,2025-11-06 02:08:49,https://www.reddit.com/r/applemaps/comments/1opt8f2/what_do_you_think_of_apple_maps/,20.0,48.0,"what do you think of apple maps? right now, i’m debating with myself about which browser to use. i’m mainly torn between google and apple. i also have waze, but the main ones are apple and google. i’ve tried both, and i like apple because of its interface and how its navigation system works. but i like google because they recently added waze alerts, plus it offers more information about places and much better reviews. in apple maps, there are places that don’t even have reviews. i like waze for its alerts and interaction with other users. and features like “plan a drive,” for example. but i have the same problem with it as with apple maps: it doesn’t have as much information about places or reviews. what do you think of apple maps, and which ones do you use?",comparison_discussion,ui_ux_carplay,"what do you think of apple maps? right now, i’m debating with myself about which browser to use. i’m mainly torn between google and apple. i also have waze, but the main ones are apple and google. i’ve tried both, and i like apple because of its interface and how its navigation system works. but i like google because they recently added waze alerts, plus it offers more information about places and much better reviews. in apple maps, there are places that don’t even have reviews. i like waze for its alerts and interaction with other users. and features like “plan a drive,” for example. but i have the same problem with it as with apple maps: it doesn’t have as much information about places or reviews. what do you think of apple maps, and which ones do you use?","{'neg': 0.034, 'neu': 0.851, 'pos': 0.115, 'compound': 0.9211}",0.9211,positive
1opt8f2,applemaps,comment,1762416529.0,2025-11-06 02:08:49,https://www.reddit.com/r/applemaps/comments/1opt8f2/what_do_you_think_of_apple_maps/,,,apple’s ui and directions are much cleaner. google’s search is unbeatable. neither is 100% reliable. use both.,experience_praise,ui_ux_carplay,apple’s ui and directions are much cleaner. google’s search is unbeatable. neither is 100% reliable. use both.,"{'neg': 0.0, 'neu': 0.904, 'pos': 0.096, 'compound': 0.1779}",0.1779,neutral
1opt8f2,applemaps,comment,1762416529.0,2025-11-06 02:08:49,https://www.reddit.com/r/applemaps/comments/1opt8f2/what_do_you_think_of_apple_maps/,,,i’m very happy with apple maps for mass transit in nyc. and i like to avoid “being the product”.,experience_praise,transit_walk_bike,i’m very happy with apple maps for mass transit in nyc. and i like to avoid “being the product”.,"{'neg': 0.093, 'neu': 0.633, 'pos': 0.274, 'compound': 0.6478}",0.6478,positive
1opt8f2,applemaps,comment,1762416529.0,2025-11-06 02:08:49,https://www.reddit.com/r/applemaps/comments/1opt8f2/what_do_you_think_of_apple_maps/,,,"i am not sure where you are from, but in the netherlands i like to use apple maps for pretty much anything. for driving, i’ll use apple maps and open flitsmeister in the background to give me alerts for cameras and just about anything. i think lane guidance is also quite weak on google maps… but walking directions are just awful. i’ll see if i can show some screenshots. but searching is also a lot better… much cleaner. reporting is better too… google just auto-denies every report i make. and it’s just more polished i feel. driving is a much better experience too… like i said better lane guidance and how the map moves and behaves is really fantastic. like i said, if you need alerts… you can definitely use another app in the background.",comparison_discussion,ui_ux_carplay,"i am not sure where you are from, but in the netherlands i like to use apple maps for pretty much anything. for driving, i’ll use apple maps and open flitsmeister in the background to give me alerts for cameras and just about anything. i think lane guidance is also quite weak on google maps... but walking directions are just awful. i’ll see if i can show some screenshots. but searching is also a lot better... much cleaner. reporting is better too... google just auto-denies every report i make. and it’s just more polished i feel. driving is a much better experience too... like i said better lane guidance and how the map moves and behaves is really fantastic. like i said, if you need alerts... you can definitely use another app in the background.","{'neg': 0.062, 'neu': 0.707, 'pos': 0.231, 'compound': 0.9813}",0.9813,positive
1opt8f2,applemaps,comment,1762416529.0,2025-11-06 02:08:49,https://www.reddit.com/r/applemaps/comments/1opt8f2/what_do_you_think_of_apple_maps/,,,"both are fine. i prefer apple maps because in my setup it's integrated with my contacts and calendar. that's not a statement of capability- just that one or the other tends to be set up as the integrated mapping app, and for me that's apple.",other,other,"both are fine. i prefer apple maps because in my setup it's integrated with my contacts and calendar. that's not a statement of capability- just that one or the other tends to be set up as the integrated mapping app, and for me that's apple.","{'neg': 0.0, 'neu': 0.959, 'pos': 0.041, 'compound': 0.2023}",0.2023,positive
1opt8f2,applemaps,comment,1762416529.0,2025-11-06 02:08:49,https://www.reddit.com/r/applemaps/comments/1opt8f2/what_do_you_think_of_apple_maps/,,,i use both gm just make sure that the poi is there on navigation i prefer am since the traffic prediction got hell lot better,other,navigation_routing_traffic,i use both gm just make sure that the poi is there on navigation i prefer am since the traffic prediction got hell lot better,"{'neg': 0.154, 'neu': 0.671, 'pos': 0.174, 'compound': -0.1027}",-0.1027,neutral
1opt8f2,applemaps,comment,1762416529.0,2025-11-06 02:08:49,https://www.reddit.com/r/applemaps/comments/1opt8f2/what_do_you_think_of_apple_maps/,,,"apple maps looks great and has the best spoken directions, making it great for city driving. it’s hard to beat waze for highway driving though.",comparison_discussion,navigation_routing_traffic,"apple maps looks great and has the best spoken directions, making it great for city driving. it’s hard to beat waze for highway driving though.","{'neg': 0.04, 'neu': 0.603, 'pos': 0.356, 'compound': 0.9186}",0.9186,positive
1opt8f2,applemaps,comment,1762416529.0,2025-11-06 02:08:49,https://www.reddit.com/r/applemaps/comments/1opt8f2/what_do_you_think_of_apple_maps/,,,they are nearly indistinguishable - the differences are so minor you have to develop ocd just to find them.,other,ui_ux_carplay,they are nearly indistinguishable - the differences are so minor you have to develop ocd just to find them.,"{'neg': 0.0, 'neu': 1.0, 'pos': 0.0, 'compound': 0.0}",0.0,neutral
1opt8f2,applemaps,comment,1762416529.0,2025-11-06 02:08:49,https://www.reddit.com/r/applemaps/comments/1opt8f2/what_do_you_think_of_apple_maps/,,,"apple maps integrates nicely in to car play. it’s a nice, clear map to read and follow. the audio directions are nice too, with the road ahead described so you often don’t even need to look at the screen. traffic awareness / avoidance isn’t very good in the uk. and sometimes the routes given aren’t the quickest. on the plus side, it’s also less likely to route me down a single country lane, keeping me on main roads that are way better. can’t fault apple maps. i tend to use it along with google maps and waze. with apple maps starting to be used more and more recently. a few more tweaks and features and it could be a winner.",policy_discussion,policy_strategy,"apple maps integrates nicely in to car play. it’s a nice, clear map to read and follow. the audio directions are nice too, with the road ahead described so you often don’t even need to look at the screen. traffic awareness / avoidance isn’t very good in the uk. and sometimes the routes given aren’t the quickest. on the plus side, it’s also less likely to route me down a single country lane, keeping me on main roads that are way better. can’t fault apple maps. i tend to use it along with google maps and waze. with apple maps starting to be used more and more recently. a few more tweaks and features and it could be a winner.","{'neg': 0.041, 'neu': 0.783, 'pos': 0.176, 'compound': 0.9516}",0.9516,positive
1opt8f2,applemaps,comment,1762416529.0,2025-11-06 02:08:49,https://www.reddit.com/r/applemaps/comments/1opt8f2/what_do_you_think_of_apple_maps/,,,apple maps all the way bby.,other,other,apple maps all the way bby.,"{'neg': 0.0, 'neu': 1.0, 'pos': 0.0, 'compound': 0.0}",0.0,neutral
1opt8f2,applemaps,comment,1762416529.0,2025-11-06 02:08:49,https://www.reddit.com/r/applemaps/comments/1opt8f2/what_do_you_think_of_apple_maps/,,,"apple has better navigation directions, but i think google has a better interface and maps. i now have a samsung, so i do miss apple maps.",other,ui_ux_carplay,"apple has better navigation directions, but i think google has a better interface and maps. i now have a samsung, so i do miss apple maps.","{'neg': 0.089, 'neu': 0.689, 'pos': 0.222, 'compound': 0.5396}",0.5396,positive
1opt8f2,applemaps,comment,1762416529.0,2025-11-06 02:08:49,https://www.reddit.com/r/applemaps/comments/1opt8f2/what_do_you_think_of_apple_maps/,,,"i definitely prefer apple maps for walking/cycling. on the rare occasion i’m in a car i prefer google maps bc it shows me accidents/construction ahead more accurately than apple maps (i guess that’s because google maps is probably more used in my area and more people report there) and i also prefer the routes google maps picks. if there’s an accident on the route i can see that 1 minute ago another driver reported that it’s still there, on apple maps it’s a guessing game if the accident is still there when i’m going to be there (i mostly drive longer distances).",comparison_discussion,navigation_routing_traffic,"i definitely prefer apple maps for walking/cycling. on the rare occasion i’m in a car i prefer google maps bc it shows me accidents/construction ahead more accurately than apple maps (i guess that’s because google maps is probably more used in my area and more people report there) and i also prefer the routes google maps picks. if there’s an accident on the route i can see that 1 minute ago another driver reported that it’s still there, on apple maps it’s a guessing game if the accident is still there when i’m going to be there (i mostly drive longer distances).","{'neg': 0.061, 'neu': 0.912, 'pos': 0.027, 'compound': -0.5423}",-0.5423,negative
1opt8f2,applemaps,comment,1762416529.0,2025-11-06 02:08:49,https://www.reddit.com/r/applemaps/comments/1opt8f2/what_do_you_think_of_apple_maps/,,,i prefer apple maps!,other,other,i prefer apple maps!,"{'neg': 0.0, 'neu': 1.0, 'pos': 0.0, 'compound': 0.0}",0.0,neutral
1opt8f2,applemaps,comment,1762416529.0,2025-11-06 02:08:49,https://www.reddit.com/r/applemaps/comments/1opt8f2/what_do_you_think_of_apple_maps/,,,"depends on where you are and what you want from a map tool. personally i want to navigate around and apple have proper location data for my country, meaning every house name and number is exactly correct, so i use apple 99% of the time. if you want to find somewhere to eat using reviews or want to go to major places, google would work for you. google is accurate for major landmarks but for actual house numbers the use ai, or some sort of algorithm, meaning house numbers are marked inaccurately much of the time.",policy_discussion,policy_strategy,"depends on where you are and what you want from a map tool. personally i want to navigate around and apple have proper location data for my country, meaning every house name and number is exactly correct, so i use apple 99% of the time. if you want to find somewhere to eat using reviews or want to go to major places, google would work for you. google is accurate for major landmarks but for actual house numbers the use ai, or some sort of algorithm, meaning house numbers are marked inaccurately much of the time.","{'neg': 0.0, 'neu': 0.939, 'pos': 0.061, 'compound': 0.1901}",0.1901,neutral
1opt8f2,applemaps,comment,1762416529.0,2025-11-06 02:08:49,https://www.reddit.com/r/applemaps/comments/1opt8f2/what_do_you_think_of_apple_maps/,,,i use google maps for its search function. i use apple maps for actual directions.,comparison_discussion,navigation_routing_traffic,i use google maps for its search function. i use apple maps for actual directions.,"{'neg': 0.0, 'neu': 1.0, 'pos': 0.0, 'compound': 0.0}",0.0,neutral
1opt8f2,applemaps,comment,1762416529.0,2025-11-06 02:08:49,https://www.reddit.com/r/applemaps/comments/1opt8f2/what_do_you_think_of_apple_maps/,,,"google search for driving anytime there could be traffic and for finding restaurants, apple maps for the other 5% of the time",other,navigation_routing_traffic,"google search for driving anytime there could be traffic and for finding restaurants, apple maps for the other 5% of the time","{'neg': 0.0, 'neu': 1.0, 'pos': 0.0, 'compound': 0.0}",0.0,neutral
1opt8f2,applemaps,comment,1762416529.0,2025-11-06 02:08:49,https://www.reddit.com/r/applemaps/comments/1opt8f2/what_do_you_think_of_apple_maps/,,,doesn’t work where i live. but prefer it when i travel.,other,other,doesn’t work where i live. but prefer it when i travel.,"{'neg': 0.0, 'neu': 1.0, 'pos': 0.0, 'compound': 0.0}",0.0,neutral
1opt8f2,applemaps,comment,1762416529.0,2025-11-06 02:08:49,https://www.reddit.com/r/applemaps/comments/1opt8f2/what_do_you_think_of_apple_maps/,,,"apple’s ui is nicer, but google’s data, search/processing, and surfacing relevant and only relevant information at just the time it’s needed is far superior to anything else on the internet that may be trying to rival it. another way to look at things: apple is far less likely to try and mine your every action in and around its apps for money. google, however is notorious for tracking, analyzing, and reanalyzing everything do do with their apps, information, and anything else they present to you, to keep finding new ways to monetize it, at the expense of your privacy.",policy_discussion,policy_strategy,"apple’s ui is nicer, but google’s data, search/processing, and surfacing relevant and only relevant information at just the time it’s needed is far superior to anything else on the internet that may be trying to rival it. another way to look at things: apple is far less likely to try and mine your every action in and around its apps for money. google, however is notorious for tracking, analyzing, and reanalyzing everything do do with their apps, information, and anything else they present to you, to keep finding new ways to monetize it, at the expense of your privacy.","{'neg': 0.036, 'neu': 0.901, 'pos': 0.063, 'compound': 0.431}",0.431,positive
1opt8f2,applemaps,comment,1762416529.0,2025-11-06 02:08:49,https://www.reddit.com/r/applemaps/comments/1opt8f2/what_do_you_think_of_apple_maps/,,,i have a love hate relationship. i much prefer the interface. i hate that it makes so many errors. i just trust google more. i also have so many places pinned on google i could never change.,experience_complaint,ui_ux_carplay,i have a love hate relationship. i much prefer the interface. i hate that it makes so many errors. i just trust google more. i also have so many places pinned on google i could never change.,"{'neg': 0.237, 'neu': 0.587, 'pos': 0.176, 'compound': -0.3774}",-0.3774,negative
1opt8f2,applemaps,comment,1762416529.0,2025-11-06 02:08:49,https://www.reddit.com/r/applemaps/comments/1opt8f2/what_do_you_think_of_apple_maps/,,,haven’t used it since i got stranded following a frontage road along railroad tracks. in wyoming. in february. google maps forever!,comparison_discussion,other,haven’t used it since i got stranded following a frontage road along railroad tracks. in wyoming. in february. google maps forever!,"{'neg': 0.0, 'neu': 1.0, 'pos': 0.0, 'compound': 0.0}",0.0,neutral
1opt8f2,applemaps,comment,1762416529.0,2025-11-06 02:08:49,https://www.reddit.com/r/applemaps/comments/1opt8f2/what_do_you_think_of_apple_maps/,,,"i think i have them all. even tomtom and sidecar. i keep thinking i will find some feature that will make me change. i keep coming back to apple maps. the main thing i like is how it tells you exactly what lane to be in and tells you where to turn based on landmarks such as “from the right lane, go past this light and turn right at the next street”. so far it’s been the best all-round nav app for me.",policy_discussion,policy_strategy,"i think i have them all. even tomtom and sidecar. i keep thinking i will find some feature that will make me change. i keep coming back to apple maps. the main thing i like is how it tells you exactly what lane to be in and tells you where to turn based on landmarks such as “from the right lane, go past this light and turn right at the next street”. so far it’s been the best all-round nav app for me.","{'neg': 0.0, 'neu': 0.918, 'pos': 0.082, 'compound': 0.7717}",0.7717,positive
1opt8f2,applemaps,comment,1762416529.0,2025-11-06 02:08:49,https://www.reddit.com/r/applemaps/comments/1opt8f2/what_do_you_think_of_apple_maps/,,,apple maps has come a long way. it works for me.,other,other,apple maps has come a long way. it works for me.,"{'neg': 0.0, 'neu': 1.0, 'pos': 0.0, 'compound': 0.0}",0.0,neutral
1opt8f2,applemaps,comment,1762416529.0,2025-11-06 02:08:49,https://www.reddit.com/r/applemaps/comments/1opt8f2/what_do_you_think_of_apple_maps/,,,"haven’t used google maps in over a decade, apple maps works perfectly fine and is better integrated (obviously) across all my apple devices.",comparison_discussion,other,"haven’t used google maps in over a decade, apple maps works perfectly fine and is better integrated (obviously) across all my apple devices.","{'neg': 0.0, 'neu': 0.681, 'pos': 0.319, 'compound': 0.836}",0.836,positive
1opt8f2,applemaps,comment,1762416529.0,2025-11-06 02:08:49,https://www.reddit.com/r/applemaps/comments/1opt8f2/what_do_you_think_of_apple_maps/,,,i trust more and drive better with apple map,other,other,i trust more and drive better with apple map,"{'neg': 0.0, 'neu': 0.481, 'pos': 0.519, 'compound': 0.7553}",0.7553,positive
1opt8f2,applemaps,comment,1762416529.0,2025-11-06 02:08:49,https://www.reddit.com/r/applemaps/comments/1opt8f2/what_do_you_think_of_apple_maps/,,,it’s been pretty solid over the past few yrs for me. no complaints.,experience_praise,other,it’s been pretty solid over the past few yrs for me. no complaints.,"{'neg': 0.262, 'neu': 0.481, 'pos': 0.257, 'compound': -0.0258}",-0.0258,neutral
1opt8f2,applemaps,comment,1762416529.0,2025-11-06 02:08:49,https://www.reddit.com/r/applemaps/comments/1opt8f2/what_do_you_think_of_apple_maps/,,,"i look new places up in google maps, then use apple maps to navigate there. i also keep my saved places all in apple maps. in my experience, there are very few user-submitted reports in apple maps, though. i do my part to report crashes, hazards, etc in apple maps, but no getting around the fact that with more users, google/waze get way more reports.",comparison_discussion,navigation_routing_traffic,"i look new places up in google maps, then use apple maps to navigate there. i also keep my saved places all in apple maps. in my experience, there are very few user-submitted reports in apple maps, though. i do my part to report crashes, hazards, etc in apple maps, but no getting around the fact that with more users, google/waze get way more reports.","{'neg': 0.043, 'neu': 0.927, 'pos': 0.029, 'compound': -0.2263}",-0.2263,negative
1opt8f2,applemaps,comment,1762416529.0,2025-11-06 02:08:49,https://www.reddit.com/r/applemaps/comments/1opt8f2/what_do_you_think_of_apple_maps/,,,"apple maps is ok with car directions (i might prefer waze/google for some situations) and way better than google for bike directions. but the single thing keeping me from using it are impossibly bad pois, at least in my city. it used to be slightly worse, then they acquired some awful data set that included my city and now the quality tanked. a few examples: - duplicates everywhere, including metro stations, parks, squares (and no easy way to report a duplicate) - places that have been closed for more than ten years reappeared - hilarious miscategorizations: recreational vehicle repair shop listed as camping grounds (in the middle of a city), a shady ""massage parlor"" listed as as a healthcare facility, random businesses showing up as a tourist landmark, - everywhere businesses are shown with the name they are registered with the government instead of the commercial name. this is especially hilarious for bars which are often individual enterprises and show on the map with the owner name - speaking of individual businesses, a lot of them do not have a public presence (think a personal trainer who is a registered business at their home), but they still show up on the map - when you add or report an error with a business, the category list seems to be compiled by a drunk person (it used to be way worse though) - pois are very rarely in the exact position i keep making reports but 1) it's an uphill battle, there's just too much wrong data 2) they often ask for additional detail even when it should not be needed 3) a non negligible fraction of reports is not actioned against, and makes me never report anything again this is in a city with more than one million people which is supposed to get the dce soon, i can't imagine in less ""important"" areas what the quality is like",policy_discussion,policy_strategy,"apple maps is ok with car directions (i might prefer waze/google for some situations) and way better than google for bike directions. but the single thing keeping me from using it are impossibly bad pois, at least in my city. it used to be slightly worse, then they acquired some awful data set that included my city and now the quality tanked. a few examples: - duplicates everywhere, including metro stations, parks, squares (and no easy way to report a duplicate) - places that have been closed for more than ten years reappeared - hilarious miscategorizations: recreational vehicle repair shop listed as camping grounds (in the middle of a city), a shady ""massage parlor"" listed as as a healthcare facility, random businesses showing up as a tourist landmark, - everywhere businesses are shown with the name they are registered with the government instead of the commercial name. this is especially hilarious for bars which are often individual enterprises and show on the map with the owner name - speaking of individual businesses, a lot of them do not have a public presence (think a personal trainer who is a registered business at their home), but they still show up on the map - when you add or report an error with a business, the category list seems to be compiled by a drunk person (it used to be way worse though) - pois are very rarely in the exact position i keep making reports but 1) it's an uphill battle, there's just too much wrong data 2) they often ask for additional detail even when it should not be needed 3) a non negligible fraction of reports is not actioned against, and makes me never report anything again this is in a city with more than one million people which is supposed to get the dce soon, i can't imagine in less ""important"" areas what the quality is like","{'neg': 0.1, 'neu': 0.842, 'pos': 0.058, 'compound': -0.9514}",-0.9514,negative
1opt8f2,applemaps,comment,1762416529.0,2025-11-06 02:08:49,https://www.reddit.com/r/applemaps/comments/1opt8f2/what_do_you_think_of_apple_maps/,,,i need some reviews on apple map any hep,other,reviews_photos_local,i need some reviews on apple map any hep,"{'neg': 0.0, 'neu': 1.0, 'pos': 0.0, 'compound': 0.0}",0.0,neutral
1opt8f2,applemaps,comment,1762416529.0,2025-11-06 02:08:49,https://www.reddit.com/r/applemaps/comments/1opt8f2/what_do_you_think_of_apple_maps/,,,it’s awesome and way better than google maps or waze,comparison_discussion,other,it’s awesome and way better than google maps or waze,"{'neg': 0.0, 'neu': 0.533, 'pos': 0.467, 'compound': 0.7906}",0.7906,positive
1opt8f2,applemaps,comment,1762416529.0,2025-11-06 02:08:49,https://www.reddit.com/r/applemaps/comments/1opt8f2/what_do_you_think_of_apple_maps/,,,the only thing i don’t like about apple maps is they don’t give road time traffic unless you’re navigating somewhere,experience_praise,navigation_routing_traffic,the only thing i don’t like about apple maps is they don’t give road time traffic unless you’re navigating somewhere,"{'neg': 0.0, 'neu': 0.878, 'pos': 0.122, 'compound': 0.3612}",0.3612,positive
1opcm6b,applemaps,post,1762371018.0,2025-11-05 13:30:18,https://www.reddit.com/r/applemaps/comments/1opcm6b/feeling_helpless_no_ferry_route/,117.0,15.0,"feeling helpless, no ferry route we’re a small family owned auto-ferry in southern california. we only cross a short distance, but we provide big time saving for commuters and visitors depending on their destination and where they’re traveling from. for the past couple years, we’ve noticed major issues with apple maps not representing us on route options where we clearly are the most viable and efficient option. even when the “avoid tolls” is turned off, it will still ignore us. but it knows we’re here! as you can see in the images, it recognizes us. it recommended us for a pedestrian route. i’ve found the only way it will recognize us as a route is if you use “avoid tolls” off (which makes sense, i don’t take issue with that) and your starting point is right next to the ferry dock. then and only then will it recommend us as a route. i’ve been reporting this as an issue for over a year. i’ve even tried to make us a registered business with apple thinking that might help, but they always reject the application even with all the paperwork i submit to them. this is really a problem for us. it’s actively harming our business. i’m just at a loss, does anyone have some advice?",experience_complaint,navigation_routing_traffic,"feeling helpless, no ferry route we’re a small family owned auto-ferry in southern california. we only cross a short distance, but we provide big time saving for commuters and visitors depending on their destination and where they’re traveling from. for the past couple years, we’ve noticed major issues with apple maps not representing us on route options where we clearly are the most viable and efficient option. even when the “avoid tolls” is turned off, it will still ignore us. but it knows we’re here! as you can see in the images, it recognizes us. it recommended us for a pedestrian route. i’ve found the only way it will recognize us as a route is if you use “avoid tolls” off (which makes sense, i don’t take issue with that) and your starting point is right next to the ferry dock. then and only then will it recommend us as a route. i’ve been reporting this as an issue for over a year. i’ve even tried to make us a registered business with apple thinking that might help, but they always reject the application even with all the paperwork i submit to them. this is really a problem for us. it’s actively harming our business. i’m just at a loss, does anyone have some advice?","{'neg': 0.097, 'neu': 0.814, 'pos': 0.089, 'compound': -0.3991}",-0.3991,negative
1opcm6b,applemaps,comment,1762371018.0,2025-11-05 13:30:18,https://www.reddit.com/r/applemaps/comments/1opcm6b/feeling_helpless_no_ferry_route/,,,try emailing maps_escalations@apple.com,other,other,try emailing maps_escalations@apple.com,"{'neg': 0.0, 'neu': 1.0, 'pos': 0.0, 'compound': 0.0}",0.0,neutral
1opcm6b,applemaps,comment,1762371018.0,2025-11-05 13:30:18,https://www.reddit.com/r/applemaps/comments/1opcm6b/feeling_helpless_no_ferry_route/,,,"it’s not just you. apple maps does everything in its power to avoid ferry crossings. there are numerous crossings in my area and the only time apple maps will suggest taking one is when it cannot find another option, for instance when navigating to an island without a bridge connecting it. i suspect it has to do with not being able to predict the precise arrival time. it’s the polar opposite to my old garmin gps that tried to send my wife on a 24 hour ferry ride back and forth across the baltic sea just to avoid tolls on a 10 minute drive.",other,navigation_routing_traffic,"it’s not just you. apple maps does everything in its power to avoid ferry crossings. there are numerous crossings in my area and the only time apple maps will suggest taking one is when it cannot find another option, for instance when navigating to an island without a bridge connecting it. i suspect it has to do with not being able to predict the precise arrival time. it’s the polar opposite to my old garmin gps that tried to send my wife on a 24 hour ferry ride back and forth across the baltic sea just to avoid tolls on a 10 minute drive.","{'neg': 0.064, 'neu': 0.936, 'pos': 0.0, 'compound': -0.6808}",-0.6808,negative
1opcm6b,applemaps,comment,1762371018.0,2025-11-05 13:30:18,https://www.reddit.com/r/applemaps/comments/1opcm6b/feeling_helpless_no_ferry_route/,,,"i was able to get it to recognize the ferry route. not sure if it’s because i’m looking at directions for places over 1,000 miles away but it does recognize the route.",other,navigation_routing_traffic,"i was able to get it to recognize the ferry route. not sure if it’s because i’m looking at directions for places over 1,000 miles away but it does recognize the route.","{'neg': 0.047, 'neu': 0.953, 'pos': 0.0, 'compound': -0.1232}",-0.1232,neutral
1opcm6b,applemaps,comment,1762371018.0,2025-11-05 13:30:18,https://www.reddit.com/r/applemaps/comments/1opcm6b/feeling_helpless_no_ferry_route/,,,not sure how to help but luckily i use google maps because that ferry was definitely a highlight of my trip to newport in september. 10/10 would recommend just for the views,comparison_discussion,other,not sure how to help but luckily i use google maps because that ferry was definitely a highlight of my trip to newport in september. 10/10 would recommend just for the views,"{'neg': 0.036, 'neu': 0.576, 'pos': 0.389, 'compound': 0.9405}",0.9405,positive
1opcm6b,applemaps,comment,1762371018.0,2025-11-05 13:30:18,https://www.reddit.com/r/applemaps/comments/1opcm6b/feeling_helpless_no_ferry_route/,,,could it be that it’s because the ferry departs too late for the eta of the non-ferry route to be later?,other,navigation_routing_traffic,could it be that it’s because the ferry departs too late for the eta of the non-ferry route to be later?,"{'neg': 0.0, 'neu': 1.0, 'pos': 0.0, 'compound': 0.0}",0.0,neutral
1opcm6b,applemaps,comment,1762371018.0,2025-11-05 13:30:18,https://www.reddit.com/r/applemaps/comments/1opcm6b/feeling_helpless_no_ferry_route/,,,"the ferry route is 20 minutes on its own, according to apple and your screenshots, and has an associated cost. it wouldn’t make sense for apple to show it as a “better” option since it might only save one or two minutes in the routes you’ve shown but you need to pay for it. also, does the ferry take cars on it too? if not, then this makes total sense.",other,ui_ux_carplay,"the ferry route is 20 minutes on its own, according to apple and your screenshots, and has an associated cost. it wouldn’t make sense for apple to show it as a “better” option since it might only save one or two minutes in the routes you’ve shown but you need to pay for it. also, does the ferry take cars on it too? if not, then this makes total sense.","{'neg': 0.023, 'neu': 0.948, 'pos': 0.03, 'compound': 0.128}",0.128,neutral
1opcm6b,applemaps,comment,1762371018.0,2025-11-05 13:30:18,https://www.reddit.com/r/applemaps/comments/1opcm6b/feeling_helpless_no_ferry_route/,,,i love the balboa island ferry! so fun and easy. sorry i don’t have any suggestions but i hope this gets fixed soon. i sometimes go out of my way to take it!,experience_praise,other,i love the balboa island ferry! so fun and easy. sorry i don’t have any suggestions but i hope this gets fixed soon. i sometimes go out of my way to take it!,"{'neg': 0.031, 'neu': 0.651, 'pos': 0.318, 'compound': 0.8907}",0.8907,positive
1opcm6b,applemaps,comment,1762371018.0,2025-11-05 13:30:18,https://www.reddit.com/r/applemaps/comments/1opcm6b/feeling_helpless_no_ferry_route/,,,there is a prefer ferry option but it’s deep in settings. i have it on but i don’t know if that’s a default or i set it at some point. maybe check with some people’s phones to see if that’s a factory default? and it’s under transit so i don’t know if it only looks for passenger ferries.,other,search_poi_data,there is a prefer ferry option but it’s deep in settings. i have it on but i don’t know if that’s a default or i set it at some point. maybe check with some people’s phones to see if that’s a factory default? and it’s under transit so i don’t know if it only looks for passenger ferries.,"{'neg': 0.0, 'neu': 1.0, 'pos': 0.0, 'compound': 0.0}",0.0,neutral
1oo5q9r,applemaps,post,1762258375.0,2025-11-04 06:12:55,https://www.reddit.com/r/applemaps/comments/1oo5q9r/apple_maps_not_showing_traffic_while_navigating/,6.0,10.0,"apple maps not showing traffic while navigating hi, this may be a daft question. i am new to apple, just switched over from android. my question is, does apple maps show you road closures etc whilst in driving mode? i only ask this as mine does not. it does navigate around them, just not showing them. they show on the map before pressing go, but then vanish. its annoying as if the navigation it taking me off route i want to know why, i shouldn't have to stop the route to see the traffic then resume it. i am in 3d view whilst driving. its shows the red and yellow for slow traffic and traffic lights but they are the only icons i get. i'm in the uk and using iphone 17 pro max with lasted update. thanks",experience_complaint,navigation_routing_traffic,"apple maps not showing traffic while navigating hi, this may be a daft question. i am new to apple, just switched over from android. my question is, does apple maps show you road closures etc whilst in driving mode? i only ask this as mine does not. it does navigate around them, just not showing them. they show on the map before pressing go, but then vanish. its annoying as if the navigation it taking me off route i want to know why, i shouldn't have to stop the route to see the traffic then resume it. i am in 3d view whilst driving. its shows the red and yellow for slow traffic and traffic lights but they are the only icons i get. i'm in the uk and using iphone 17 pro max with lasted update. thanks","{'neg': 0.026, 'neu': 0.919, 'pos': 0.055, 'compound': 0.4735}",0.4735,positive
1oo5q9r,applemaps,comment,1762258375.0,2025-11-04 06:12:55,https://www.reddit.com/r/applemaps/comments/1oo5q9r/apple_maps_not_showing_traffic_while_navigating/,,,"while navigating, apple maps only shows traffic/incidents/... of your route.",other,navigation_routing_traffic,"while navigating, apple maps only shows traffic/incidents/... of your route.","{'neg': 0.0, 'neu': 1.0, 'pos': 0.0, 'compound': 0.0}",0.0,neutral
1oo5q9r,applemaps,comment,1762258375.0,2025-11-04 06:12:55,https://www.reddit.com/r/applemaps/comments/1oo5q9r/apple_maps_not_showing_traffic_while_navigating/,,,"unlike google maps and waze, *while navigating*, apple maps only shows traffic and info for the route you’re on. it doesn’t show anything else on the map.",comparison_discussion,navigation_routing_traffic,"unlike google maps and waze, *while navigating*, apple maps only shows traffic and info for the route you’re on. it doesn’t show anything else on the map.","{'neg': 0.0, 'neu': 1.0, 'pos': 0.0, 'compound': 0.0}",0.0,neutral
1oo5q9r,applemaps,comment,1762258375.0,2025-11-04 06:12:55,https://www.reddit.com/r/applemaps/comments/1oo5q9r/apple_maps_not_showing_traffic_while_navigating/,,,"apple maps is very focused when navigating. it shows your route and surrounding streets. and really nothing else. there’s no distracting detail on those streets or on your route. personally, i find this far superior to google maps, which is full of stuff you don’t need to see.",comparison_discussion,navigation_routing_traffic,"apple maps is very focused when navigating. it shows your route and surrounding streets. and really nothing else. there’s no distracting detail on those streets or on your route. personally, i find this far superior to google maps, which is full of stuff you don’t need to see.","{'neg': 0.041, 'neu': 0.804, 'pos': 0.155, 'compound': 0.7254}",0.7254,positive
1oo5q9r,applemaps,comment,1762258375.0,2025-11-04 06:12:55,https://www.reddit.com/r/applemaps/comments/1oo5q9r/apple_maps_not_showing_traffic_while_navigating/,,,found this pic online as i don't think there's a closed road near me...but this is what it shows. they're all over the place in major cities typically due to the constant road work or building related closures.,other,ui_ux_carplay,found this pic online as i don't think there's a closed road near me...but this is what it shows. they're all over the place in major cities typically due to the constant road work or building related closures.,"{'neg': 0.0, 'neu': 1.0, 'pos': 0.0, 'compound': 0.0}",0.0,neutral
1oo5nht,applemaps,post,1762257886.0,2025-11-04 06:04:46,https://www.reddit.com/r/applemaps/comments/1oo5nht/all_gps_apps_not_working_in_only_my_car/,2.0,7.0,"all gps apps not working in only my car?! i have a 2015 altima that has an aftermarket apple carplay unit thats wired in. the first 5 months, my gps was working great. but then i realized the past few months, it shows extreme lag and wrong locations 24/7 on apple maps. so i switched to different apps like waze and google maps. all of them the same. but whats weird is that its only my car. in my parents and siblings cars, it works great but only in my car that its bad. please help, ive been struggling with this for 6 months. update: i had a gps antenna that came with the aftermarket head unit and it was behind the screen so i removed the screen and pulled out the gps antenna and taped it into my apillar now gps works 💯 in the car again 🥳",comparison_discussion,ui_ux_carplay,"all gps apps not working in only my car?! i have a 2015 altima that has an aftermarket apple carplay unit thats wired in. the first 5 months, my gps was working great. but then i realized the past few months, it shows extreme lag and wrong locations 24/7 on apple maps. so i switched to different apps like waze and google maps. all of them the same. but whats weird is that its only my car. in my parents and siblings cars, it works great but only in my car that its bad. please help, ive been struggling with this for 6 months. update: i had a gps antenna that came with the aftermarket head unit and it was behind the screen so i removed the screen and pulled out the gps antenna and taped it into my apillar now gps works 💯 in the car again 🥳","{'neg': 0.108, 'neu': 0.781, 'pos': 0.111, 'compound': 0.126}",0.126,neutral
1oo5nht,applemaps,comment,1762257886.0,2025-11-04 06:04:46,https://www.reddit.com/r/applemaps/comments/1oo5nht/all_gps_apps_not_working_in_only_my_car/,,,your tint on your windows. do they have metallic compounds in it? if yes. they can block gps signals. i had 3m film for about 6-7 years and didn’t have any issues before. but suddenly nothing gps related works and i had to change my tints to ceramic based ones,experience_complaint,navigation_routing_traffic,your tint on your windows. do they have metallic compounds in it? if yes. they can block gps signals. i had 3m film for about 6-7 years and didn’t have any issues before. but suddenly nothing gps related works and i had to change my tints to ceramic based ones,"{'neg': 0.039, 'neu': 0.924, 'pos': 0.037, 'compound': -0.0258}",-0.0258,neutral
1oo5nht,applemaps,comment,1762257886.0,2025-11-04 06:04:46,https://www.reddit.com/r/applemaps/comments/1oo5nht/all_gps_apps_not_working_in_only_my_car/,,,so the question is - do other people’s gps applications work in your car? check out the app it may give you an idea as to what is going on.,other,performance_reliability,so the question is - do other people’s gps applications work in your car? check out the app it may give you an idea as to what is going on.,"{'neg': 0.0, 'neu': 1.0, 'pos': 0.0, 'compound': 0.0}",0.0,neutral
1oneybt,applemaps,post,1762184179.0,2025-11-03 09:36:19,https://www.reddit.com/r/applemaps/comments/1oneybt/the_stations_of_the_line_5_from_the_montpellier/,21.0,1.0,"the stations of the line 5 from the montpellier tramway began to appear on apple maps in montpellier, france. the opening will be on the 20 december 2025. this line will add 17,5 km and 27 stations to the network. 9 stations already exist with tram lines 1, 2 and 4. it's the first line not passing by montpellier saint-roch ( train stations). transports in montpellier are \*free\*",other,transit_walk_bike,"the stations of the line 5 from the montpellier tramway began to appear on apple maps in montpellier, france. the opening will be on the 20 december 2025. this line will add 17,5 km and 27 stations to the network. 9 stations already exist with tram lines 1, 2 and 4. it's the first line not passing by montpellier saint-roch ( train stations). transports in montpellier are \*free\*","{'neg': 0.0, 'neu': 1.0, 'pos': 0.0, 'compound': 0.0}",0.0,neutral
1oneybt,applemaps,comment,1762184179.0,2025-11-03 09:36:19,https://www.reddit.com/r/applemaps/comments/1oneybt/the_stations_of_the_line_5_from_the_montpellier/,,,\*free\* for peoples of montpellier area. not free for tourists ;-),other,other,\*free\* for peoples of montpellier area. not free for tourists ;-),"{'neg': 0.197, 'neu': 0.657, 'pos': 0.146, 'compound': -0.1783}",-0.1783,neutral
1on0izo,applemaps,post,1762137929.0,2025-11-02 20:45:29,https://www.reddit.com/r/applemaps/comments/1on0izo/is_there_any_current_way_to_transfer_a_google/,6.0,2.0,is there any current way to transfer a google maps list to apple maps with all notes saved as titles i have a very long google maps list (100+ locations and each one has an important note) and i want to convert it to apple maps. i tried [ but it didn't save the notes and it also didn't work on the ones that are just coordinates. i've also tried [ but it didn't save the notes either. is there any way to do this where all the notes get saved as the tile of the location on apple maps? thanks! :),comparison_discussion,search_poi_data,is there any current way to transfer a google maps list to apple maps with all notes saved as titles i have a very long google maps list (100+ locations and each one has an important note) and i want to convert it to apple maps. i tried [ but it didn't save the notes and it also didn't work on the ones that are just coordinates. i've also tried [ but it didn't save the notes either. is there any way to do this where all the notes get saved as the tile of the location on apple maps? thanks! :),"{'neg': 0.062, 'neu': 0.79, 'pos': 0.148, 'compound': 0.813}",0.813,positive
1on0izo,applemaps,comment,1762137929.0,2025-11-02 20:45:29,https://www.reddit.com/r/applemaps/comments/1on0izo/is_there_any_current_way_to_transfer_a_google/,,,i think the only way is by gps coordinates,other,performance_reliability,i think the only way is by gps coordinates,"{'neg': 0.0, 'neu': 1.0, 'pos': 0.0, 'compound': 0.0}",0.0,neutral
1on0izo,applemaps,comment,1762137929.0,2025-11-02 20:45:29,https://www.reddit.com/r/applemaps/comments/1on0izo/is_there_any_current_way_to_transfer_a_google/,,,"looks like you've tried the secondary ones created by users, but no...no official way to transfer data as of yet.",experience_praise,other,"looks like you've tried the secondary ones created by users, but no...no official way to transfer data as of yet.","{'neg': 0.0, 'neu': 0.847, 'pos': 0.153, 'compound': 0.3071}",0.3071,positive
1om7ncu,applemaps,post,1762055738.0,2025-11-01 22:55:38,https://www.reddit.com/r/applemaps/comments/1om7ncu/will_pay_1k_for_api_coding_help_to_add_10k/,0.0,6.0,"will pay $1k for api & coding help to add 10k businesses to apple maps seeking someone with access to the apple business connect api or a workaround that allows bulk uploading of 10,000 business pins. will pay $1,000 for the api details and assistance with the coding to do the upload. dm if you can help.",other,navigation_routing_traffic,"will pay $1k for api & coding help to add 10k businesses to apple maps seeking someone with access to the apple business connect api or a workaround that allows bulk uploading of 10,000 business pins. will pay $1,000 for the api details and assistance with the coding to do the upload. dm if you can help.","{'neg': 0.047, 'neu': 0.861, 'pos': 0.091, 'compound': 0.5574}",0.5574,positive
1om7ncu,applemaps,comment,1762055738.0,2025-11-01 22:55:38,https://www.reddit.com/r/applemaps/comments/1om7ncu/will_pay_1k_for_api_coding_help_to_add_10k/,,,"i’m really curious as to what company your working with, needing 10 thousand business pins on maps.",other,transit_walk_bike,"i’m really curious as to what company your working with, needing 10 thousand business pins on maps.","{'neg': 0.0, 'neu': 0.861, 'pos': 0.139, 'compound': 0.3804}",0.3804,positive
1om7ncu,applemaps,comment,1762055738.0,2025-11-01 22:55:38,https://www.reddit.com/r/applemaps/comments/1om7ncu/will_pay_1k_for_api_coding_help_to_add_10k/,,,"if the points are legit, why not just register for business connect and upload it on your own?",other,search_poi_data,"if the points are legit, why not just register for business connect and upload it on your own?","{'neg': 0.0, 'neu': 1.0, 'pos': 0.0, 'compound': 0.0}",0.0,neutral
1om0edv,applemaps,post,1762034609.0,2025-11-01 17:03:29,https://www.reddit.com/r/applemaps/comments/1om0edv/apple_maps_keeps_adding_businesses_to_my_home/,10.0,9.0,"apple maps keeps adding businesses to my home interesting problem here. apple maps is continuously adding businesses to my home address (townhouse)! i report them, but as soon as one is taken down, another is added. i always add that this is a residence in the notes. i assume it must be some kind of weird glitch, as i’ve never seen my address associated with any of these businesses or on their websites, but they do sometimes say the city i live it and if i click that link on the business website, it will open in apple maps and show my address. this has become annoying as people occasionally show up at my door — addresses have included everything from bird sanctuary to a happy endings massage parlour. and yes, someone showed up looking for a massage. i’ve tried the maps feedback email with no luck. does anyone have any ideas on how i can get this corrected? feeling hopeless!",bug_report,search_poi_data,"apple maps keeps adding businesses to my home interesting problem here. apple maps is continuously adding businesses to my home address (townhouse)! i report them, but as soon as one is taken down, another is added. i always add that this is a residence in the notes. i assume it must be some kind of weird glitch, as i’ve never seen my address associated with any of these businesses or on their websites, but they do sometimes say the city i live it and if i click that link on the business website, it will open in apple maps and show my address. this has become annoying as people occasionally show up at my door — addresses have included everything from bird sanctuary to a happy endings massage parlour. and yes, someone showed up looking for a massage. i’ve tried the maps feedback email with no luck. does anyone have any ideas on how i can get this corrected? feeling hopeless!","{'neg': 0.085, 'neu': 0.818, 'pos': 0.097, 'compound': 0.4757}",0.4757,positive
1om0edv,applemaps,comment,1762034609.0,2025-11-01 17:03:29,https://www.reddit.com/r/applemaps/comments/1om0edv/apple_maps_keeps_adding_businesses_to_my_home/,,,probably a neighbour who is trolling you..,other,other,probably a neighbour who is trolling you..,"{'neg': 0.0, 'neu': 1.0, 'pos': 0.0, 'compound': 0.0}",0.0,neutral
1om0edv,applemaps,comment,1762034609.0,2025-11-01 17:03:29,https://www.reddit.com/r/applemaps/comments/1om0edv/apple_maps_keeps_adding_businesses_to_my_home/,,,is your townhome somehow the dead centre of your city or something else that makes it the default location for addresses the system can’t geolocate? i see you mentioned several of these businesses don’t actually come with addresses associated.,other,search_poi_data,is your townhome somehow the dead centre of your city or something else that makes it the default location for addresses the system can’t geolocate? i see you mentioned several of these businesses don’t actually come with addresses associated.,"{'neg': 0.104, 'neu': 0.896, 'pos': 0.0, 'compound': -0.6486}",-0.6486,negative
1om0edv,applemaps,comment,1762034609.0,2025-11-01 17:03:29,https://www.reddit.com/r/applemaps/comments/1om0edv/apple_maps_keeps_adding_businesses_to_my_home/,,,"does the name of your town/city/area sound or have a similar spelling to somewhere else? i wonder if your address has a near-twin in a busy commercial district somewhere and people are lazily adding businesses. i would start looking up those business names on google maps and see if there's a factor in common. in the area where i live, there are several smallish towns that all have (cleverly) a main street called main street. i've found quite a few businesses with an address like ""122 main street"" in one town mapped onto 122 main street in another nearby town.",comparison_discussion,ui_ux_carplay,"does the name of your town/city/area sound or have a similar spelling to somewhere else? i wonder if your address has a near-twin in a busy commercial district somewhere and people are lazily adding businesses. i would start looking up those business names on google maps and see if there's a factor in common. in the area where i live, there are several smallish towns that all have (cleverly) a main street called main street. i've found quite a few businesses with an address like ""122 main street"" in one town mapped onto 122 main street in another nearby town.","{'neg': 0.0, 'neu': 0.973, 'pos': 0.027, 'compound': 0.3612}",0.3612,positive
1olzucd,applemaps,post,1762033187.0,2025-11-01 16:39:47,https://www.reddit.com/r/applemaps/comments/1olzucd/apple_maps_typo/,89.0,6.0,"apple maps typo not sure where this typo comes from, but utercht is spelled utrecht.",other,other,"apple maps typo not sure where this typo comes from, but utercht is spelled utrecht.","{'neg': 0.096, 'neu': 0.904, 'pos': 0.0, 'compound': -0.1232}",-0.1232,neutral
1olzucd,applemaps,comment,1762033187.0,2025-11-01 16:39:47,https://www.reddit.com/r/applemaps/comments/1olzucd/apple_maps_typo/,,,"this is plain-dutch “uterecht” 😜 you can report this with this screenshot, they will fix it.",other,ui_ux_carplay,"this is plain-dutch “uterecht” 😜 you can report this with this screenshot, they will fix it.","{'neg': 0.0, 'neu': 1.0, 'pos': 0.0, 'compound': 0.0}",0.0,neutral
1olzucd,applemaps,comment,1762033187.0,2025-11-01 16:39:47,https://www.reddit.com/r/applemaps/comments/1olzucd/apple_maps_typo/,,,how could this happen here but not anywhere else? source should be the same right,other,other,how could this happen here but not anywhere else? source should be the same right,"{'neg': 0.0, 'neu': 1.0, 'pos': 0.0, 'compound': 0.0}",0.0,neutral
1okte72,applemaps,post,1761914206.0,2025-10-31 07:36:46,https://www.reddit.com/r/applemaps/comments/1okte72/preferred_routes_available_in_taiwan/,43.0,4.0,preferred routes available in taiwan,other,navigation_routing_traffic,preferred routes available in taiwan,"{'neg': 0.0, 'neu': 1.0, 'pos': 0.0, 'compound': 0.0}",0.0,neutral
1okte72,applemaps,comment,1761914206.0,2025-10-31 07:36:46,https://www.reddit.com/r/applemaps/comments/1okte72/preferred_routes_available_in_taiwan/,,,do you need a device compatible with apple intelligence to use this feature?,other,other,do you need a device compatible with apple intelligence to use this feature?,"{'neg': 0.0, 'neu': 0.78, 'pos': 0.22, 'compound': 0.4767}",0.4767,positive
1okasx1,applemaps,post,1761856214.0,2025-10-30 15:30:14,https://www.reddit.com/r/applemaps/comments/1okasx1/apple_maps_being_laggy_just_me/,17.0,17.0,"apple maps being laggy? just me? so i downloaded the update for ios 26, and for the most part everything is fine… except maps. i’ve noticed recently that it has been extraordinarily lagging whether i’m following directions, or it’s (trying to) follow my position while driving. it might go for a little bit the freeze on the map and not catch up to my location for like, half a mile or more. it’s annoying to not have directions on my car screen and rely on someone else to direct me. is anyone else having problems? using maps on iphone 13 through carplay, for reference.",experience_complaint,ui_ux_carplay,"apple maps being laggy? just me? so i downloaded the update for ios 26, and for the most part everything is fine... except maps. i’ve noticed recently that it has been extraordinarily lagging whether i’m following directions, or it’s (trying to) follow my position while driving. it might go for a little bit the freeze on the map and not catch up to my location for like, half a mile or more. it’s annoying to not have directions on my car screen and rely on someone else to direct me. is anyone else having problems? using maps on iphone 13 through carplay, for reference.","{'neg': 0.087, 'neu': 0.89, 'pos': 0.023, 'compound': -0.7079}",-0.7079,negative
1okasx1,applemaps,comment,1761856214.0,2025-10-30 15:30:14,https://www.reddit.com/r/applemaps/comments/1okasx1/apple_maps_being_laggy_just_me/,,,"noticing the exactly same. using an iphone air on ios 26. using directions on maps at it’ll just freeze up. if i then end the route, it takes a good couple of mins to get my actual location again.",other,navigation_routing_traffic,"noticing the exactly same. using an iphone air on ios 26. using directions on maps at it’ll just freeze up. if i then end the route, it takes a good couple of mins to get my actual location again.","{'neg': 0.0, 'neu': 0.895, 'pos': 0.105, 'compound': 0.4767}",0.4767,positive
1okasx1,applemaps,comment,1761856214.0,2025-10-30 15:30:14,https://www.reddit.com/r/applemaps/comments/1okasx1/apple_maps_being_laggy_just_me/,,,have same performance issues on a brand new iphone 16. i posted it about it here:,experience_complaint,performance_reliability,have same performance issues on a brand new iphone 16. i posted it about it here:,"{'neg': 0.0, 'neu': 1.0, 'pos': 0.0, 'compound': 0.0}",0.0,neutral
1okasx1,applemaps,comment,1761856214.0,2025-10-30 15:30:14,https://www.reddit.com/r/applemaps/comments/1okasx1/apple_maps_being_laggy_just_me/,,,have the same experience on brand new iphone 17 pro,other,other,have the same experience on brand new iphone 17 pro,"{'neg': 0.0, 'neu': 1.0, 'pos': 0.0, 'compound': 0.0}",0.0,neutral
1okasx1,applemaps,comment,1761856214.0,2025-10-30 15:30:14,https://www.reddit.com/r/applemaps/comments/1okasx1/apple_maps_being_laggy_just_me/,,,"thanks for the replies. glad i’m not the only one. for now i betrayed apple and downloaded google maps, works just fine. if they fix apple maps i may return to it.",comparison_discussion,other,"thanks for the replies. glad i’m not the only one. for now i betrayed apple and downloaded google maps, works just fine. if they fix apple maps i may return to it.","{'neg': 0.106, 'neu': 0.69, 'pos': 0.204, 'compound': 0.4019}",0.4019,positive
1okasx1,applemaps,comment,1761856214.0,2025-10-30 15:30:14,https://www.reddit.com/r/applemaps/comments/1okasx1/apple_maps_being_laggy_just_me/,,,i had an issue where the dashboard map was old. clicked full screen and then back to dashboard. problem solved,experience_complaint,ui_ux_carplay,i had an issue where the dashboard map was old. clicked full screen and then back to dashboard. problem solved,"{'neg': 0.124, 'neu': 0.78, 'pos': 0.096, 'compound': -0.1531}",-0.1531,neutral
1okasx1,applemaps,comment,1761856214.0,2025-10-30 15:30:14,https://www.reddit.com/r/applemaps/comments/1okasx1/apple_maps_being_laggy_just_me/,,,me too,other,other,me too,"{'neg': 0.0, 'neu': 1.0, 'pos': 0.0, 'compound': 0.0}",0.0,neutral
1okasx1,applemaps,comment,1761856214.0,2025-10-30 15:30:14,https://www.reddit.com/r/applemaps/comments/1okasx1/apple_maps_being_laggy_just_me/,,,"iphone 13 as well, been happening for a few days now. switched to waze and it still lags. support didn't do shit either.",comparison_discussion,performance_reliability,"iphone 13 as well, been happening for a few days now. switched to waze and it still lags. support didn't do shit either.","{'neg': 0.089, 'neu': 0.638, 'pos': 0.274, 'compound': 0.6398}",0.6398,positive
1okasx1,applemaps,comment,1761856214.0,2025-10-30 15:30:14,https://www.reddit.com/r/applemaps/comments/1okasx1/apple_maps_being_laggy_just_me/,,,does anyone know what to do? it happens on waze for me too. it must be a software problem.,comparison_discussion,other,does anyone know what to do? it happens on waze for me too. it must be a software problem.,"{'neg': 0.137, 'neu': 0.863, 'pos': 0.0, 'compound': -0.4019}",-0.4019,negative
1okasx1,applemaps,comment,1761856214.0,2025-10-30 15:30:14,https://www.reddit.com/r/applemaps/comments/1okasx1/apple_maps_being_laggy_just_me/,,,i can’t use it as a gps in the car. it lags several seconds behind my location. switched back to google maps until apple can figure its garbage out,comparison_discussion,search_poi_data,i can’t use it as a gps in the car. it lags several seconds behind my location. switched back to google maps until apple can figure its garbage out,"{'neg': 0.088, 'neu': 0.912, 'pos': 0.0, 'compound': -0.3612}",-0.3612,negative
1okasx1,applemaps,comment,1761856214.0,2025-10-30 15:30:14,https://www.reddit.com/r/applemaps/comments/1okasx1/apple_maps_being_laggy_just_me/,,,"same here. the problem is the “searching here” feature. there is code that is blocking the ui thread, in the past this was all asynchronous and you could still use the ui while maps was searching.",experience_complaint,ui_ux_carplay,"same here. the problem is the “searching here” feature. there is code that is blocking the ui thread, in the past this was all asynchronous and you could still use the ui while maps was searching.","{'neg': 0.135, 'neu': 0.865, 'pos': 0.0, 'compound': -0.6486}",-0.6486,negative
1okasx1,applemaps,comment,1761856214.0,2025-10-30 15:30:14,https://www.reddit.com/r/applemaps/comments/1okasx1/apple_maps_being_laggy_just_me/,,,okay so i was also getting the issue and turning background app refresh from wifi to wifi and data seems to have fixed it for me. let me know if that works for others,experience_complaint,other,okay so i was also getting the issue and turning background app refresh from wifi to wifi and data seems to have fixed it for me. let me know if that works for others,"{'neg': 0.0, 'neu': 0.944, 'pos': 0.056, 'compound': 0.2263}",0.2263,positive
1okasx1,applemaps,comment,1761856214.0,2025-10-30 15:30:14,https://www.reddit.com/r/applemaps/comments/1okasx1/apple_maps_being_laggy_just_me/,,,it’s absolutely awful glad it isn’t just me,experience_complaint,other,it’s absolutely awful glad it isn’t just me,"{'neg': 0.262, 'neu': 0.477, 'pos': 0.261, 'compound': -0.0038}",-0.0038,neutral
1okasx1,applemaps,comment,1761856214.0,2025-10-30 15:30:14,https://www.reddit.com/r/applemaps/comments/1okasx1/apple_maps_being_laggy_just_me/,,,"glad the problem was not my iphone 12. i won’t upgrade, but this os to this date is so unpolished, compared to older ios versions.",comparison_discussion,other,"glad the problem was not my iphone 12. i won’t upgrade, but this os to this date is so unpolished, compared to older ios versions.","{'neg': 0.072, 'neu': 0.851, 'pos': 0.077, 'compound': 0.0387}",0.0387,neutral
1ok2plb,applemaps,post,1761837952.0,2025-10-30 10:25:52,https://www.reddit.com/r/applemaps/comments/1ok2plb/railroads_other_issues/,2.0,1.0,"railroads? other issues? why do i have to be alerted at every railroad crossing 2 seconds before i cross it? i’m not an inept tech bro that relies on technology instead of my eyeballs. i can see the railroad crossings because i have my head up. on a serious note, how come every time i open apple maps, there are like 3 things i have to exit out of to be to type in a location? seems like it always wants to suggest something, or route to a map i’ve already used.",policy_discussion,policy_strategy,"railroads? other issues? why do i have to be alerted at every railroad crossing 2 seconds before i cross it? i’m not an inept tech bro that relies on technology instead of my eyeballs. i can see the railroad crossings because i have my head up. on a serious note, how come every time i open apple maps, there are like 3 things i have to exit out of to be to type in a location? seems like it always wants to suggest something, or route to a map i’ve already used.","{'neg': 0.015, 'neu': 0.915, 'pos': 0.07, 'compound': 0.6868}",0.6868,positive
1ok2plb,applemaps,comment,1761837952.0,2025-10-30 10:25:52,https://www.reddit.com/r/applemaps/comments/1ok2plb/railroads_other_issues/,,,"you shouldn’t need to x out of anything when you open maps. as soon as you open it, the search bar should appear at the top of the menu card on the screen.",other,ui_ux_carplay,"you shouldn’t need to x out of anything when you open maps. as soon as you open it, the search bar should appear at the top of the menu card on the screen.","{'neg': 0.0, 'neu': 0.945, 'pos': 0.055, 'compound': 0.2023}",0.2023,positive
1oj86ls,applemaps,post,1761753078.0,2025-10-29 10:51:18,https://www.reddit.com/r/applemaps/comments/1oj86ls/apple_map_dce/,208.0,13.0,apple map dce went to san diego for my brothers wedding last week and holy cow dce was something special. feels oddly weird and like a major downgrade coming back home and using regular apple maps.,experience_praise,other,apple map dce went to san diego for my brothers wedding last week and holy cow dce was something special. feels oddly weird and like a major downgrade coming back home and using regular apple maps.,"{'neg': 0.044, 'neu': 0.823, 'pos': 0.134, 'compound': 0.5423}",0.5423,positive
1oj86ls,applemaps,comment,1761753078.0,2025-10-29 10:51:18,https://www.reddit.com/r/applemaps/comments/1oj86ls/apple_map_dce/,,,"yes, it’s an incredible experience. it's a shame that apple is taking so long to release in other cities...",other,other,"yes, it’s an incredible experience. it's a shame that apple is taking so long to release in other cities...","{'neg': 0.142, 'neu': 0.734, 'pos': 0.124, 'compound': -0.1027}",-0.1027,neutral
1oj86ls,applemaps,comment,1761753078.0,2025-10-29 10:51:18,https://www.reddit.com/r/applemaps/comments/1oj86ls/apple_map_dce/,,,the palms are even showing up?🥲😭,other,other,the palms are even showing up?🥲😭,"{'neg': 0.0, 'neu': 1.0, 'pos': 0.0, 'compound': 0.0}",0.0,neutral
1oj86ls,applemaps,comment,1761753078.0,2025-10-29 10:51:18,https://www.reddit.com/r/applemaps/comments/1oj86ls/apple_map_dce/,,,tbf they cant map every single location in the world in 100% detail. i cant even see dce on my mac os x 10.9 i have to use my iphone for it.,other,navigation_routing_traffic,tbf they cant map every single location in the world in 100% detail. i cant even see dce on my mac os x 10.9 i have to use my iphone for it.,"{'neg': 0.0, 'neu': 1.0, 'pos': 0.0, 'compound': 0.0}",0.0,neutral
1oj86ls,applemaps,comment,1761753078.0,2025-10-29 10:51:18,https://www.reddit.com/r/applemaps/comments/1oj86ls/apple_map_dce/,,,yet another reason i'm glad to live in san diego,other,other,yet another reason i'm glad to live in san diego,"{'neg': 0.0, 'neu': 0.75, 'pos': 0.25, 'compound': 0.4588}",0.4588,positive
1oj86ls,applemaps,comment,1761753078.0,2025-10-29 10:51:18,https://www.reddit.com/r/applemaps/comments/1oj86ls/apple_map_dce/,,,atleast you have it. in cyprus there is still no “navigation” available.,other,navigation_routing_traffic,atleast you have it. in cyprus there is still no “navigation” available.,"{'neg': 0.167, 'neu': 0.833, 'pos': 0.0, 'compound': -0.296}",-0.296,negative
1oj86ls,applemaps,comment,1761753078.0,2025-10-29 10:51:18,https://www.reddit.com/r/applemaps/comments/1oj86ls/apple_map_dce/,,,i wont ever see this feature as an european 🥲,other,other,i wont ever see this feature as an european 🥲,"{'neg': 0.0, 'neu': 1.0, 'pos': 0.0, 'compound': 0.0}",0.0,neutral
1oj86ls,applemaps,comment,1761753078.0,2025-10-29 10:51:18,https://www.reddit.com/r/applemaps/comments/1oj86ls/apple_map_dce/,,,"meanwhile, in my area there are no minor roads and some major ones are in wrong places or also missing... they know osm exists?",policy_discussion,policy_strategy,"meanwhile, in my area there are no minor roads and some major ones are in wrong places or also missing... they know osm exists?","{'neg': 0.194, 'neu': 0.806, 'pos': 0.0, 'compound': -0.6486}",-0.6486,negative
1oj86ls,applemaps,comment,1761753078.0,2025-10-29 10:51:18,https://www.reddit.com/r/applemaps/comments/1oj86ls/apple_map_dce/,,,"amap from china has been like this for many years, so it’s nothing new. however, amap is only available in china. i hope google and apple will catch up soon",experience_praise,other,"amap from china has been like this for many years, so it’s nothing new. however, amap is only available in china. i hope google and apple will catch up soon","{'neg': 0.0, 'neu': 0.833, 'pos': 0.167, 'compound': 0.6597}",0.6597,positive
1oj86ls,applemaps,comment,1761753078.0,2025-10-29 10:51:18,https://www.reddit.com/r/applemaps/comments/1oj86ls/apple_map_dce/,,,maps dce sucks if you commute by bike,other,transit_walk_bike,maps dce sucks if you commute by bike,"{'neg': 0.263, 'neu': 0.737, 'pos': 0.0, 'compound': -0.3612}",-0.3612,negative
1oj781i,applemaps,post,1761750897.0,2025-10-29 10:14:57,https://www.reddit.com/r/applemaps/comments/1oj781i/cycling_directions_available_in_hungary_slovenia/,41.0,3.0,"cycling directions available in hungary, slovenia, and croatia apple maps cycling directions just launched in hungary, slovenia, and croatia. i believe this now leaves israel as the only country with apple’s first-party mapping data available without the cycling directions feature. they are very close to having full feature coverage!",experience_praise,navigation_routing_traffic,"cycling directions available in hungary, slovenia, and croatia apple maps cycling directions just launched in hungary, slovenia, and croatia. i believe this now leaves israel as the only country with apple’s first-party mapping data available without the cycling directions feature. they are very close to having full feature coverage!","{'neg': 0.0, 'neu': 0.963, 'pos': 0.037, 'compound': 0.2003}",0.2003,positive
1oj781i,applemaps,comment,1761750897.0,2025-10-29 10:14:57,https://www.reddit.com/r/applemaps/comments/1oj781i/cycling_directions_available_in_hungary_slovenia/,,,edit: cycling directions are available in gibraltar now as well!,other,navigation_routing_traffic,edit: cycling directions are available in gibraltar now as well!,"{'neg': 0.0, 'neu': 0.79, 'pos': 0.21, 'compound': 0.3382}",0.3382,positive
1oj781i,applemaps,comment,1761750897.0,2025-10-29 10:14:57,https://www.reddit.com/r/applemaps/comments/1oj781i/cycling_directions_available_in_hungary_slovenia/,,,wow! have been waiting for this for a while.,other,other,wow! have been waiting for this for a while.,"{'neg': 0.0, 'neu': 0.631, 'pos': 0.369, 'compound': 0.6239}",0.6239,positive
1oj781i,applemaps,comment,1761750897.0,2025-10-29 10:14:57,https://www.reddit.com/r/applemaps/comments/1oj781i/cycling_directions_available_in_hungary_slovenia/,,,any idea what data source they have? is it provided by the local transport authority (or public transport provider)? i just looked at my usual daily route in hungary and it shows the preferred option without bicycle path where is definitely a better option with dedicated bicycle road.,other,navigation_routing_traffic,any idea what data source they have? is it provided by the local transport authority (or public transport provider)? i just looked at my usual daily route in hungary and it shows the preferred option without bicycle path where is definitely a better option with dedicated bicycle road.,"{'neg': 0.0, 'neu': 0.804, 'pos': 0.196, 'compound': 0.8504}",0.8504,positive
1ohg33k,applemaps,post,1761575768.0,2025-10-27 09:36:08,https://www.reddit.com/r/applemaps/comments/1ohg33k/how_to_send_directions_from_macos_to_iphone/,2.0,4.0,"how to send directions from macos to iphone? when i use apple maps on my mac, i can only explore the map and get route previews but i can't actually start it which makes sense. but i would at least want to start that given route on my iphone, is this even possible? i think google has an option that you can send the directions from the pc to android but i don't see that in apple maps.",other,navigation_routing_traffic,"how to send directions from macos to iphone? when i use apple maps on my mac, i can only explore the map and get route previews but i can't actually start it which makes sense. but i would at least want to start that given route on my iphone, is this even possible? i think google has an option that you can send the directions from the pc to android but i don't see that in apple maps.","{'neg': 0.0, 'neu': 0.975, 'pos': 0.025, 'compound': 0.2047}",0.2047,positive
1ohg33k,applemaps,comment,1761575768.0,2025-10-27 09:36:08,https://www.reddit.com/r/applemaps/comments/1ohg33k/how_to_send_directions_from_macos_to_iphone/,,,"if you right-click the icon for the place on the map, you should get a menu that includes ""send to device"" which will then have a list of your devices. you would have to be signed into the same icloud account on mac and iphone for this to work. alternately, you could ""save"" the place on your mac and then find it saved on your phone.",other,ui_ux_carplay,"if you right-click the icon for the place on the map, you should get a menu that includes ""send to device"" which will then have a list of your devices. you would have to be signed into the same icloud account on mac and iphone for this to work. alternately, you could ""save"" the place on your mac and then find it saved on your phone.","{'neg': 0.0, 'neu': 0.957, 'pos': 0.043, 'compound': 0.4215}",0.4215,positive
1ohg33k,applemaps,comment,1761575768.0,2025-10-27 09:36:08,https://www.reddit.com/r/applemaps/comments/1ohg33k/how_to_send_directions_from_macos_to_iphone/,,,"there's an easy way - continuity. assuming you have the feature turned on in settings, you can get the directions on your mac, and then swipe up and hold on your iphone to get into the recent apps view. there at the bottom there should be a rectangular button ""maps - from \_\_\_'s macbook \_\_\_"". tap on that and voila!",other,ui_ux_carplay,"there's an easy way - continuity. assuming you have the feature turned on in settings, you can get the directions on your mac, and then swipe up and hold on your iphone to get into the recent apps view. there at the bottom there should be a rectangular button ""maps - from \_\_\_'s macbook \_\_\_"". tap on that and voila!","{'neg': 0.0, 'neu': 0.946, 'pos': 0.054, 'compound': 0.4926}",0.4926,positive
1ohg33k,applemaps,comment,1761575768.0,2025-10-27 09:36:08,https://www.reddit.com/r/applemaps/comments/1ohg33k/how_to_send_directions_from_macos_to_iphone/,,,"click on this share button in the top left of the window or you can click on a poi, expand it by clicking the i button, then using the share button from there. there will be options at the top of the list for each device. i had signed out of icloud today to solve some find my issues, but they are not appearing even after logging back in. as of right now, it only works for ios 7-10/11. i got a friend to test on their devices and it worked on ios 9 but not ios 12. youll just have to look up the route manually for anything later. you can also use the share button without setting up a route. doing so will simply send the current map view to the idevice, with no route.",experience_complaint,navigation_routing_traffic,"click on this share button in the top left of the window or you can click on a poi, expand it by clicking the i button, then using the share button from there. there will be options at the top of the list for each device. i had signed out of icloud today to solve some find my issues, but they are not appearing even after logging back in. as of right now, it only works for ios 7-10/11. i got a friend to test on their devices and it worked on ios 9 but not ios 12. youll just have to look up the route manually for anything later. you can also use the share button without setting up a route. doing so will simply send the current map view to the idevice, with no route.","{'neg': 0.02, 'neu': 0.86, 'pos': 0.12, 'compound': 0.8779}",0.8779,positive
1ogkl3k,applemaps,post,1761485199.0,2025-10-26 08:26:39,https://www.reddit.com/r/applemaps/comments/1ogkl3k/apple_reportedly_moving_ahead_with_ads_in_maps_app/,211.0,62.0,apple reportedly moving ahead with ads in maps app good idea?,policy_discussion,policy_strategy,apple reportedly moving ahead with ads in maps app good idea?,"{'neg': 0.0, 'neu': 0.775, 'pos': 0.225, 'compound': 0.4404}",0.4404,positive
1ogkl3k,applemaps,comment,1761485199.0,2025-10-26 08:26:39,https://www.reddit.com/r/applemaps/comments/1ogkl3k/apple_reportedly_moving_ahead_with_ads_in_maps_app/,,,the enshittification of everything continues smh,other,other,the enshittification of everything continues smh,"{'neg': 0.315, 'neu': 0.685, 'pos': 0.0, 'compound': -0.3182}",-0.3182,negative
1ogkl3k,applemaps,comment,1761485199.0,2025-10-26 08:26:39,https://www.reddit.com/r/applemaps/comments/1ogkl3k/apple_reportedly_moving_ahead_with_ads_in_maps_app/,,,aren’t they profitable enough. my god,other,other,aren’t they profitable enough. my god,"{'neg': 0.0, 'neu': 0.444, 'pos': 0.556, 'compound': 0.6124}",0.6124,positive
1ogkl3k,applemaps,comment,1761485199.0,2025-10-26 08:26:39,https://www.reddit.com/r/applemaps/comments/1ogkl3k/apple_reportedly_moving_ahead_with_ads_in_maps_app/,,,"apple doesn’t have better data, they compete with other maps apps on experience. experience is all they have. their current ad strategy (pay up front for the device, experience no ads in usage of apple apps) is a differentiator, but if they go through with this they will be like every single other maps app. also, apple is not good at the invasive practices that make ads lucrative. i cannot imagine it will be a good experience for their users (us) or their customers (businesses). i wonder if they don’t show ads if you have icloud plus or something. this is crazy.",policy_discussion,policy_strategy,"apple doesn’t have better data, they compete with other maps apps on experience. experience is all they have. their current ad strategy (pay up front for the device, experience no ads in usage of apple apps) is a differentiator, but if they go through with this they will be like every single other maps app. also, apple is not good at the invasive practices that make ads lucrative. i cannot imagine it will be a good experience for their users (us) or their customers (businesses). i wonder if they don’t show ads if you have icloud plus or something. this is crazy.","{'neg': 0.101, 'neu': 0.851, 'pos': 0.048, 'compound': -0.6925}",-0.6925,negative
1ogkl3k,applemaps,comment,1761485199.0,2025-10-26 08:26:39,https://www.reddit.com/r/applemaps/comments/1ogkl3k/apple_reportedly_moving_ahead_with_ads_in_maps_app/,,,"depends how it’s implemented, but somewhere between ‘i don’t notice’ and ‘i’m going back to google maps’",comparison_discussion,other,"depends how it’s implemented, but somewhere between ‘i don’t notice’ and ‘i’m going back to google maps’","{'neg': 0.0, 'neu': 1.0, 'pos': 0.0, 'compound': 0.0}",0.0,neutral
1ogkl3k,applemaps,comment,1761485199.0,2025-10-26 08:26:39,https://www.reddit.com/r/applemaps/comments/1ogkl3k/apple_reportedly_moving_ahead_with_ads_in_maps_app/,,,"is it a good idea, no. given that it is only for business to come to the top when searching i can probably live with it. that kind of advertising hasn’t prevented me from doing what i need to do on the app store.",policy_discussion,policy_strategy,"is it a good idea, no. given that it is only for business to come to the top when searching i can probably live with it. that kind of advertising hasn’t prevented me from doing what i need to do on the app store.","{'neg': 0.049, 'neu': 0.822, 'pos': 0.129, 'compound': 0.3818}",0.3818,positive
1ogkl3k,applemaps,comment,1761485199.0,2025-10-26 08:26:39,https://www.reddit.com/r/applemaps/comments/1ogkl3k/apple_reportedly_moving_ahead_with_ads_in_maps_app/,,,"i want to like apple maps; i’ve tried it out multiple times over the years. in the us, i feel like it’s kind of caught up but in thailand it’s terrible. if am introduces ads and it’s just the same experience i just won’t use it nor try it out again. it’s inconsistent and feature lacking. i wish we could get something like a maps in china, in shang hai it literally tells you the exact lane to be in and how many seconds until a green light. these us companies trying to get paid for less (innovation) is a disappointment.",policy_discussion,policy_strategy,"i want to like apple maps; i’ve tried it out multiple times over the years. in the us, i feel like it’s kind of caught up but in thailand it’s terrible. if am introduces ads and it’s just the same experience i just won’t use it nor try it out again. it’s inconsistent and feature lacking. i wish we could get something like a maps in china, in shang hai it literally tells you the exact lane to be in and how many seconds until a green light. these us companies trying to get paid for less (innovation) is a disappointment.","{'neg': 0.077, 'neu': 0.816, 'pos': 0.107, 'compound': 0.0633}",0.0633,neutral
1ogkl3k,applemaps,comment,1761485199.0,2025-10-26 08:26:39,https://www.reddit.com/r/applemaps/comments/1ogkl3k/apple_reportedly_moving_ahead_with_ads_in_maps_app/,,,good idea if the goal is to make all users stop using it,other,other,good idea if the goal is to make all users stop using it,"{'neg': 0.137, 'neu': 0.683, 'pos': 0.18, 'compound': 0.1779}",0.1779,neutral
1ogkl3k,applemaps,comment,1761485199.0,2025-10-26 08:26:39,https://www.reddit.com/r/applemaps/comments/1ogkl3k/apple_reportedly_moving_ahead_with_ads_in_maps_app/,,,heck no,other,other,heck no,"{'neg': 0.688, 'neu': 0.312, 'pos': 0.0, 'compound': -0.296}",-0.296,negative
1ogkl3k,applemaps,comment,1761485199.0,2025-10-26 08:26:39,https://www.reddit.com/r/applemaps/comments/1ogkl3k/apple_reportedly_moving_ahead_with_ads_in_maps_app/,,,"welp, i had switched over from google maps a few years ago, but i’m happy to switch back or find an alternative.",comparison_discussion,other,"welp, i had switched over from google maps a few years ago, but i’m happy to switch back or find an alternative.","{'neg': 0.0, 'neu': 0.79, 'pos': 0.21, 'compound': 0.7227}",0.7227,positive
1ogkl3k,applemaps,comment,1761485199.0,2025-10-26 08:26:39,https://www.reddit.com/r/applemaps/comments/1ogkl3k/apple_reportedly_moving_ahead_with_ads_in_maps_app/,,,ads will probably not be noticeable.,policy_discussion,policy_strategy,ads will probably not be noticeable.,"{'neg': 0.0, 'neu': 1.0, 'pos': 0.0, 'compound': 0.0}",0.0,neutral
1ogkl3k,applemaps,comment,1761485199.0,2025-10-26 08:26:39,https://www.reddit.com/r/applemaps/comments/1ogkl3k/apple_reportedly_moving_ahead_with_ads_in_maps_app/,,,if it’s just the same as google already does then this is a non-issue.,experience_complaint,other,if it’s just the same as google already does then this is a non-issue.,"{'neg': 0.0, 'neu': 1.0, 'pos': 0.0, 'compound': 0.0}",0.0,neutral
1ogkl3k,applemaps,comment,1761485199.0,2025-10-26 08:26:39,https://www.reddit.com/r/applemaps/comments/1ogkl3k/apple_reportedly_moving_ahead_with_ads_in_maps_app/,,,"sounds like a great idea, alienate everybody so they stop using it instead of implementing features you announced 6 years ago that still haven’t reached even the uk. things that apple could do instead: full review system sharable lists look around map editing that doesn’t require review drawable/moveable routes but no, let’s push ads…",policy_discussion,policy_strategy,"sounds like a great idea, alienate everybody so they stop using it instead of implementing features you announced 6 years ago that still haven’t reached even the uk. things that apple could do instead: full review system sharable lists look around map editing that doesn’t require review drawable/moveable routes but no, let’s push ads...","{'neg': 0.08, 'neu': 0.824, 'pos': 0.096, 'compound': -0.0101}",-0.0101,neutral
1ogkl3k,applemaps,comment,1761485199.0,2025-10-26 08:26:39,https://www.reddit.com/r/applemaps/comments/1ogkl3k/apple_reportedly_moving_ahead_with_ads_in_maps_app/,,,"i will say something else. if they make maps with ads, then it will be an another measurement of their priorities. big countries (or cities) will be not affected so much, but other countries may stop being on their priorities because they don’t make money from businesses there. with this apple may not update their maps data or look around data or even not adding new countries because it will be not profitable from ads. apple maps should not implement advertisements on their app and specifically not on search suggestions.",policy_discussion,policy_strategy,"i will say something else. if they make maps with ads, then it will be an another measurement of their priorities. big countries (or cities) will be not affected so much, but other countries may stop being on their priorities because they don’t make money from businesses there. with this apple may not update their maps data or look around data or even not adding new countries because it will be not profitable from ads. apple maps should not implement advertisements on their app and specifically not on search suggestions.","{'neg': 0.063, 'neu': 0.923, 'pos': 0.013, 'compound': -0.6895}",-0.6895,negative
1ogkl3k,applemaps,comment,1761485199.0,2025-10-26 08:26:39,https://www.reddit.com/r/applemaps/comments/1ogkl3k/apple_reportedly_moving_ahead_with_ads_in_maps_app/,,,noooooooooooo,other,other,noooooooooooo,"{'neg': 0.0, 'neu': 1.0, 'pos': 0.0, 'compound': 0.0}",0.0,neutral
1ogkl3k,applemaps,comment,1761485199.0,2025-10-26 08:26:39,https://www.reddit.com/r/applemaps/comments/1ogkl3k/apple_reportedly_moving_ahead_with_ads_in_maps_app/,,,"enshittifcation is a plague regardless, but the one area that makes my blood boil more than anything is built in apps. it’s fucking insane that i could just…play solitaire on windows xp, while the microsoft solitaire on windows 10 is an adridden piece of garbage that barely works without a connection to the internet. i get it to some extent for streaming services, where the initial price was obviously too cheap to have ever made the service profitable. but for built in apps on an expensive device it’s beyond the pale.",other,ui_ux_carplay,"enshittifcation is a plague regardless, but the one area that makes my blood boil more than anything is built in apps. it’s fucking insane that i could just...play solitaire on windows xp, while the microsoft solitaire on windows 10 is an adridden piece of garbage that barely works without a connection to the internet. i get it to some extent for streaming services, where the initial price was obviously too cheap to have ever made the service profitable. but for built in apps on an expensive device it’s beyond the pale.","{'neg': 0.042, 'neu': 0.882, 'pos': 0.076, 'compound': 0.5041}",0.5041,positive
1ogkl3k,applemaps,comment,1761485199.0,2025-10-26 08:26:39,https://www.reddit.com/r/applemaps/comments/1ogkl3k/apple_reportedly_moving_ahead_with_ads_in_maps_app/,,,so disappointing.,other,search_poi_data,so disappointing.,"{'neg': 0.777, 'neu': 0.223, 'pos': 0.0, 'compound': -0.5413}",-0.5413,negative
1ogkl3k,applemaps,comment,1761485199.0,2025-10-26 08:26:39,https://www.reddit.com/r/applemaps/comments/1ogkl3k/apple_reportedly_moving_ahead_with_ads_in_maps_app/,,,i use soara!,other,other,i use soara!,"{'neg': 0.0, 'neu': 1.0, 'pos': 0.0, 'compound': 0.0}",0.0,neutral
1ogkl3k,applemaps,comment,1761485199.0,2025-10-26 08:26:39,https://www.reddit.com/r/applemaps/comments/1ogkl3k/apple_reportedly_moving_ahead_with_ads_in_maps_app/,,,im living the dream on os x 10.9 😎,other,other,im living the dream on os x 10.9 😎,"{'neg': 0.0, 'neu': 0.75, 'pos': 0.25, 'compound': 0.25}",0.25,positive
1ogkl3k,applemaps,comment,1761485199.0,2025-10-26 08:26:39,https://www.reddit.com/r/applemaps/comments/1ogkl3k/apple_reportedly_moving_ahead_with_ads_in_maps_app/,,,i wonder if there’s a way to stay on ios 18 indefinitely. like would it be possible to back port security updates to it?,experience_praise,other,i wonder if there’s a way to stay on ios 18 indefinitely. like would it be possible to back port security updates to it?,"{'neg': 0.0, 'neu': 0.803, 'pos': 0.197, 'compound': 0.5994}",0.5994,positive
1ogkl3k,applemaps,comment,1761485199.0,2025-10-26 08:26:39,https://www.reddit.com/r/applemaps/comments/1ogkl3k/apple_reportedly_moving_ahead_with_ads_in_maps_app/,,,i am moving ahead with a different app then.,other,other,i am moving ahead with a different app then.,"{'neg': 0.0, 'neu': 1.0, 'pos': 0.0, 'compound': 0.0}",0.0,neutral
1ogkl3k,applemaps,comment,1761485199.0,2025-10-26 08:26:39,https://www.reddit.com/r/applemaps/comments/1ogkl3k/apple_reportedly_moving_ahead_with_ads_in_maps_app/,,,i’ve never really minded these kinds of ads. i’ve found a lot of useful sites from google’s sponsored listings and this seems similar,policy_discussion,policy_strategy,i’ve never really minded these kinds of ads. i’ve found a lot of useful sites from google’s sponsored listings and this seems similar,"{'neg': 0.0, 'neu': 0.879, 'pos': 0.121, 'compound': 0.4404}",0.4404,positive
1ogkl3k,applemaps,comment,1761485199.0,2025-10-26 08:26:39,https://www.reddit.com/r/applemaps/comments/1ogkl3k/apple_reportedly_moving_ahead_with_ads_in_maps_app/,,,guys. waze.,comparison_discussion,other,guys. waze.,"{'neg': 0.0, 'neu': 1.0, 'pos': 0.0, 'compound': 0.0}",0.0,neutral
1ogkl3k,applemaps,comment,1761485199.0,2025-10-26 08:26:39,https://www.reddit.com/r/applemaps/comments/1ogkl3k/apple_reportedly_moving_ahead_with_ads_in_maps_app/,,,i live in a country where apple map is useless anyway and does not work so i deleted that piece of trash already.,experience_complaint,other,i live in a country where apple map is useless anyway and does not work so i deleted that piece of trash already.,"{'neg': 0.128, 'neu': 0.872, 'pos': 0.0, 'compound': -0.4215}",-0.4215,negative
1ogkl3k,applemaps,comment,1761485199.0,2025-10-26 08:26:39,https://www.reddit.com/r/applemaps/comments/1ogkl3k/apple_reportedly_moving_ahead_with_ads_in_maps_app/,,,apple fell the fuck off,other,other,apple fell the fuck off,"{'neg': 0.467, 'neu': 0.533, 'pos': 0.0, 'compound': -0.5423}",-0.5423,negative
1ogkl3k,applemaps,comment,1761485199.0,2025-10-26 08:26:39,https://www.reddit.com/r/applemaps/comments/1ogkl3k/apple_reportedly_moving_ahead_with_ads_in_maps_app/,,,"can we have a ‘avoid u-turn’ option, please? i swear they’re u-turn obsessed.",other,navigation_routing_traffic,"can we have a ‘avoid u-turn’ option, please? i swear they’re u-turn obsessed.","{'neg': 0.22, 'neu': 0.606, 'pos': 0.174, 'compound': 0.1027}",0.1027,neutral
1ogkl3k,applemaps,comment,1761485199.0,2025-10-26 08:26:39,https://www.reddit.com/r/applemaps/comments/1ogkl3k/apple_reportedly_moving_ahead_with_ads_in_maps_app/,,,"another reason for me to continue to use google maps, besides the fact that google maps is just better overall",comparison_discussion,other,"another reason for me to continue to use google maps, besides the fact that google maps is just better overall","{'neg': 0.0, 'neu': 0.868, 'pos': 0.132, 'compound': 0.4404}",0.4404,positive
1ogkl3k,applemaps,comment,1761485199.0,2025-10-26 08:26:39,https://www.reddit.com/r/applemaps/comments/1ogkl3k/apple_reportedly_moving_ahead_with_ads_in_maps_app/,,,i’d genuinely switch to android if they did that,other,ui_ux_carplay,i’d genuinely switch to android if they did that,"{'neg': 0.0, 'neu': 1.0, 'pos': 0.0, 'compound': 0.0}",0.0,neutral
1ofgxx3,applemaps,post,1761361432.0,2025-10-24 22:03:52,https://www.reddit.com/r/applemaps/comments/1ofgxx3/english_voice_uk/,0.0,4.0,"english voice (uk) why have apple chosen a ""uk accent"", probably only used by a few hundred thousand people in south london, for their apple maps voice directions? surely something more prevalent and less ghetto would suite the brand better?",other,ui_ux_carplay,"english voice (uk) why have apple chosen a ""uk accent"", probably only used by a few hundred thousand people in south london, for their apple maps voice directions? surely something more prevalent and less ghetto would suite the brand better?","{'neg': 0.0, 'neu': 0.854, 'pos': 0.146, 'compound': 0.7319}",0.7319,positive
1ofgxx3,applemaps,comment,1761361432.0,2025-10-24 22:03:52,https://www.reddit.com/r/applemaps/comments/1ofgxx3/english_voice_uk/,,,i like having this uk voice. it sounds bloody proper!,experience_praise,other,i like having this uk voice. it sounds bloody proper!,"{'neg': 0.251, 'neu': 0.552, 'pos': 0.197, 'compound': -0.1759}",-0.1759,neutral
1ofgxx3,applemaps,comment,1761361432.0,2025-10-24 22:03:52,https://www.reddit.com/r/applemaps/comments/1ofgxx3/english_voice_uk/,,,what are you talking about? there are four uk voices. 1 and 2 are received pronunciation. voice 3 is northern/midlands (maybe around sunderland?). only voice 4 sounds anything like multicultural london english (mle),experience_praise,other,what are you talking about? there are four uk voices. 1 and 2 are received pronunciation. voice 3 is northern/midlands (maybe around sunderland?). only voice 4 sounds anything like multicultural london english (mle),"{'neg': 0.0, 'neu': 0.907, 'pos': 0.093, 'compound': 0.4329}",0.4329,positive
1ofgxx3,applemaps,comment,1761361432.0,2025-10-24 22:03:52,https://www.reddit.com/r/applemaps/comments/1ofgxx3/english_voice_uk/,,,apple maps voice is dependent on your siri voice on device,other,other,apple maps voice is dependent on your siri voice on device,"{'neg': 0.0, 'neu': 1.0, 'pos': 0.0, 'compound': 0.0}",0.0,neutral
1ofa4am,applemaps,post,1761341630.0,2025-10-24 16:33:50,https://www.reddit.com/r/applemaps/comments/1ofa4am/when_does_apple_maps_automatically_end_a_route/,9.0,5.0,"when does apple maps automatically end a route? i’ve adjusted home to take a parking space about a three minute walk away into consideration and when driving to my “adjusted” home, navi with stop while i still have about a one minute drive to go before my parking space. if i speak to siri to navigate “home”, maps ignores my preference for home and routes me to my front door constantly telling me to make a u turn while in my parking lot. also, all suggestions to get home are always a pin to my front door and not the home icon. lastly, when navigating to work, the route never ends, even when i’m in the building. i must actually tap end route to stop the navigation. what’s happening here?",other,ui_ux_carplay,"when does apple maps automatically end a route? i’ve adjusted home to take a parking space about a three minute walk away into consideration and when driving to my “adjusted” home, navi with stop while i still have about a one minute drive to go before my parking space. if i speak to siri to navigate “home”, maps ignores my preference for home and routes me to my front door constantly telling me to make a u turn while in my parking lot. also, all suggestions to get home are always a pin to my front door and not the home icon. lastly, when navigating to work, the route never ends, even when i’m in the building. i must actually tap end route to stop the navigation. what’s happening here?","{'neg': 0.055, 'neu': 0.945, 'pos': 0.0, 'compound': -0.7059}",-0.7059,negative
1ofa4am,applemaps,comment,1761341630.0,2025-10-24 16:33:50,https://www.reddit.com/r/applemaps/comments/1ofa4am/when_does_apple_maps_automatically_end_a_route/,,,"explain what you mean by “i’ve adjusted home” siri uses the address marked as home in your contact card, not the favorite place marked home in maps",other,search_poi_data,"explain what you mean by “i’ve adjusted home” siri uses the address marked as home in your contact card, not the favorite place marked home in maps","{'neg': 0.087, 'neu': 0.913, 'pos': 0.0, 'compound': -0.357}",-0.357,negative
1oewjtb,applemaps,post,1761309346.0,2025-10-24 07:35:46,https://www.reddit.com/r/applemaps/comments/1oewjtb/do_you_believe_apple_should_implement_their_own/,60.0,14.0,"do you believe apple should implement their own review system? just curious if people’s opinions changed. for me, i love the look and functionality of apple maps, but when it comes to looking up new places and reviews to places, i still go to google maps. i’ve found with yelp, there is no whereas much reviews (usually the reviews found are quite old) and i’m not a big fan of needing to download the yelp app to get more info. it would be nice imo if apple maps had their own review system.",comparison_discussion,ui_ux_carplay,"do you believe apple should implement their own review system? just curious if people’s opinions changed. for me, i love the look and functionality of apple maps, but when it comes to looking up new places and reviews to places, i still go to google maps. i’ve found with yelp, there is no whereas much reviews (usually the reviews found are quite old) and i’m not a big fan of needing to download the yelp app to get more info. it would be nice imo if apple maps had their own review system.","{'neg': 0.053, 'neu': 0.866, 'pos': 0.081, 'compound': 0.4033}",0.4033,positive
1oewjtb,applemaps,comment,1761309346.0,2025-10-24 07:35:46,https://www.reddit.com/r/applemaps/comments/1oewjtb/do_you_believe_apple_should_implement_their_own/,,,same. apple maps has a lot of positives from look and feel to verbal instructions. but for looking stuff up and reliability i always go to google. i have hundreds of locations pinned.,other,search_poi_data,same. apple maps has a lot of positives from look and feel to verbal instructions. but for looking stuff up and reliability i always go to google. i have hundreds of locations pinned.,"{'neg': 0.0, 'neu': 0.929, 'pos': 0.071, 'compound': 0.296}",0.296,positive
1oewjtb,applemaps,comment,1761309346.0,2025-10-24 07:35:46,https://www.reddit.com/r/applemaps/comments/1oewjtb/do_you_believe_apple_should_implement_their_own/,,,"apple added it's own rating system to maps in ios 14. their ratings are thumbs up/down only with no written reviews. you may only be able to give a single overall rating, or you may be able to rate a few different categories depending on the business. a native apple maps rating will only replace yelp, tripadvisor, or whichever service was previously there after enough ratings and pictures have been collected. apple determines what is ""enough"" on a case by case basis. i never click through to read the yelp reviews. i only look at the number, and i don't have great confidence in those anyway. tripadvisor reviews don't show up in maps very often, but i don't click through to those either. that's a site i use for research on my desktop before i travel to a new location. i use google to make decisions once i'm actually there. there is nothing apple could ever do to make me stop using google reviews. any ratings they have are only a second opinion to reinforce what i have already seen on google. if the ratings don't agree, google always wins. i don't need everything to be in a single app. i prefer to use the best tool for the job which is apple for navigation and google for browsing to find places and reading reviews.",experience_praise,navigation_routing_traffic,"apple added it's own rating system to maps in ios 14. their ratings are thumbs up/down only with no written reviews. you may only be able to give a single overall rating, or you may be able to rate a few different categories depending on the business. a native apple maps rating will only replace yelp, tripadvisor, or whichever service was previously there after enough ratings and pictures have been collected. apple determines what is ""enough"" on a case by case basis. i never click through to read the yelp reviews. i only look at the number, and i don't have great confidence in those anyway. tripadvisor reviews don't show up in maps very often, but i don't click through to those either. that's a site i use for research on my desktop before i travel to a new location. i use google to make decisions once i'm actually there. there is nothing apple could ever do to make me stop using google reviews. any ratings they have are only a second opinion to reinforce what i have already seen on google. if the ratings don't agree, google always wins. i don't need everything to be in a single app. i prefer to use the best tool for the job which is apple for navigation and google for browsing to find places and reading reviews.","{'neg': 0.05, 'neu': 0.896, 'pos': 0.054, 'compound': 0.6042}",0.6042,positive
1oewjtb,applemaps,comment,1761309346.0,2025-10-24 07:35:46,https://www.reddit.com/r/applemaps/comments/1oewjtb/do_you_believe_apple_should_implement_their_own/,,,apple has a thumbs up / down based review system in many countries already. do you mean text based?,other,other,apple has a thumbs up / down based review system in many countries already. do you mean text based?,"{'neg': 0.0, 'neu': 1.0, 'pos': 0.0, 'compound': 0.0}",0.0,neutral
1oewjtb,applemaps,comment,1761309346.0,2025-10-24 07:35:46,https://www.reddit.com/r/applemaps/comments/1oewjtb/do_you_believe_apple_should_implement_their_own/,,,"it would be nice to remove any reliance on yelp or anything else and run it all in house, but i doubt they want that much involvement or they would have done it already.",other,reviews_photos_local,"it would be nice to remove any reliance on yelp or anything else and run it all in house, but i doubt they want that much involvement or they would have done it already.","{'neg': 0.089, 'neu': 0.82, 'pos': 0.092, 'compound': -0.2263}",-0.2263,negative
1oewjtb,applemaps,comment,1761309346.0,2025-10-24 07:35:46,https://www.reddit.com/r/applemaps/comments/1oewjtb/do_you_believe_apple_should_implement_their_own/,,,apple has no desire to moderate any kind of social interactions so i doubt this will ever become a thing. if they could get away with it on the app store i don’t think they’d have written reviews there either.,other,reviews_photos_local,apple has no desire to moderate any kind of social interactions so i doubt this will ever become a thing. if they could get away with it on the app store i don’t think they’d have written reviews there either.,"{'neg': 0.129, 'neu': 0.807, 'pos': 0.064, 'compound': -0.4101}",-0.4101,negative
1oewjtb,applemaps,comment,1761309346.0,2025-10-24 07:35:46,https://www.reddit.com/r/applemaps/comments/1oewjtb/do_you_believe_apple_should_implement_their_own/,,,"man… reviews are really helpful. the implementation that google maps has is amazing. you can check what most real people recently have experienced in some places to give you a sense of what to expect. apple maps could take off if they let their products work for their customers where they could interact, albeit in a limited way.",comparison_discussion,search_poi_data,"man... reviews are really helpful. the implementation that google maps has is amazing. you can check what most real people recently have experienced in some places to give you a sense of what to expect. apple maps could take off if they let their products work for their customers where they could interact, albeit in a limited way.","{'neg': 0.031, 'neu': 0.858, 'pos': 0.112, 'compound': 0.7178}",0.7178,positive
1oewjtb,applemaps,comment,1761309346.0,2025-10-24 07:35:46,https://www.reddit.com/r/applemaps/comments/1oewjtb/do_you_believe_apple_should_implement_their_own/,,,no,other,other,no,"{'neg': 1.0, 'neu': 0.0, 'pos': 0.0, 'compound': -0.296}",-0.296,negative
1oewjtb,applemaps,comment,1761309346.0,2025-10-24 07:35:46,https://www.reddit.com/r/applemaps/comments/1oewjtb/do_you_believe_apple_should_implement_their_own/,,,i much prefer the thumbs up thumbs down and photos they have now. also most reviews on the internet are fake and written by ai.,other,reviews_photos_local,i much prefer the thumbs up thumbs down and photos they have now. also most reviews on the internet are fake and written by ai.,"{'neg': 0.119, 'neu': 0.881, 'pos': 0.0, 'compound': -0.4767}",-0.4767,negative
1oewjtb,applemaps,comment,1761309346.0,2025-10-24 07:35:46,https://www.reddit.com/r/applemaps/comments/1oewjtb/do_you_believe_apple_should_implement_their_own/,,,yes,other,other,yes,"{'neg': 0.0, 'neu': 0.0, 'pos': 1.0, 'compound': 0.4019}",0.4019,positive
1oewjtb,applemaps,comment,1761309346.0,2025-10-24 07:35:46,https://www.reddit.com/r/applemaps/comments/1oewjtb/do_you_believe_apple_should_implement_their_own/,,,"no, i like the cleaner interface.",experience_praise,ui_ux_carplay,"no, i like the cleaner interface.","{'neg': 0.262, 'neu': 0.238, 'pos': 0.5, 'compound': 0.25}",0.25,positive
1obn4gb,applemaps,post,1760978072.0,2025-10-20 11:34:32,https://www.reddit.com/r/applemaps/comments/1obn4gb/i_use_windows_can_i_still_update_business_info_on/,3.0,2.0,"i use windows, can i still update business info on apple maps? i use windows, can i still update business info on apple maps? line",other,transit_walk_bike,"i use windows, can i still update business info on apple maps? i use windows, can i still update business info on apple maps? line","{'neg': 0.0, 'neu': 1.0, 'pos': 0.0, 'compound': 0.0}",0.0,neutral
1obn4gb,applemaps,comment,1760978072.0,2025-10-20 11:34:32,https://www.reddit.com/r/applemaps/comments/1obn4gb/i_use_windows_can_i_still_update_business_info_on/,,,you can only via business connect for your business but you can’t submit issues yet on the web app for others as it’s still in beta.,experience_complaint,navigation_routing_traffic,you can only via business connect for your business but you can’t submit issues yet on the web app for others as it’s still in beta.,"{'neg': 0.0, 'neu': 1.0, 'pos': 0.0, 'compound': 0.0}",0.0,neutral
1obn4gb,applemaps,comment,1760978072.0,2025-10-20 11:34:32,https://www.reddit.com/r/applemaps/comments/1obn4gb/i_use_windows_can_i_still_update_business_info_on/,,,[businessconnect.apple.com]( [maps.apple.com](,other,transit_walk_bike,[businessconnect.apple.com]( [maps.apple.com](,"{'neg': 0.0, 'neu': 1.0, 'pos': 0.0, 'compound': 0.0}",0.0,neutral
1ob4q14,applemaps,post,1760917161.0,2025-10-19 18:39:21,https://www.reddit.com/r/applemaps/comments/1ob4q14/apple_maps_issue/,0.0,3.0,"apple maps issue? so, i was messing around in maps but i saw that the compass that shows the direction is incorrect, n and s are correct but w and e are swapped, it can be seen in the video but i think that might be something that should be patched… for future reference, the order is always “we,” not “ew”",experience_complaint,other,"apple maps issue? so, i was messing around in maps but i saw that the compass that shows the direction is incorrect, n and s are correct but w and e are swapped, it can be seen in the video but i think that might be something that should be patched... for future reference, the order is always “we,” not “ew”","{'neg': 0.0, 'neu': 1.0, 'pos': 0.0, 'compound': 0.0}",0.0,neutral
1ob4q14,applemaps,comment,1760917161.0,2025-10-19 18:39:21,https://www.reddit.com/r/applemaps/comments/1ob4q14/apple_maps_issue/,,,"the compass is correct. as with any compass, the red arrow is showing where north is in relation to the direction of travel. if north is to your right, you’re facing west.",other,other,"the compass is correct. as with any compass, the red arrow is showing where north is in relation to the direction of travel. if north is to your right, you’re facing west.","{'neg': 0.0, 'neu': 1.0, 'pos': 0.0, 'compound': 0.0}",0.0,neutral
1ob4q14,applemaps,comment,1760917161.0,2025-10-19 18:39:21,https://www.reddit.com/r/applemaps/comments/1ob4q14/apple_maps_issue/,,,"the compass is correct. the large letter is the direction ‘you’ are facing, and the red arrow is north.",other,other,"the compass is correct. the large letter is the direction ‘you’ are facing, and the red arrow is north.","{'neg': 0.0, 'neu': 1.0, 'pos': 0.0, 'compound': 0.0}",0.0,neutral
1ob4q14,applemaps,comment,1760917161.0,2025-10-19 18:39:21,https://www.reddit.com/r/applemaps/comments/1ob4q14/apple_maps_issue/,,,"shit, i was so tired i forgot how compasses work, that makes sense now. that’s on me, apologies",other,other,"shit, i was so tired i forgot how compasses work, that makes sense now. that’s on me, apologies","{'neg': 0.327, 'neu': 0.673, 'pos': 0.0, 'compound': -0.7778}",-0.7778,negative
1ob0b2s,applemaps,post,1760905963.0,2025-10-19 15:32:43,https://www.reddit.com/r/applemaps/comments/1ob0b2s/transit_in_sofia_potentially_coming_soon/,14.0,0.0,"transit in sofia potentially coming soon? on the 17th october 2025, sofia’s urban mobility data became open to the public, signalling that transit information may soon come to apple maps as it’s a core requirement. bdz (bulgaria’s national railway company) is also proposing to make its data open source as well which can lead to entire country coverage. the only question is how long we have to wait.",other,ui_ux_carplay,"transit in sofia potentially coming soon? on the 17th october 2025, sofia’s urban mobility data became open to the public, signalling that transit information may soon come to apple maps as it’s a core requirement. bdz (bulgaria’s national railway company) is also proposing to make its data open source as well which can lead to entire country coverage. the only question is how long we have to wait.","{'neg': 0.0, 'neu': 0.969, 'pos': 0.031, 'compound': 0.2732}",0.2732,positive
1oawps5,applemaps,post,1760897604.0,2025-10-19 13:13:24,https://www.reddit.com/r/applemaps/comments/1oawps5/visited_places/,1.0,1.0,"visited places hi, do you know when the apple maps places visited feature will arrive in europe? as a timeline?",other,search_poi_data,"visited places hi, do you know when the apple maps places visited feature will arrive in europe? as a timeline?","{'neg': 0.0, 'neu': 1.0, 'pos': 0.0, 'compound': 0.0}",0.0,neutral
1oawps5,applemaps,comment,1760897604.0,2025-10-19 13:13:24,https://www.reddit.com/r/applemaps/comments/1oawps5/visited_places/,,,nobody except apple and eu knows.,other,other,nobody except apple and eu knows.,"{'neg': 0.0, 'neu': 1.0, 'pos': 0.0, 'compound': 0.0}",0.0,neutral
1o9zb6n,applemaps,post,1760802561.0,2025-10-18 10:49:21,https://www.reddit.com/r/applemaps/comments/1o9zb6n/why_is_google_maps_better_or_is_it_just_me_being/,15.0,51.0,"why is google maps better? (or is it just me being dumb) i hate using google services, and have been removing them from my life. the other day, i entered an address into apple maps... 1hr minimum was the best route due to traffic. my friend put it into their phone (google maps)... 40min with a route not even available on apple. yeah, we used google maps. and now i'm debating selling my soul back to google for maps. i checked the settings to see if i had anything that was ""preventing"" all routes being presented, but all looks good. i'd be interested to hear if anyone else has experienced the same, and if it's just soemthing we need to accept when using apple maps.",comparison_discussion,navigation_routing_traffic,"why is google maps better? (or is it just me being dumb) i hate using google services, and have been removing them from my life. the other day, i entered an address into apple maps... 1hr minimum was the best route due to traffic. my friend put it into their phone (google maps)... 40min with a route not even available on apple. yeah, we used google maps. and now i'm debating selling my soul back to google for maps. i checked the settings to see if i had anything that was ""preventing"" all routes being presented, but all looks good. i'd be interested to hear if anyone else has experienced the same, and if it's just soemthing we need to accept when using apple maps.","{'neg': 0.018, 'neu': 0.84, 'pos': 0.143, 'compound': 0.9403}",0.9403,positive
1o9zb6n,applemaps,comment,1760802561.0,2025-10-18 10:49:21,https://www.reddit.com/r/applemaps/comments/1o9zb6n/why_is_google_maps_better_or_is_it_just_me_being/,,,"the results you get will depend on the area. google is better than apple in some areas while apple is in others. if you find google giving you better results in your area stick to google, at least for now.",other,other,"the results you get will depend on the area. google is better than apple in some areas while apple is in others. if you find google giving you better results in your area stick to google, at least for now.","{'neg': 0.0, 'neu': 0.819, 'pos': 0.181, 'compound': 0.802}",0.802,positive
1o9zb6n,applemaps,comment,1760802561.0,2025-10-18 10:49:21,https://www.reddit.com/r/applemaps/comments/1o9zb6n/why_is_google_maps_better_or_is_it_just_me_being/,,,apple maps has the best verbal instructions hands down,other,other,apple maps has the best verbal instructions hands down,"{'neg': 0.0, 'neu': 0.656, 'pos': 0.344, 'compound': 0.6369}",0.6369,positive
1o9zb6n,applemaps,comment,1760802561.0,2025-10-18 10:49:21,https://www.reddit.com/r/applemaps/comments/1o9zb6n/why_is_google_maps_better_or_is_it_just_me_being/,,,… did it take you 40 minutes to get there. in my experience google tends to be over optimistic. apple more realistic,other,other,... did it take you 40 minutes to get there. in my experience google tends to be over optimistic. apple more realistic,"{'neg': 0.0, 'neu': 0.901, 'pos': 0.099, 'compound': 0.3182}",0.3182,positive
1o9zb6n,applemaps,comment,1760802561.0,2025-10-18 10:49:21,https://www.reddit.com/r/applemaps/comments/1o9zb6n/why_is_google_maps_better_or_is_it_just_me_being/,,,">why is google maps better? google maps is not better for navigation in the us, but it is better in some other countries. it used to be better, but that has not been the case in a very long time. i used google maps from 2008 - 2015, then apple maps from 2015 - 2025. google maps is better for looking up points of interest, businesses, and for reading reviews of those places. there's really no excuse for apple not to have all the same places listed as google does, but google has significantly better reviews due to a much larger and more active user base, and a couple decades more time than apple collecting reviews.",comparison_discussion,navigation_routing_traffic,"why is google maps better? google maps is not better for navigation in the us, but it is better in some other countries. it used to be better, but that has not been the case in a very long time. i used google maps from 2008 - 2015, then apple maps from 2015 - 2025. google maps is better for looking up points of interest, businesses, and for reading reviews of those places. there's really no excuse for apple not to have all the same places listed as google does, but google has significantly better reviews due to a much larger and more active user base, and a couple decades more time than apple collecting reviews.","{'neg': 0.024, 'neu': 0.755, 'pos': 0.22, 'compound': 0.9774}",0.9774,positive
1o9zb6n,applemaps,comment,1760802561.0,2025-10-18 10:49:21,https://www.reddit.com/r/applemaps/comments/1o9zb6n/why_is_google_maps_better_or_is_it_just_me_being/,,,i also share the same thoughts on google maps. i love the clarity and minimal ui of apple maps but google just has more data to pull from users on top of their waze users. i use turn on google in the background to guide me while using apple maps to reroute to the google route as a workaround.,comparison_discussion,ui_ux_carplay,i also share the same thoughts on google maps. i love the clarity and minimal ui of apple maps but google just has more data to pull from users on top of their waze users. i use turn on google in the background to guide me while using apple maps to reroute to the google route as a workaround.,"{'neg': 0.0, 'neu': 0.861, 'pos': 0.139, 'compound': 0.7391}",0.7391,positive
1o9zb6n,applemaps,comment,1760802561.0,2025-10-18 10:49:21,https://www.reddit.com/r/applemaps/comments/1o9zb6n/why_is_google_maps_better_or_is_it_just_me_being/,,,"one of the other tricky things about navigation in either of these apps is that traffic data is crowdsourced, so the accuracy sometimes comes down to how many other people are using iphones or android phones in your area (and along your route). for example, if there are mostly iphone users along a route, then google maps won't see any traffic slowdowns or stoppages, and will think that's a faster route — and vice-versa for apple maps routing and a route filled primarily with android users. i've run into this on several occasions in toronto. highways tend to be busy enough that there's usually enough of a mix of both, but i've sat in traffic jams on in-town streets where one of the apps has shown a solid red line while the other thinks it's clear sailing — and it's never been consistently one or the other, as it really just varies depending on who's in front of you and which smartphones they're using (if any), and whether they're reporting in traffic data.",comparison_discussion,navigation_routing_traffic,"one of the other tricky things about navigation in either of these apps is that traffic data is crowdsourced, so the accuracy sometimes comes down to how many other people are using iphones or android phones in your area (and along your route). for example, if there are mostly iphone users along a route, then google maps won't see any traffic slowdowns or stoppages, and will think that's a faster route — and vice-versa for apple maps routing and a route filled primarily with android users. i've run into this on several occasions in toronto. highways tend to be busy enough that there's usually enough of a mix of both, but i've sat in traffic jams on in-town streets where one of the apps has shown a solid red line while the other thinks it's clear sailing — and it's never been consistently one or the other, as it really just varies depending on who's in front of you and which smartphones they're using (if any), and whether they're reporting in traffic data.","{'neg': 0.008, 'neu': 0.961, 'pos': 0.031, 'compound': 0.6124}",0.6124,positive
1o9zb6n,applemaps,comment,1760802561.0,2025-10-18 10:49:21,https://www.reddit.com/r/applemaps/comments/1o9zb6n/why_is_google_maps_better_or_is_it_just_me_being/,,,did it actually take forty mins? (asking honestly.) i’ve had experiences in the past where google maps has given me a route but the traffic predictions haven’t factored accurately at all and it’s taken just as long as apple has predicted in the first place.,comparison_discussion,navigation_routing_traffic,did it actually take forty mins? (asking honestly.) i’ve had experiences in the past where google maps has given me a route but the traffic predictions haven’t factored accurately at all and it’s taken just as long as apple has predicted in the first place.,"{'neg': 0.0, 'neu': 1.0, 'pos': 0.0, 'compound': 0.0}",0.0,neutral
1o9zb6n,applemaps,comment,1760802561.0,2025-10-18 10:49:21,https://www.reddit.com/r/applemaps/comments/1o9zb6n/why_is_google_maps_better_or_is_it_just_me_being/,,,"interesting since i’m a diehard apple fan. but recently i moved from one part of denmark to another, and suddenly several addresses or routes simply doesn’t exist on apple maps. like the address to a pharmacy lead me to a completely wrong city with apple maps. i’m really considering changing to google maps. just never had this issue - before i moved.",comparison_discussion,navigation_routing_traffic,"interesting since i’m a diehard apple fan. but recently i moved from one part of denmark to another, and suddenly several addresses or routes simply doesn’t exist on apple maps. like the address to a pharmacy lead me to a completely wrong city with apple maps. i’m really considering changing to google maps. just never had this issue - before i moved.","{'neg': 0.072, 'neu': 0.821, 'pos': 0.107, 'compound': 0.0414}",0.0414,neutral
1o9zb6n,applemaps,comment,1760802561.0,2025-10-18 10:49:21,https://www.reddit.com/r/applemaps/comments/1o9zb6n/why_is_google_maps_better_or_is_it_just_me_being/,,,"me personally, never experienced this also, mapping services also have different policies around their communication with local authorities waze for instance doesn’t do so at all, endless a given road has banned through traffic, it’s going to count that road as any other apple and google to varying degree however cooperate with local governments to not send insane amount of through traffic down say, a neighborhood street, just to save 30 seconds the other is simple differences in calculation, and the data that calculation is built on. apple maps might have added say 5 min to its calculation as a buffer so you don’t get upset with it, google might do 2.5 minutes, ect. they also could be using two different sets of data in regards to current amount of people on the roads and their average speed",policy_discussion,policy_strategy,"me personally, never experienced this also, mapping services also have different policies around their communication with local authorities waze for instance doesn’t do so at all, endless a given road has banned through traffic, it’s going to count that road as any other apple and google to varying degree however cooperate with local governments to not send insane amount of through traffic down say, a neighborhood street, just to save 30 seconds the other is simple differences in calculation, and the data that calculation is built on. apple maps might have added say 5 min to its calculation as a buffer so you don’t get upset with it, google might do 2.5 minutes, ect. they also could be using two different sets of data in regards to current amount of people on the roads and their average speed","{'neg': 0.04, 'neu': 0.922, 'pos': 0.039, 'compound': -0.0366}",-0.0366,neutral
1o9zb6n,applemaps,comment,1760802561.0,2025-10-18 10:49:21,https://www.reddit.com/r/applemaps/comments/1o9zb6n/why_is_google_maps_better_or_is_it_just_me_being/,,,"google maps is great! the app from the app store still fully works on my ios 6 iphone 4/4s. apple shut down the servers for ios 6 and ios 7 so you need to be jailbroken to fix it. even then its still half broken with rendering issues. google maps has no issues, even the default preinstalled maps app on ios 5 which uses google maps works!",comparison_discussion,other,"google maps is great! the app from the app store still fully works on my ios 6 iphone 4/4s. apple shut down the servers for ios 6 and ios 7 so you need to be jailbroken to fix it. even then its still half broken with rendering issues. google maps has no issues, even the default preinstalled maps app on ios 5 which uses google maps works!","{'neg': 0.084, 'neu': 0.857, 'pos': 0.059, 'compound': -0.1984}",-0.1984,neutral
1o9zb6n,applemaps,comment,1760802561.0,2025-10-18 10:49:21,https://www.reddit.com/r/applemaps/comments/1o9zb6n/why_is_google_maps_better_or_is_it_just_me_being/,,,"google maps has a lot more up to date information and detail in the world. apple maps only works well in the usa. google maps not only has the information of most businesses, it constantly updates. in latam apple maps does not have anything updated and searching something by address is a miss all the time. i have to lookup the name of the place instead of the address because of this. google plays well with the world. apple only with “1st world countries”. also, google has transit routes. apple does not in many countries. it only helps travel by car, if anything. i only use it to set a walking route and look it up in my watch because it does not let google show it.",comparison_discussion,navigation_routing_traffic,"google maps has a lot more up to date information and detail in the world. apple maps only works well in the usa. google maps not only has the information of most businesses, it constantly updates. in latam apple maps does not have anything updated and searching something by address is a miss all the time. i have to lookup the name of the place instead of the address because of this. google plays well with the world. apple only with “1st world countries”. also, google has transit routes. apple does not in many countries. it only helps travel by car, if anything. i only use it to set a walking route and look it up in my watch because it does not let google show it.","{'neg': 0.013, 'neu': 0.918, 'pos': 0.069, 'compound': 0.7351}",0.7351,positive
1o9zb6n,applemaps,comment,1760802561.0,2025-10-18 10:49:21,https://www.reddit.com/r/applemaps/comments/1o9zb6n/why_is_google_maps_better_or_is_it_just_me_being/,,,recently switched to apple maps because google maps is slow at showing the next turn. experienced this in southern san fran silicon valley. much better experience with showing next turn after the current turn,comparison_discussion,performance_reliability,recently switched to apple maps because google maps is slow at showing the next turn. experienced this in southern san fran silicon valley. much better experience with showing next turn after the current turn,"{'neg': 0.0, 'neu': 0.919, 'pos': 0.081, 'compound': 0.4404}",0.4404,positive
1o9zb6n,applemaps,comment,1760802561.0,2025-10-18 10:49:21,https://www.reddit.com/r/applemaps/comments/1o9zb6n/why_is_google_maps_better_or_is_it_just_me_being/,,,"i have apple maps active for voiced turn-by-turn guidance, but, at the same time, i often keep google maps on my carplay screen because i slightly prefer its graphics.",comparison_discussion,ui_ux_carplay,"i have apple maps active for voiced turn-by-turn guidance, but, at the same time, i often keep google maps on my carplay screen because i slightly prefer its graphics.","{'neg': 0.0, 'neu': 0.931, 'pos': 0.069, 'compound': 0.2144}",0.2144,positive
1o9zb6n,applemaps,comment,1760802561.0,2025-10-18 10:49:21,https://www.reddit.com/r/applemaps/comments/1o9zb6n/why_is_google_maps_better_or_is_it_just_me_being/,,,i prefer apple maps. i only use google maps when looking up a business or place.,comparison_discussion,search_poi_data,i prefer apple maps. i only use google maps when looking up a business or place.,"{'neg': 0.0, 'neu': 1.0, 'pos': 0.0, 'compound': 0.0}",0.0,neutral
1o9zb6n,applemaps,comment,1760802561.0,2025-10-18 10:49:21,https://www.reddit.com/r/applemaps/comments/1o9zb6n/why_is_google_maps_better_or_is_it_just_me_being/,,,"waze is now owned by google, it used to be a better option in the middle east. i didn’t use it recently after google took over",comparison_discussion,other,"waze is now owned by google, it used to be a better option in the middle east. i didn’t use it recently after google took over","{'neg': 0.0, 'neu': 0.888, 'pos': 0.112, 'compound': 0.4404}",0.4404,positive
1o9zb6n,applemaps,comment,1760802561.0,2025-10-18 10:49:21,https://www.reddit.com/r/applemaps/comments/1o9zb6n/why_is_google_maps_better_or_is_it_just_me_being/,,,"i used to use google for everything back in a day. then the ads and data grab happened to be more prelevant than before so i cut it out completely. so i use apple maps and all of their services since. apple maps is far superior in some ways and in some, google is better. exactly as all pointed out - businesses and that i struggle to find them via apple maps. but i got a safari extension which gets the address to apple maps instead of google and it always worked. traffic, it shows fairly well in my city ( and we are 5 mil country). and i just can't stand the buttons, and the whole graphical design of google. on top of that. apple updates countries - mine is semi done so soon we'll have it even better",policy_discussion,policy_strategy,"i used to use google for everything back in a day. then the ads and data grab happened to be more prelevant than before so i cut it out completely. so i use apple maps and all of their services since. apple maps is far superior in some ways and in some, google is better. exactly as all pointed out - businesses and that i struggle to find them via apple maps. but i got a safari extension which gets the address to apple maps instead of google and it always worked. traffic, it shows fairly well in my city ( and we are 5 mil country). and i just can't stand the buttons, and the whole graphical design of google. on top of that. apple updates countries - mine is semi done so soon we'll have it even better","{'neg': 0.026, 'neu': 0.881, 'pos': 0.094, 'compound': 0.8548}",0.8548,positive
1o9zb6n,applemaps,comment,1760802561.0,2025-10-18 10:49:21,https://www.reddit.com/r/applemaps/comments/1o9zb6n/why_is_google_maps_better_or_is_it_just_me_being/,,,i prefer using apple maps when dealing with public transit since it does account for unplanned service changes and some shuttle bus routes in nyc while google maps just thinks that they don’t exist at all and you should consider just walking or take another mode of transit,comparison_discussion,navigation_routing_traffic,i prefer using apple maps when dealing with public transit since it does account for unplanned service changes and some shuttle bus routes in nyc while google maps just thinks that they don’t exist at all and you should consider just walking or take another mode of transit,"{'neg': 0.0, 'neu': 1.0, 'pos': 0.0, 'compound': 0.0}",0.0,neutral
1o9zb6n,applemaps,comment,1760802561.0,2025-10-18 10:49:21,https://www.reddit.com/r/applemaps/comments/1o9zb6n/why_is_google_maps_better_or_is_it_just_me_being/,,,"it really depends where you use it. in my country, google maps is better, even if i try my best to help keep apple maps updated (though most of the time they just reject my feedback).",comparison_discussion,other,"it really depends where you use it. in my country, google maps is better, even if i try my best to help keep apple maps updated (though most of the time they just reject my feedback).","{'neg': 0.062, 'neu': 0.713, 'pos': 0.225, 'compound': 0.7964}",0.7964,positive
1o9zb6n,applemaps,comment,1760802561.0,2025-10-18 10:49:21,https://www.reddit.com/r/applemaps/comments/1o9zb6n/why_is_google_maps_better_or_is_it_just_me_being/,,,"i use apple maps if i have a general idea of where i’m going or it isn’t a time sensitive matter. it’s gotten better the last few years, but i’ve been burned too many times by apple going to an incorrect address or just bad routing. google consistently goes to the right place in a timely manner, so i use this on long road trips or when i need to be somewhere on time and in the right location. also use google maps when looking for restaurants or stores i need to go to, can’t deal with the yelp bs apple maps has better coordination with other apple stuff, like calendar, so i can quickly tap the address when it pops up on the screen.",comparison_discussion,ui_ux_carplay,"i use apple maps if i have a general idea of where i’m going or it isn’t a time sensitive matter. it’s gotten better the last few years, but i’ve been burned too many times by apple going to an incorrect address or just bad routing. google consistently goes to the right place in a timely manner, so i use this on long road trips or when i need to be somewhere on time and in the right location. also use google maps when looking for restaurants or stores i need to go to, can’t deal with the yelp bs apple maps has better coordination with other apple stuff, like calendar, so i can quickly tap the address when it pops up on the screen.","{'neg': 0.038, 'neu': 0.882, 'pos': 0.08, 'compound': 0.5187}",0.5187,positive
1o9zb6n,applemaps,comment,1760802561.0,2025-10-18 10:49:21,https://www.reddit.com/r/applemaps/comments/1o9zb6n/why_is_google_maps_better_or_is_it_just_me_being/,,,"i’ll just assume it’s better simply because it has more data feedback from users worldwide. i vastly prefer google maps, but particularly because of reviews and business times details are much more up to date than apple maps. in terms of navigation google maps has worked much better for me in the mexico and japan, with it being a tie in the us. ymmv.",comparison_discussion,navigation_routing_traffic,"i’ll just assume it’s better simply because it has more data feedback from users worldwide. i vastly prefer google maps, but particularly because of reviews and business times details are much more up to date than apple maps. in terms of navigation google maps has worked much better for me in the mexico and japan, with it being a tie in the us. ymmv.","{'neg': 0.0, 'neu': 0.912, 'pos': 0.088, 'compound': 0.7003}",0.7003,positive
1o9zb6n,applemaps,comment,1760802561.0,2025-10-18 10:49:21,https://www.reddit.com/r/applemaps/comments/1o9zb6n/why_is_google_maps_better_or_is_it_just_me_being/,,,"no matter what, navigation experience is best ok apple maps. the lane guidance is unmatched.",other,ui_ux_carplay,"no matter what, navigation experience is best ok apple maps. the lane guidance is unmatched.","{'neg': 0.167, 'neu': 0.476, 'pos': 0.357, 'compound': 0.6124}",0.6124,positive
1o9zb6n,applemaps,comment,1760802561.0,2025-10-18 10:49:21,https://www.reddit.com/r/applemaps/comments/1o9zb6n/why_is_google_maps_better_or_is_it_just_me_being/,,,i had this issue with public transportation but the opposite. google was telling me to take a certain line with transfers whereas apple gave me another line without transfers and was actually easier since it was direct.,experience_complaint,transit_walk_bike,i had this issue with public transportation but the opposite. google was telling me to take a certain line with transfers whereas apple gave me another line without transfers and was actually easier since it was direct.,"{'neg': 0.0, 'neu': 0.839, 'pos': 0.161, 'compound': 0.7469}",0.7469,positive
1o9zb6n,applemaps,comment,1760802561.0,2025-10-18 10:49:21,https://www.reddit.com/r/applemaps/comments/1o9zb6n/why_is_google_maps_better_or_is_it_just_me_being/,,,"you’re not ‘selling your soul’ when using a product, just use whatever tool works best for you. here in the apple maps subreddit there are obviously way more apple maps users so will steer you towards it (including myself 😁).",experience_complaint,other,"you’re not ‘selling your soul’ when using a product, just use whatever tool works best for you. here in the apple maps subreddit there are obviously way more apple maps users so will steer you towards it (including myself 😁).","{'neg': 0.0, 'neu': 0.9, 'pos': 0.1, 'compound': 0.6369}",0.6369,positive
1o9zb6n,applemaps,comment,1760802561.0,2025-10-18 10:49:21,https://www.reddit.com/r/applemaps/comments/1o9zb6n/why_is_google_maps_better_or_is_it_just_me_being/,,,you don’t have to sell your soul just to use the most popular mapping app.,other,other,you don’t have to sell your soul just to use the most popular mapping app.,"{'neg': 0.0, 'neu': 0.819, 'pos': 0.181, 'compound': 0.4754}",0.4754,positive
1o9zb6n,applemaps,comment,1760802561.0,2025-10-18 10:49:21,https://www.reddit.com/r/applemaps/comments/1o9zb6n/why_is_google_maps_better_or_is_it_just_me_being/,,,i have my devices default to google maps because it is still better than apple maps for most of what i use it for,comparison_discussion,other,i have my devices default to google maps because it is still better than apple maps for most of what i use it for,"{'neg': 0.0, 'neu': 0.879, 'pos': 0.121, 'compound': 0.4404}",0.4404,positive
1o9zb6n,applemaps,comment,1760802561.0,2025-10-18 10:49:21,https://www.reddit.com/r/applemaps/comments/1o9zb6n/why_is_google_maps_better_or_is_it_just_me_being/,,,"not to mention apple products will reduce the efficiency of google maps. i remember having an android and swearing never to go back to using apple maps even if i got an iphone later because it was so good, only to get an iphone that christmas and discover that it doesn’t work the same at. all.",comparison_discussion,other,"not to mention apple products will reduce the efficiency of google maps. i remember having an android and swearing never to go back to using apple maps even if i got an iphone later because it was so good, only to get an iphone that christmas and discover that it doesn’t work the same at. all.","{'neg': 0.034, 'neu': 0.861, 'pos': 0.105, 'compound': 0.6418}",0.6418,positive
1o9zb6n,applemaps,comment,1760802561.0,2025-10-18 10:49:21,https://www.reddit.com/r/applemaps/comments/1o9zb6n/why_is_google_maps_better_or_is_it_just_me_being/,,,"there have been multiple tests online that have determined all gps apps are more or less the same at this point. so if you’re in the us then, yeah, there’s probably some internal bias there. however outside the us, google has superior coverage (because they’ve been at it for so much longer) so it will be inherently more effective.",other,search_poi_data,"there have been multiple tests online that have determined all gps apps are more or less the same at this point. so if you’re in the us then, yeah, there’s probably some internal bias there. however outside the us, google has superior coverage (because they’ve been at it for so much longer) so it will be inherently more effective.","{'neg': 0.021, 'neu': 0.807, 'pos': 0.172, 'compound': 0.8777}",0.8777,positive
1o9zb6n,applemaps,comment,1760802561.0,2025-10-18 10:49:21,https://www.reddit.com/r/applemaps/comments/1o9zb6n/why_is_google_maps_better_or_is_it_just_me_being/,,,apple maps sucks google is way way better. every time i have tried using apple it has been a disaster,other,other,apple maps sucks google is way way better. every time i have tried using apple it has been a disaster,"{'neg': 0.269, 'neu': 0.612, 'pos': 0.118, 'compound': -0.5719}",-0.5719,negative
1o99c58,applemaps,post,1760726074.0,2025-10-17 13:34:34,https://www.reddit.com/r/applemaps/comments/1o99c58/i_miss_the_feature_where_wallet_reports_were/,9.0,2.0,"i miss the feature where wallet reports were automatically accepted when including an apple maps link so in apple wallet, some transactions will show the link in apple maps. when a transaction info was incorrect (incompete business name or category or etc), you could submit a report. when you included the apple maps link, the report was immediately accepted and reflected in wallet. i’m guessing this was done via some automated process where they cross checked the merchant name with the info pulled via apple maps. but that feature doesn’t work anymore and i feel like my wallet reports just go mostly ignored now ☹️",experience_praise,transit_walk_bike,"i miss the feature where wallet reports were automatically accepted when including an apple maps link so in apple wallet, some transactions will show the link in apple maps. when a transaction info was incorrect (incompete business name or category or etc), you could submit a report. when you included the apple maps link, the report was immediately accepted and reflected in wallet. i’m guessing this was done via some automated process where they cross checked the merchant name with the info pulled via apple maps. but that feature doesn’t work anymore and i feel like my wallet reports just go mostly ignored now ☹️","{'neg': 0.04, 'neu': 0.901, 'pos': 0.06, 'compound': 0.2732}",0.2732,positive
1o99c58,applemaps,comment,1760726074.0,2025-10-17 13:34:34,https://www.reddit.com/r/applemaps/comments/1o99c58/i_miss_the_feature_where_wallet_reports_were/,,,"yeah i noticed that too, it’s really sad…",other,other,"yeah i noticed that too, it’s really sad...","{'neg': 0.0, 'neu': 0.732, 'pos': 0.268, 'compound': 0.296}",0.296,positive
1o99c58,applemaps,comment,1760726074.0,2025-10-17 13:34:34,https://www.reddit.com/r/applemaps/comments/1o99c58/i_miss_the_feature_where_wallet_reports_were/,,,i actually never knew about this feature. do you have screenshots so i can also send in feedback about it?,other,ui_ux_carplay,i actually never knew about this feature. do you have screenshots so i can also send in feedback about it?,"{'neg': 0.0, 'neu': 1.0, 'pos': 0.0, 'compound': 0.0}",0.0,neutral
1o8zgwh,applemaps,post,1760702732.0,2025-10-17 07:05:32,https://www.reddit.com/r/applemaps/comments/1o8zgwh/liquid_glass_glitches/,3.0,1.0,"liquid glass glitches do you think apple is going to gradually fix the liquid glass interface issues which are consistently in apple maps across devices? here are a few i've noticed persist regardless of device used: * when you pull the menu bar from the bottom gradually up, at one point it turns opaque from transparent, but the transition animation is glitchy and results in a perceived lag at that precise moment, every single time. * during navigation, if you pull up the menu with etas slowly up, its framerate is severly low, maybe 10-15 fps at most, even worse on older hardware. for both of these issues, even if you pull it full-speed, there's still a momentary animation glitch or frame drop at the very least. * since the whole menu system doesn't use a go ahead-back system like other apps but instead spawns and closes new layers, liquid glass renders every layer on top of the previous one, so if you are 2-3 layers deep when researching pois for example, most of the transparency shows the blurred text from the other panes, rather than the map, which doesn't appear professional. nothing unusable really, but those are all consistent issues which are easy to replicate and appear within 5 minutes of using the app, i'm surprised they made it out of beta even.",bug_report,ui_ux_carplay,"liquid glass glitches do you think apple is going to gradually fix the liquid glass interface issues which are consistently in apple maps across devices? here are a few i've noticed persist regardless of device used: * when you pull the menu bar from the bottom gradually up, at one point it turns opaque from transparent, but the transition animation is glitchy and results in a perceived lag at that precise moment, every single time. * during navigation, if you pull up the menu with etas slowly up, its framerate is severly low, maybe 10-15 fps at most, even worse on older hardware. for both of these issues, even if you pull it full-speed, there's still a momentary animation glitch or frame drop at the very least. * since the whole menu system doesn't use a go ahead-back system like other apps but instead spawns and closes new layers, liquid glass renders every layer on top of the previous one, so if you are 2-3 layers deep when researching pois for example, most of the transparency shows the blurred text from the other panes, rather than the map, which doesn't appear professional. nothing unusable really, but those are all consistent issues which are easy to replicate and appear within 5 minutes of using the app, i'm surprised they made it out of beta even.","{'neg': 0.056, 'neu': 0.894, 'pos': 0.05, 'compound': -0.3221}",-0.3221,negative
1o8zgwh,applemaps,comment,1760702732.0,2025-10-17 07:05:32,https://www.reddit.com/r/applemaps/comments/1o8zgwh/liquid_glass_glitches/,,,"as for that first point (the lag), yes this is definitely something that is occurring and something i can reproduce on multiple devices. apple stocks has a very similar ""page"" animation, but that has no lag at all. it's just something they need to work on, as well as the many other animations that don't work right. the second point is also something that i have noticed. the lag was surprising the first time i saw it, because it's so obvious. the sheet literally pauses as you swipe up. now, i know these are not show-stopping issues, but it's not very smooth and makes the phone feel much slower. i'm sure they'll try to fix them up over the course of ios 26, but who knows.",experience_complaint,search_poi_data,"as for that first point (the lag), yes this is definitely something that is occurring and something i can reproduce on multiple devices. apple stocks has a very similar ""page"" animation, but that has no lag at all. it's just something they need to work on, as well as the many other animations that don't work right. the second point is also something that i have noticed. the lag was surprising the first time i saw it, because it's so obvious. the sheet literally pauses as you swipe up. now, i know these are not show-stopping issues, but it's not very smooth and makes the phone feel much slower. i'm sure they'll try to fix them up over the course of ios 26, but who knows.","{'neg': 0.067, 'neu': 0.844, 'pos': 0.089, 'compound': 0.2382}",0.2382,positive
1o8t3z2,applemaps,post,1760679474.0,2025-10-17 00:37:54,https://www.reddit.com/r/applemaps/comments/1o8t3z2/requirements_for_a_city_to_get_public_transport/,24.0,7.0,"requirements for a city to get public transport support in maps my city (sofia, bulgaria) finally introduced a public api which publishes dynamic public transport information using the gtfs standard. there are already some open-source projects that make use of this api to display the lines, stops, schedules and even the real-time gps location of all the vehicles on the network. i was wondering whether this means that we might finally get support from apple, as there are no longer any technical barriers and i imagine it would be simple to implement just like for all other cities in europe and around the world. is there a feedback form where i could submit a suggestion to the apple maps team, or should i wait for the new map data for bulgaria which was captured over a year ago to be released before getting public transport directions?",experience_praise,ui_ux_carplay,"requirements for a city to get public transport support in maps my city (sofia, bulgaria) finally introduced a public api which publishes dynamic public transport information using the gtfs standard. there are already some open-source projects that make use of this api to display the lines, stops, schedules and even the real-time gps location of all the vehicles on the network. i was wondering whether this means that we might finally get support from apple, as there are no longer any technical barriers and i imagine it would be simple to implement just like for all other cities in europe and around the world. is there a feedback form where i could submit a suggestion to the apple maps team, or should i wait for the new map data for bulgaria which was captured over a year ago to be released before getting public transport directions?","{'neg': 0.026, 'neu': 0.902, 'pos': 0.072, 'compound': 0.7717}",0.7717,positive
1o8t3z2,applemaps,comment,1760679474.0,2025-10-17 00:37:54,https://www.reddit.com/r/applemaps/comments/1o8t3z2/requirements_for_a_city_to_get_public_transport/,,,i think it’s needs to be either  that approaches the city or country or the other way round. you could send the links of the data to apple and see if they take a look at it though,other,other,i think it’s needs to be either  that approaches the city or country or the other way round. you could send the links of the data to apple and see if they take a look at it though,"{'neg': 0.0, 'neu': 1.0, 'pos': 0.0, 'compound': 0.0}",0.0,neutral
1o8t3z2,applemaps,comment,1760679474.0,2025-10-17 00:37:54,https://www.reddit.com/r/applemaps/comments/1o8t3z2/requirements_for_a_city_to_get_public_transport/,,,maps-transit@apple.com,other,transit_walk_bike,maps-transit@apple.com,"{'neg': 0.0, 'neu': 1.0, 'pos': 0.0, 'compound': 0.0}",0.0,neutral
1o8t3z2,applemaps,comment,1760679474.0,2025-10-17 00:37:54,https://www.reddit.com/r/applemaps/comments/1o8t3z2/requirements_for_a_city_to_get_public_transport/,,,"thank you for posting this! sofia has had an impressively robust transit system for a while now (except for cleanliness but this is off-topic entirely); i remember it was probably over 10 years ago they launched the first website 'virtual boards' where you could check how long until the bus comes. currently we have full support on google maps for example and the app is even displaying where the bus you're waiting for currently is. i also find it rather 'unfair', for a lack of better word to think of, that thessaloniki for example has had apple maps transit support for a while now, even though it's a much smaller city and i highly doubt their api-s are much easier to deal with.",comparison_discussion,ui_ux_carplay,"thank you for posting this! sofia has had an impressively robust transit system for a while now (except for cleanliness but this is off-topic entirely); i remember it was probably over 10 years ago they launched the first website 'virtual boards' where you could check how long until the bus comes. currently we have full support on google maps for example and the app is even displaying where the bus you're waiting for currently is. i also find it rather 'unfair', for a lack of better word to think of, that thessaloniki for example has had apple maps transit support for a while now, even though it's a much smaller city and i highly doubt their api-s are much easier to deal with.","{'neg': 0.049, 'neu': 0.786, 'pos': 0.164, 'compound': 0.926}",0.926,positive
1o85gry,applemaps,post,1760619510.0,2025-10-16 07:58:30,https://www.reddit.com/r/applemaps/comments/1o85gry/eta_sent_as_sms_and_not_over_app/,5.0,4.0,"eta sent as sms and not over app hi all, i bought myself new 17pm and my wife took my old 13pm, so now when i am willing to send eta everything works as it should but when my wife sends me eta it comes as sms and i tried to see what was going on. in settings for imessages i found that my phone number was not added to imessages, after adding it now it shows myself as blue but still sending over imessages and not apple maps, what should i try to see if it works.",other,navigation_routing_traffic,"eta sent as sms and not over app hi all, i bought myself new 17pm and my wife took my old 13pm, so now when i am willing to send eta everything works as it should but when my wife sends me eta it comes as sms and i tried to see what was going on. in settings for imessages i found that my phone number was not added to imessages, after adding it now it shows myself as blue but still sending over imessages and not apple maps, what should i try to see if it works.","{'neg': 0.0, 'neu': 0.984, 'pos': 0.016, 'compound': 0.1154}",0.1154,neutral
1o85gry,applemaps,comment,1760619510.0,2025-10-16 07:58:30,https://www.reddit.com/r/applemaps/comments/1o85gry/eta_sent_as_sms_and_not_over_app/,,,restart your phone. delete and reinstall maps.,other,other,restart your phone. delete and reinstall maps.,"{'neg': 0.0, 'neu': 1.0, 'pos': 0.0, 'compound': 0.0}",0.0,neutral
1o85gry,applemaps,comment,1760619510.0,2025-10-16 07:58:30,https://www.reddit.com/r/applemaps/comments/1o85gry/eta_sent_as_sms_and_not_over_app/,,,try resetting the phones perhaps (having made a backup beforehand! ;-)),other,other,try resetting the phones perhaps (having made a backup beforehand! ;-)),"{'neg': 0.0, 'neu': 1.0, 'pos': 0.0, 'compound': 0.0}",0.0,neutral
1o85gry,applemaps,comment,1760619510.0,2025-10-16 07:58:30,https://www.reddit.com/r/applemaps/comments/1o85gry/eta_sent_as_sms_and_not_over_app/,,,"if you’re only showing as imessage from the other phone, check that you have maps turned on in your icloud settings.",other,other,"if you’re only showing as imessage from the other phone, check that you have maps turned on in your icloud settings.","{'neg': 0.0, 'neu': 1.0, 'pos': 0.0, 'compound': 0.0}",0.0,neutral
1o7zuu8,applemaps,post,1760600021.0,2025-10-16 02:33:41,https://www.reddit.com/r/applemaps/comments/1o7zuu8/why_arent_these_cities_in_méxico_covered_on_apple/,16.0,1.0,why aren't these cities in méxico covered on apple maps yet? i also noticed many rural parts aren't covered either,other,other,why aren't these cities in méxico covered on apple maps yet? i also noticed many rural parts aren't covered either,"{'neg': 0.0, 'neu': 1.0, 'pos': 0.0, 'compound': 0.0}",0.0,neutral
1o7zuu8,applemaps,comment,1760600021.0,2025-10-16 02:33:41,https://www.reddit.com/r/applemaps/comments/1o7zuu8/why_arent_these_cities_in_méxico_covered_on_apple/,,,because they haven’t released [the data]( yet..,other,other,because they haven’t released [the data]( yet..,"{'neg': 0.0, 'neu': 1.0, 'pos': 0.0, 'compound': 0.0}",0.0,neutral
1o7297g,applemaps,post,1760504895.0,2025-10-15 00:08:15,https://www.reddit.com/r/applemaps/comments/1o7297g/why_apple_maps_blurs_the_house/,551.0,51.0,why apple maps blurs the house?,other,other,why apple maps blurs the house?,"{'neg': 0.0, 'neu': 1.0, 'pos': 0.0, 'compound': 0.0}",0.0,neutral
1o7297g,applemaps,comment,1760504895.0,2025-10-15 00:08:15,https://www.reddit.com/r/applemaps/comments/1o7297g/why_apple_maps_blurs_the_house/,,,you can request this from apple,other,other,you can request this from apple,"{'neg': 0.0, 'neu': 1.0, 'pos': 0.0, 'compound': 0.0}",0.0,neutral
1o7297g,applemaps,comment,1760504895.0,2025-10-15 00:08:15,https://www.reddit.com/r/applemaps/comments/1o7297g/why_apple_maps_blurs_the_house/,,,it’s not just houses btw: certain buildings will be blurred for security reasons and local laws in various countries (eg: greece has airports blurred),other,ui_ux_carplay,it’s not just houses btw: certain buildings will be blurred for security reasons and local laws in various countries (eg: greece has airports blurred),"{'neg': 0.0, 'neu': 0.83, 'pos': 0.17, 'compound': 0.5423}",0.5423,positive
1o7297g,applemaps,comment,1760504895.0,2025-10-15 00:08:15,https://www.reddit.com/r/applemaps/comments/1o7297g/why_apple_maps_blurs_the_house/,,,it’s not blurry — it’s just from minecraft,other,other,it’s not blurry — it’s just from minecraft,"{'neg': 0.0, 'neu': 0.822, 'pos': 0.178, 'compound': 0.0762}",0.0762,neutral
1o7297g,applemaps,comment,1760504895.0,2025-10-15 00:08:15,https://www.reddit.com/r/applemaps/comments/1o7297g/why_apple_maps_blurs_the_house/,,,home owners requested it preferring to have privacy.,policy_discussion,policy_strategy,home owners requested it preferring to have privacy.,"{'neg': 0.0, 'neu': 1.0, 'pos': 0.0, 'compound': 0.0}",0.0,neutral
1o7297g,applemaps,comment,1760504895.0,2025-10-15 00:08:15,https://www.reddit.com/r/applemaps/comments/1o7297g/why_apple_maps_blurs_the_house/,,,because the owner asked,other,other,because the owner asked,"{'neg': 0.0, 'neu': 1.0, 'pos': 0.0, 'compound': 0.0}",0.0,neutral
1o7297g,applemaps,comment,1760504895.0,2025-10-15 00:08:15,https://www.reddit.com/r/applemaps/comments/1o7297g/why_apple_maps_blurs_the_house/,,,if you're in the us go look at it from your county assessor's portal. sometimes i look the owners up on iowa courts online too,other,other,if you're in the us go look at it from your county assessor's portal. sometimes i look the owners up on iowa courts online too,"{'neg': 0.0, 'neu': 1.0, 'pos': 0.0, 'compound': 0.0}",0.0,neutral
1o7297g,applemaps,comment,1760504895.0,2025-10-15 00:08:15,https://www.reddit.com/r/applemaps/comments/1o7297g/why_apple_maps_blurs_the_house/,,,japanese and turkish censoring,other,other,japanese and turkish censoring,"{'neg': 0.0, 'neu': 1.0, 'pos': 0.0, 'compound': 0.0}",0.0,neutral
1o7297g,applemaps,comment,1760504895.0,2025-10-15 00:08:15,https://www.reddit.com/r/applemaps/comments/1o7297g/why_apple_maps_blurs_the_house/,,,there is a building in nyc that looks kinda like this,experience_praise,ui_ux_carplay,there is a building in nyc that looks kinda like this,"{'neg': 0.0, 'neu': 0.803, 'pos': 0.197, 'compound': 0.2975}",0.2975,positive
1o7297g,applemaps,comment,1760504895.0,2025-10-15 00:08:15,https://www.reddit.com/r/applemaps/comments/1o7297g/why_apple_maps_blurs_the_house/,,,"it’s not blur, it’s a minecraft house! 😜",other,other,"it’s not blur, it’s a minecraft house! 😜","{'neg': 0.0, 'neu': 1.0, 'pos': 0.0, 'compound': 0.0}",0.0,neutral
1o7297g,applemaps,comment,1760504895.0,2025-10-15 00:08:15,https://www.reddit.com/r/applemaps/comments/1o7297g/why_apple_maps_blurs_the_house/,,,not privacy reasons for sure,policy_discussion,policy_strategy,not privacy reasons for sure,"{'neg': 0.0, 'neu': 0.635, 'pos': 0.365, 'compound': 0.3182}",0.3182,positive
1o7297g,applemaps,comment,1760504895.0,2025-10-15 00:08:15,https://www.reddit.com/r/applemaps/comments/1o7297g/why_apple_maps_blurs_the_house/,,,he declined the cookies,other,other,he declined the cookies,"{'neg': 0.0, 'neu': 1.0, 'pos': 0.0, 'compound': 0.0}",0.0,neutral
1o7297g,applemaps,comment,1760504895.0,2025-10-15 00:08:15,https://www.reddit.com/r/applemaps/comments/1o7297g/why_apple_maps_blurs_the_house/,,,it’s a japanese home.,other,other,it’s a japanese home.,"{'neg': 0.0, 'neu': 1.0, 'pos': 0.0, 'compound': 0.0}",0.0,neutral
1o7297g,applemaps,comment,1760504895.0,2025-10-15 00:08:15,https://www.reddit.com/r/applemaps/comments/1o7297g/why_apple_maps_blurs_the_house/,,,great album cover,experience_praise,other,great album cover,"{'neg': 0.0, 'neu': 0.328, 'pos': 0.672, 'compound': 0.6249}",0.6249,positive
1o7297g,applemaps,comment,1760504895.0,2025-10-15 00:08:15,https://www.reddit.com/r/applemaps/comments/1o7297g/why_apple_maps_blurs_the_house/,,,it’s nsfw,other,other,it’s nsfw,"{'neg': 0.0, 'neu': 1.0, 'pos': 0.0, 'compound': 0.0}",0.0,neutral
1o7297g,applemaps,comment,1760504895.0,2025-10-15 00:08:15,https://www.reddit.com/r/applemaps/comments/1o7297g/why_apple_maps_blurs_the_house/,,,i have requested google maps to blur a street view image of my home. i work for a local fire service and had a command vehicle home. the street view showed the vehicle in my driveway. i sent them a request and the vehicle has been removed from street view,comparison_discussion,other,i have requested google maps to blur a street view image of my home. i work for a local fire service and had a command vehicle home. the street view showed the vehicle in my driveway. i sent them a request and the vehicle has been removed from street view,"{'neg': 0.054, 'neu': 0.946, 'pos': 0.0, 'compound': -0.34}",-0.34,negative
1o7297g,applemaps,comment,1760504895.0,2025-10-15 00:08:15,https://www.reddit.com/r/applemaps/comments/1o7297g/why_apple_maps_blurs_the_house/,,,how do you request it?,other,other,how do you request it?,"{'neg': 0.0, 'neu': 1.0, 'pos': 0.0, 'compound': 0.0}",0.0,neutral
1o7297g,applemaps,comment,1760504895.0,2025-10-15 00:08:15,https://www.reddit.com/r/applemaps/comments/1o7297g/why_apple_maps_blurs_the_house/,,,minecraft invading apple maps.,other,other,minecraft invading apple maps.,"{'neg': 0.0, 'neu': 1.0, 'pos': 0.0, 'compound': 0.0}",0.0,neutral
1o7297g,applemaps,comment,1760504895.0,2025-10-15 00:08:15,https://www.reddit.com/r/applemaps/comments/1o7297g/why_apple_maps_blurs_the_house/,,,"if you have a certain level of security clearance with the government they blur your address as well. source: my coworker was in the 75th ranger regiment in the us amry, and they blurred his house on every map.",policy_discussion,policy_strategy,"if you have a certain level of security clearance with the government they blur your address as well. source: my coworker was in the 75th ranger regiment in the us amry, and they blurred his house on every map.","{'neg': 0.0, 'neu': 0.841, 'pos': 0.159, 'compound': 0.6808}",0.6808,positive
1o7297g,applemaps,comment,1760504895.0,2025-10-15 00:08:15,https://www.reddit.com/r/applemaps/comments/1o7297g/why_apple_maps_blurs_the_house/,,,apple maps has street view???,other,other,apple maps has street view???,"{'neg': 0.0, 'neu': 1.0, 'pos': 0.0, 'compound': 0.0}",0.0,neutral
1o7297g,applemaps,comment,1760504895.0,2025-10-15 00:08:15,https://www.reddit.com/r/applemaps/comments/1o7297g/why_apple_maps_blurs_the_house/,,,rtfm,other,other,rtfm,"{'neg': 0.0, 'neu': 1.0, 'pos': 0.0, 'compound': 0.0}",0.0,neutral
1o6usxg,applemaps,post,1760483250.0,2025-10-14 18:07:30,https://www.reddit.com/r/applemaps/comments/1o6usxg/machine_learning_engineer_apple_maps_navigation/,7.0,4.0,"machine learning engineer - apple maps navigation i found this job posting at apple maps. it seems interesting (for the future), so i'm sharing it here.",other,navigation_routing_traffic,"machine learning engineer - apple maps navigation i found this job posting at apple maps. it seems interesting (for the future), so i'm sharing it here.","{'neg': 0.0, 'neu': 0.792, 'pos': 0.208, 'compound': 0.6983}",0.6983,positive
1o6usxg,applemaps,comment,1760483250.0,2025-10-14 18:07:30,https://www.reddit.com/r/applemaps/comments/1o6usxg/machine_learning_engineer_apple_maps_navigation/,,,how’s this any different from the tons of other maps postings on their job site? years ago there were a bunch of ground truth postings for various countries to verify poi’s but those haven’t been posted since.,other,search_poi_data,how’s this any different from the tons of other maps postings on their job site? years ago there were a bunch of ground truth postings for various countries to verify poi’s but those haven’t been posted since.,"{'neg': 0.0, 'neu': 0.955, 'pos': 0.045, 'compound': 0.1655}",0.1655,neutral
1o6usxg,applemaps,comment,1760483250.0,2025-10-14 18:07:30,https://www.reddit.com/r/applemaps/comments/1o6usxg/machine_learning_engineer_apple_maps_navigation/,,,hmm. wonder why it’s in switzerland.,other,other,hmm. wonder why it’s in switzerland.,"{'neg': 0.0, 'neu': 1.0, 'pos': 0.0, 'compound': 0.0}",0.0,neutral
1o5k05f,applemaps,post,1760362811.0,2025-10-13 08:40:11,https://www.reddit.com/r/applemaps/comments/1o5k05f/route_recalculation_problem/,5.0,4.0,"route recalculation problem hello. today, while walking, apple maps wanted me to turn onto a street that was under road construction. normally, i should have walked 200 meters and turned onto the next street. but as i kept walking, apple maps insisted that i turn onto the first street and couldn’t recalculate the route. is there any setting i need to change to make the app recalculate the route, or is it a bug in apple maps?",bug_report,navigation_routing_traffic,"route recalculation problem hello. today, while walking, apple maps wanted me to turn onto a street that was under road construction. normally, i should have walked 200 meters and turned onto the next street. but as i kept walking, apple maps insisted that i turn onto the first street and couldn’t recalculate the route. is there any setting i need to change to make the app recalculate the route, or is it a bug in apple maps?","{'neg': 0.026, 'neu': 0.974, 'pos': 0.0, 'compound': -0.2144}",-0.2144,negative
1o5k05f,applemaps,comment,1760362811.0,2025-10-13 08:40:11,https://www.reddit.com/r/applemaps/comments/1o5k05f/route_recalculation_problem/,,,just keep walking the alternative way...that is how maps adjusts the route for the next person.,other,navigation_routing_traffic,just keep walking the alternative way...that is how maps adjusts the route for the next person.,"{'neg': 0.0, 'neu': 1.0, 'pos': 0.0, 'compound': 0.0}",0.0,neutral
1o5715k,applemaps,post,1760320253.0,2025-10-12 20:50:53,https://www.reddit.com/r/applemaps/comments/1o5715k/a_directions_fix_for_the_os_x_109_maps_app/,0.0,1.0,"a directions fix for the os x 10.9 maps app! does not fix eta in the calendar app, since it is requested by the ""calendaragent"" process which is not a cocoa application, meaning simbl cannot target it basically apple had changed some things around in the directions.arpc endpoint and the server no longer understands the directions requests from os x 10.9, ios 6, and ios 7. someone has made a fix for ios 6/7 directions, but os x 10.9 is not ios and cydia substrate is not possible! as a result, i decided to use xcode to write a .bundle to use with simbl. head over to [mavericksforever.com]( to grab the simbl installer. it's simple to set up. all you have to do is run the pkg installer, sign out and sign back in, then place the .bundle file into /library/application support/simbl/plugins, where you should see the other .bundle plugins pre-installed. relaunch the maps app if you haven't already and directions will work! if it fails to navigate and will only work when you drop a purple pin, enable ssl proxying with maps.apple.com. apple's directions endpoint no longer provides the search function inside of it, so new maps clients will first call the dispatcher to search for coordinates. i made the app call the search endpoint used by the web apple maps app, which has newer ssl settings. kudos to chatgpt 5 for helping with debugging and writing pseudocode. i am not the best at objective-c so there were some issues along the way.",bug_report,navigation_routing_traffic,"a directions fix for the os x 10.9 maps app! does not fix eta in the calendar app, since it is requested by the ""calendaragent"" process which is not a cocoa application, meaning simbl cannot target it basically apple had changed some things around in the directions.arpc endpoint and the server no longer understands the directions requests from os x 10.9, ios 6, and ios 7. someone has made a fix for ios 6/7 directions, but os x 10.9 is not ios and cydia substrate is not possible! as a result, i decided to use xcode to write a .bundle to use with simbl. head over to [mavericksforever.com]( to grab the simbl installer. it's simple to set up. all you have to do is run the pkg installer, sign out and sign back in, then place the .bundle file into /library/application support/simbl/plugins, where you should see the other .bundle plugins pre-installed. relaunch the maps app if you haven't already and directions will work! if it fails to navigate and will only work when you drop a purple pin, enable ssl proxying with maps.apple.com. apple's directions endpoint no longer provides the search function inside of it, so new maps clients will first call the dispatcher to search for coordinates. i made the app call the search endpoint used by the web apple maps app, which has newer ssl settings. kudos to chatgpt 5 for helping with debugging and writing pseudocode. i am not the best at objective-c so there were some issues along the way.","{'neg': 0.063, 'neu': 0.909, 'pos': 0.028, 'compound': -0.8372}",-0.8372,negative
1o5715k,applemaps,comment,1760320253.0,2025-10-12 20:50:53,https://www.reddit.com/r/applemaps/comments/1o5715k/a_directions_fix_for_the_os_x_109_maps_app/,,,note: the actual map itself does not work by default. you will need to rewrite some urls using charles proxy or another man in the middle proxy of your choice. i posted a full tutorial here:,other,other,note: the actual map itself does not work by default. you will need to rewrite some urls using charles proxy or another man in the middle proxy of your choice. i posted a full tutorial here:,"{'neg': 0.0, 'neu': 1.0, 'pos': 0.0, 'compound': 0.0}",0.0,neutral
1o535sv,applemaps,post,1760309144.0,2025-10-12 17:45:44,https://www.reddit.com/r/applemaps/comments/1o535sv/does_apple_maps_not_allow_you_to_navigate_in/,0.0,6.0,"does apple maps not allow you to navigate in satellite view? on google maps you can have satellite view when using navigation, but can you not on apple maps?",comparison_discussion,navigation_routing_traffic,"does apple maps not allow you to navigate in satellite view? on google maps you can have satellite view when using navigation, but can you not on apple maps?","{'neg': 0.057, 'neu': 0.943, 'pos': 0.0, 'compound': -0.1761}",-0.1761,neutral
1o535sv,applemaps,comment,1760309144.0,2025-10-12 17:45:44,https://www.reddit.com/r/applemaps/comments/1o535sv/does_apple_maps_not_allow_you_to_navigate_in/,,,no. you can only navigate in the illustrated view. i would assume this is the reduce distractions and confusion while driving.,other,navigation_routing_traffic,no. you can only navigate in the illustrated view. i would assume this is the reduce distractions and confusion while driving.,"{'neg': 0.274, 'neu': 0.726, 'pos': 0.0, 'compound': -0.6597}",-0.6597,negative
1o535sv,applemaps,comment,1760309144.0,2025-10-12 17:45:44,https://www.reddit.com/r/applemaps/comments/1o535sv/does_apple_maps_not_allow_you_to_navigate_in/,,,[sidecar]( uses apple maps as the base layer/ui with satelittle view in 3d! give it a try :),other,ui_ux_carplay,[sidecar]( uses apple maps as the base layer/ui with satelittle view in 3d! give it a try :),"{'neg': 0.0, 'neu': 0.829, 'pos': 0.171, 'compound': 0.5093}",0.5093,positive
1o535sv,applemaps,comment,1760309144.0,2025-10-12 17:45:44,https://www.reddit.com/r/applemaps/comments/1o535sv/does_apple_maps_not_allow_you_to_navigate_in/,,,sure you can. just choose “satellite” map type before you press the start button.,other,other,sure you can. just choose “satellite” map type before you press the start button.,"{'neg': 0.0, 'neu': 0.85, 'pos': 0.15, 'compound': 0.3182}",0.3182,positive
1o3kq64,applemaps,post,1760151642.0,2025-10-10 22:00:42,https://www.reddit.com/r/applemaps/comments/1o3kq64/flyover_no_longer_works_on_ios_12/,6.0,0.0,flyover no longer works on ios 12 recently found my old iphone 6 plus running ios 12. had a blast playing around seeing how far apple maps evolved over the years. the flyover feature worked without a hitch initially but over the past week i started seeing flyover no longer work. when i switch to flyover i just see black & white meshes instead of 3d buildings. satellite still works. is this happening to anyone on an older device?,other,ui_ux_carplay,flyover no longer works on ios 12 recently found my old iphone 6 plus running ios 12. had a blast playing around seeing how far apple maps evolved over the years. the flyover feature worked without a hitch initially but over the past week i started seeing flyover no longer work. when i switch to flyover i just see black & white meshes instead of 3d buildings. satellite still works. is this happening to anyone on an older device?,"{'neg': 0.059, 'neu': 0.922, 'pos': 0.019, 'compound': -0.4588}",-0.4588,negative
1o1tqgf,applemaps,post,1759974714.0,2025-10-08 20:51:54,https://www.reddit.com/r/applemaps/comments/1o1tqgf/what_are_these_flags_on_apple_maps/,104.0,33.0,what are these flags on apple maps?,other,performance_reliability,what are these flags on apple maps?,"{'neg': 0.0, 'neu': 1.0, 'pos': 0.0, 'compound': 0.0}",0.0,neutral
1o1tqgf,applemaps,comment,1759974714.0,2025-10-08 20:51:54,https://www.reddit.com/r/applemaps/comments/1o1tqgf/what_are_these_flags_on_apple_maps/,,,"zoom in, they literally tell you.",other,other,"zoom in, they literally tell you.","{'neg': 0.0, 'neu': 1.0, 'pos': 0.0, 'compound': 0.0}",0.0,neutral
1o1tqgf,applemaps,comment,1759974714.0,2025-10-08 20:51:54,https://www.reddit.com/r/applemaps/comments/1o1tqgf/what_are_these_flags_on_apple_maps/,,,it’s the unique shield for that roadway. [,other,other,it’s the unique shield for that roadway. [,"{'neg': 0.0, 'neu': 1.0, 'pos': 0.0, 'compound': 0.0}",0.0,neutral
1o1tqgf,applemaps,comment,1759974714.0,2025-10-08 20:51:54,https://www.reddit.com/r/applemaps/comments/1o1tqgf/what_are_these_flags_on_apple_maps/,,,screenshot-zoom in,other,ui_ux_carplay,screenshot-zoom in,"{'neg': 0.0, 'neu': 1.0, 'pos': 0.0, 'compound': 0.0}",0.0,neutral
1o1tqgf,applemaps,comment,1759974714.0,2025-10-08 20:51:54,https://www.reddit.com/r/applemaps/comments/1o1tqgf/what_are_these_flags_on_apple_maps/,,,that’s the atlantic city expressway,other,other,that’s the atlantic city expressway,"{'neg': 0.0, 'neu': 1.0, 'pos': 0.0, 'compound': 0.0}",0.0,neutral
1o1tqgf,applemaps,comment,1759974714.0,2025-10-08 20:51:54,https://www.reddit.com/r/applemaps/comments/1o1tqgf/what_are_these_flags_on_apple_maps/,,,every few days i see the same posts here asking what do the road markings mean lol.. 🤦‍♂️,other,other,every few days i see the same posts here asking what do the road markings mean lol.. 🤦‍♂️,"{'neg': 0.0, 'neu': 1.0, 'pos': 0.0, 'compound': 0.0}",0.0,neutral
1o1tqgf,applemaps,comment,1759974714.0,2025-10-08 20:51:54,https://www.reddit.com/r/applemaps/comments/1o1tqgf/what_are_these_flags_on_apple_maps/,,,learn how to read maybe,other,other,learn how to read maybe,"{'neg': 0.0, 'neu': 1.0, 'pos': 0.0, 'compound': 0.0}",0.0,neutral
1o1tqgf,applemaps,comment,1759974714.0,2025-10-08 20:51:54,https://www.reddit.com/r/applemaps/comments/1o1tqgf/what_are_these_flags_on_apple_maps/,,,city/state highway logo.,other,other,city/state highway logo.,"{'neg': 0.0, 'neu': 1.0, 'pos': 0.0, 'compound': 0.0}",0.0,neutral
1o1tqgf,applemaps,comment,1759974714.0,2025-10-08 20:51:54,https://www.reddit.com/r/applemaps/comments/1o1tqgf/what_are_these_flags_on_apple_maps/,,,the logo of the atlantic city expressway.,other,other,the logo of the atlantic city expressway.,"{'neg': 0.0, 'neu': 1.0, 'pos': 0.0, 'compound': 0.0}",0.0,neutral
1o1tqgf,applemaps,comment,1759974714.0,2025-10-08 20:51:54,https://www.reddit.com/r/applemaps/comments/1o1tqgf/what_are_these_flags_on_apple_maps/,,,…the atlantic city express way? it says it.,other,other,...the atlantic city express way? it says it.,"{'neg': 0.0, 'neu': 1.0, 'pos': 0.0, 'compound': 0.0}",0.0,neutral
1o1tqgf,applemaps,comment,1759974714.0,2025-10-08 20:51:54,https://www.reddit.com/r/applemaps/comments/1o1tqgf/what_are_these_flags_on_apple_maps/,,,atlantic city expressway,other,other,atlantic city expressway,"{'neg': 0.0, 'neu': 1.0, 'pos': 0.0, 'compound': 0.0}",0.0,neutral
1o1tqgf,applemaps,comment,1759974714.0,2025-10-08 20:51:54,https://www.reddit.com/r/applemaps/comments/1o1tqgf/what_are_these_flags_on_apple_maps/,,,"same as the highway 30 and 54 in the screenshot, except this highway has a unique badge/logo",experience_complaint,ui_ux_carplay,"same as the highway 30 and 54 in the screenshot, except this highway has a unique badge/logo","{'neg': 0.0, 'neu': 1.0, 'pos': 0.0, 'compound': 0.0}",0.0,neutral
1o1tqgf,applemaps,comment,1759974714.0,2025-10-08 20:51:54,https://www.reddit.com/r/applemaps/comments/1o1tqgf/what_are_these_flags_on_apple_maps/,,,atlantic city expressway,other,other,atlantic city expressway,"{'neg': 0.0, 'neu': 1.0, 'pos': 0.0, 'compound': 0.0}",0.0,neutral
1o1tqgf,applemaps,comment,1759974714.0,2025-10-08 20:51:54,https://www.reddit.com/r/applemaps/comments/1o1tqgf/what_are_these_flags_on_apple_maps/,,,we need to ban these type of posts.,other,other,we need to ban these type of posts.,"{'neg': 0.34, 'neu': 0.66, 'pos': 0.0, 'compound': -0.5574}",-0.5574,negative
1o1tqgf,applemaps,comment,1759974714.0,2025-10-08 20:51:54,https://www.reddit.com/r/applemaps/comments/1o1tqgf/what_are_these_flags_on_apple_maps/,,,it’s the logo for the ac expressway. apple maps shows the same thing for the turnpike. the actual logo for the road if you want to call it a logo.,other,other,it’s the logo for the ac expressway. apple maps shows the same thing for the turnpike. the actual logo for the road if you want to call it a logo.,"{'neg': 0.0, 'neu': 0.956, 'pos': 0.044, 'compound': 0.0772}",0.0772,neutral
1o1tqgf,applemaps,comment,1759974714.0,2025-10-08 20:51:54,https://www.reddit.com/r/applemaps/comments/1o1tqgf/what_are_these_flags_on_apple_maps/,,,that’s the symbol for the ac expressway. hello fellow nj resident 👋,other,other,that’s the symbol for the ac expressway. hello fellow nj resident 👋,"{'neg': 0.0, 'neu': 1.0, 'pos': 0.0, 'compound': 0.0}",0.0,neutral
1o1tqgf,applemaps,comment,1759974714.0,2025-10-08 20:51:54,https://www.reddit.com/r/applemaps/comments/1o1tqgf/what_are_these_flags_on_apple_maps/,,,"it's the road name, which apparently was an emblem.",other,other,"it's the road name, which apparently was an emblem.","{'neg': 0.0, 'neu': 1.0, 'pos': 0.0, 'compound': 0.0}",0.0,neutral
1o1tqgf,applemaps,comment,1759974714.0,2025-10-08 20:51:54,https://www.reddit.com/r/applemaps/comments/1o1tqgf/what_are_these_flags_on_apple_maps/,,,the atlantic city expressway,other,other,the atlantic city expressway,"{'neg': 0.0, 'neu': 1.0, 'pos': 0.0, 'compound': 0.0}",0.0,neutral
1o1tqgf,applemaps,comment,1759974714.0,2025-10-08 20:51:54,https://www.reddit.com/r/applemaps/comments/1o1tqgf/what_are_these_flags_on_apple_maps/,,,that’s the highway shield (marker) for the atlantic city expressway.,other,other,that’s the highway shield (marker) for the atlantic city expressway.,"{'neg': 0.0, 'neu': 1.0, 'pos': 0.0, 'compound': 0.0}",0.0,neutral
1o1tqgf,applemaps,comment,1759974714.0,2025-10-08 20:51:54,https://www.reddit.com/r/applemaps/comments/1o1tqgf/what_are_these_flags_on_apple_maps/,,,just read,other,other,just read,"{'neg': 0.0, 'neu': 1.0, 'pos': 0.0, 'compound': 0.0}",0.0,neutral
1o1tqgf,applemaps,comment,1759974714.0,2025-10-08 20:51:54,https://www.reddit.com/r/applemaps/comments/1o1tqgf/what_are_these_flags_on_apple_maps/,,,false flags,other,performance_reliability,false flags,"{'neg': 0.0, 'neu': 1.0, 'pos': 0.0, 'compound': 0.0}",0.0,neutral
1o1tqgf,applemaps,comment,1759974714.0,2025-10-08 20:51:54,https://www.reddit.com/r/applemaps/comments/1o1tqgf/what_are_these_flags_on_apple_maps/,,,i thought it was rangers fc logo lol,other,other,i thought it was rangers fc logo lol,"{'neg': 0.0, 'neu': 0.682, 'pos': 0.318, 'compound': 0.4215}",0.4215,positive
1o1tqgf,applemaps,comment,1759974714.0,2025-10-08 20:51:54,https://www.reddit.com/r/applemaps/comments/1o1tqgf/what_are_these_flags_on_apple_maps/,,,they just label the pike,other,other,they just label the pike,"{'neg': 0.0, 'neu': 1.0, 'pos': 0.0, 'compound': 0.0}",0.0,neutral
1o0kxzu,applemaps,post,1759857416.0,2025-10-07 12:16:56,https://www.reddit.com/r/applemaps/comments/1o0kxzu/fixing_the_most_annoying_apple_maps_bug_phantom/,9.0,1.0,"fixing the most annoying apple maps bug — phantom home locations this is a well documented bug elsewhere, so i won’t rehash it here. [here]( is one example out of many. a web search for the words “apple maps old home address” will show this is a pretty widespread issue and has been for multiple years. i have tried every single solution i could find on reddit or apple support and none of them worked. i even had an hour long conversation with an apple support technician, who was very nice, but was ultimately unable to help me. by sherlock, i stumbled into something that i think fixed it and since i have not seen this solution posted anywhere on the internet i thought i would share: # the solution: the crucial piece that all of the published solutions i could find was missing is turning off icloud maps syncing. you have to do this in addition to all the other solutions that you may have found that don’t actually work. make sure you have completely cleaned up your apple devices list by deleting them off of find my. this was part of my earlier unsuccessful attempts, but i believe it is necessary because it’s an icloud problem. i had previously had an old ipad and an old macbook air on there that i no longer use. that left me with just my iphone and my macbook pro. on the macbook pro, i just disabled icloud maps syncing and that fixed it for the macbook pro. no clue why all the other much more involved “solutions” didn’t do it but this did. on the iphone, it required a little more work. i turned off icloud maps syncing, cleared and disabled, significant locations & routes, reset locations & privacy, reset network settings (i suspect this may have been unnecessary, but i was getting desperate and whacking every possible option that i could try), uninstalled apple maps, turned off my phone, turned my phone back on, reinstalled apple maps. **note that after a few seconds to a minute, reinstalling apple maps will automatically turn on icloud apple maps syncing. turn this off again before opening apple maps.** now open apple maps and it doesn’t show my old home address that i have not lived in for five years. note that this was after trying literally everything i could find on the internet, including: deleting my contact card and creating a new one that didn’t have any addresses on it at all, removing every single email from my email inbox that had my old address so that siri wouldn’t find it, completely disabling siri suggestions, factory resetting the phone… everything i could find. hopefully this solution helps someone else out who is going similarly insane.",policy_discussion,policy_strategy,"fixing the most annoying apple maps bug — phantom home locations this is a well documented bug elsewhere, so i won’t rehash it here. [here]( is one example out of many. a web search for the words “apple maps old home address” will show this is a pretty widespread issue and has been for multiple years. i have tried every single solution i could find on reddit or apple support and none of them worked. i even had an hour long conversation with an apple support technician, who was very nice, but was ultimately unable to help me. by sherlock, i stumbled into something that i think fixed it and since i have not seen this solution posted anywhere on the internet i thought i would share: # the solution: the crucial piece that all of the published solutions i could find was missing is turning off icloud maps syncing. you have to do this in addition to all the other solutions that you may have found that don’t actually work. make sure you have completely cleaned up your apple devices list by deleting them off of find my. this was part of my earlier unsuccessful attempts, but i believe it is necessary because it’s an icloud problem. i had previously had an old ipad and an old macbook air on there that i no longer use. that left me with just my iphone and my macbook pro. on the macbook pro, i just disabled icloud maps syncing and that fixed it for the macbook pro. no clue why all the other much more involved “solutions” didn’t do it but this did. on the iphone, it required a little more work. i turned off icloud maps syncing, cleared and disabled, significant locations & routes, reset locations & privacy, reset network settings (i suspect this may have been unnecessary, but i was getting desperate and whacking every possible option that i could try), uninstalled apple maps, turned off my phone, turned my phone back on, reinstalled apple maps. **note that after a few seconds to a minute, reinstalling apple maps will automatically turn on icloud apple maps syncing. turn this off again before opening apple maps.** now open apple maps and it doesn’t show my old home address that i have not lived in for five years. note that this was after trying literally everything i could find on the internet, including: deleting my contact card and creating a new one that didn’t have any addresses on it at all, removing every single email from my email inbox that had my old address so that siri wouldn’t find it, completely disabling siri suggestions, factory resetting the phone... everything i could find. hopefully this solution helps someone else out who is going similarly insane.","{'neg': 0.065, 'neu': 0.838, 'pos': 0.098, 'compound': 0.8677}",0.8677,positive
1o0kxzu,applemaps,comment,1759857416.0,2025-10-07 12:16:56,https://www.reddit.com/r/applemaps/comments/1o0kxzu/fixing_the_most_annoying_apple_maps_bug_phantom/,,,"hi i have the same problem here so after deleting my devices, when can i activate find my",experience_complaint,other,"hi i have the same problem here so after deleting my devices, when can i activate find my","{'neg': 0.153, 'neu': 0.847, 'pos': 0.0, 'compound': -0.4019}",-0.4019,negative
1nzlei9,applemaps,post,1759762732.0,2025-10-06 09:58:52,https://www.reddit.com/r/applemaps/comments/1nzlei9/apple_maps_view/,575.0,36.0,apple maps view? how do i get this view on apple maps? i use apple maps everyday and have never once had this view.,other,other,apple maps view? how do i get this view on apple maps? i use apple maps everyday and have never once had this view.,"{'neg': 0.0, 'neu': 1.0, 'pos': 0.0, 'compound': 0.0}",0.0,neutral
1nzlei9,applemaps,comment,1759762732.0,2025-10-06 09:58:52,https://www.reddit.com/r/applemaps/comments/1nzlei9/apple_maps_view/,,,it is part of apple maps dce - detailed city experience. it’s not available everywhere.,other,navigation_routing_traffic,it is part of apple maps dce - detailed city experience. it’s not available everywhere.,"{'neg': 0.0, 'neu': 1.0, 'pos': 0.0, 'compound': 0.0}",0.0,neutral
1nzlei9,applemaps,comment,1759762732.0,2025-10-06 09:58:52,https://www.reddit.com/r/applemaps/comments/1nzlei9/apple_maps_view/,,,"you have to be in one of these cities... australia – melbourne, sydney canada – montreal, toronto, vancouver denmark – copenhagen france – paris germany – berlin, hamburg, munich monaco – monaco netherlands – amsterdam portugal – lisbon singapore – singapore spain – barcelona, madrid sweden – stockholm united kingdom – london united states – atlanta, boston, chicago, dallas, houston, las vegas, los angeles, miami, new orleans, new york, philadelphia, san diego, san francisco, seattle, washington d.c.",other,other,"you have to be in one of these cities... australia – melbourne, sydney canada – montreal, toronto, vancouver denmark – copenhagen france – paris germany – berlin, hamburg, munich monaco – monaco netherlands – amsterdam portugal – lisbon singapore – singapore spain – barcelona, madrid sweden – stockholm united kingdom – london united states – atlanta, boston, chicago, dallas, houston, las vegas, los angeles, miami, new orleans, new york, philadelphia, san diego, san francisco, seattle, washington d.c.","{'neg': 0.0, 'neu': 0.917, 'pos': 0.083, 'compound': 0.6808}",0.6808,positive
1nzlei9,applemaps,comment,1759762732.0,2025-10-06 09:58:52,https://www.reddit.com/r/applemaps/comments/1nzlei9/apple_maps_view/,,,you need to be in one of the [dce areas](,other,other,you need to be in one of the [dce areas](,"{'neg': 0.0, 'neu': 1.0, 'pos': 0.0, 'compound': 0.0}",0.0,neutral
1nzlei9,applemaps,comment,1759762732.0,2025-10-06 09:58:52,https://www.reddit.com/r/applemaps/comments/1nzlei9/apple_maps_view/,,,move to a large expensive city,other,other,move to a large expensive city,"{'neg': 0.0, 'neu': 1.0, 'pos': 0.0, 'compound': 0.0}",0.0,neutral
1nzlei9,applemaps,comment,1759762732.0,2025-10-06 09:58:52,https://www.reddit.com/r/applemaps/comments/1nzlei9/apple_maps_view/,,,android phone? lol,other,other,android phone? lol,"{'neg': 0.0, 'neu': 0.417, 'pos': 0.583, 'compound': 0.4215}",0.4215,positive
1nzlei9,applemaps,comment,1759762732.0,2025-10-06 09:58:52,https://www.reddit.com/r/applemaps/comments/1nzlei9/apple_maps_view/,,,"if 1 bed apartments in the downtown of your city start at $2500, congrats you’re in an area that apple maps does this",other,other,"if 1 bed apartments in the downtown of your city start at $2500, congrats you’re in an area that apple maps does this","{'neg': 0.0, 'neu': 0.861, 'pos': 0.139, 'compound': 0.5267}",0.5267,positive
1nzlei9,applemaps,comment,1759762732.0,2025-10-06 09:58:52,https://www.reddit.com/r/applemaps/comments/1nzlei9/apple_maps_view/,,,"probably a long shot, but how difficult is it to provide this experience? apple maps has been out for awhile and u know it’s only been a decent app in recent years, but how long to implement in more places?",other,search_poi_data,"probably a long shot, but how difficult is it to provide this experience? apple maps has been out for awhile and u know it’s only been a decent app in recent years, but how long to implement in more places?","{'neg': 0.091, 'neu': 0.909, 'pos': 0.0, 'compound': -0.5588}",-0.5588,negative
1nzlei9,applemaps,comment,1759762732.0,2025-10-06 09:58:52,https://www.reddit.com/r/applemaps/comments/1nzlei9/apple_maps_view/,,,"oh wow, where i frequent in new jersey (i guess because they’re considered suburbs of nyc?) i’ve been getting this view in many places.",other,search_poi_data,"oh wow, where i frequent in new jersey (i guess because they’re considered suburbs of nyc?) i’ve been getting this view in many places.","{'neg': 0.0, 'neu': 0.853, 'pos': 0.147, 'compound': 0.5859}",0.5859,positive
1nzlei9,applemaps,comment,1759762732.0,2025-10-06 09:58:52,https://www.reddit.com/r/applemaps/comments/1nzlei9/apple_maps_view/,,,is that the rumoured iphone 18,other,other,is that the rumoured iphone 18,"{'neg': 0.0, 'neu': 1.0, 'pos': 0.0, 'compound': 0.0}",0.0,neutral
1nzlei9,applemaps,comment,1759762732.0,2025-10-06 09:58:52,https://www.reddit.com/r/applemaps/comments/1nzlei9/apple_maps_view/,,,"sorry, ignoring the maps, but what iphone is that?",other,other,"sorry, ignoring the maps, but what iphone is that?","{'neg': 0.3, 'neu': 0.7, 'pos': 0.0, 'compound': -0.25}",-0.25,negative
1nzlei9,applemaps,comment,1759762732.0,2025-10-06 09:58:52,https://www.reddit.com/r/applemaps/comments/1nzlei9/apple_maps_view/,,,i see this everyday lol. didn’t realize it was special,other,other,i see this everyday lol. didn’t realize it was special,"{'neg': 0.0, 'neu': 0.56, 'pos': 0.44, 'compound': 0.6705}",0.6705,positive
1nzlei9,applemaps,comment,1759762732.0,2025-10-06 09:58:52,https://www.reddit.com/r/applemaps/comments/1nzlei9/apple_maps_view/,,,get this on the m1 in london.,other,other,get this on the m1 in london.,"{'neg': 0.0, 'neu': 1.0, 'pos': 0.0, 'compound': 0.0}",0.0,neutral
1nzlei9,applemaps,comment,1759762732.0,2025-10-06 09:58:52,https://www.reddit.com/r/applemaps/comments/1nzlei9/apple_maps_view/,,,can confirm i see this in vancouver bc,other,other,can confirm i see this in vancouver bc,"{'neg': 0.0, 'neu': 1.0, 'pos': 0.0, 'compound': 0.0}",0.0,neutral
1nzlei9,applemaps,comment,1759762732.0,2025-10-06 09:58:52,https://www.reddit.com/r/applemaps/comments/1nzlei9/apple_maps_view/,,,l'italia non è considerata da apple --- ovvio che molti usino waze! anche le info sul percorso sono spesso errate,comparison_discussion,other,l'italia non è considerata da apple --- ovvio che molti usino waze! anche le info sul percorso sono spesso errate,"{'neg': 0.0, 'neu': 1.0, 'pos': 0.0, 'compound': 0.0}",0.0,neutral
1nzlei9,applemaps,comment,1759762732.0,2025-10-06 09:58:52,https://www.reddit.com/r/applemaps/comments/1nzlei9/apple_maps_view/,,,just use waze! i have been surprised how amazing the app is after using it for the first time during my trip in dubai.,comparison_discussion,other,just use waze! i have been surprised how amazing the app is after using it for the first time during my trip in dubai.,"{'neg': 0.0, 'neu': 0.778, 'pos': 0.222, 'compound': 0.7177}",0.7177,positive
1nzlei9,applemaps,comment,1759762732.0,2025-10-06 09:58:52,https://www.reddit.com/r/applemaps/comments/1nzlei9/apple_maps_view/,,,it’s just an animation not really useful,other,other,it’s just an animation not really useful,"{'neg': 0.304, 'neu': 0.696, 'pos': 0.0, 'compound': -0.3865}",-0.3865,negative
1nzle5t,applemaps,post,1759762710.0,2025-10-06 09:58:30,https://www.reddit.com/r/applemaps/comments/1nzle5t/how_to_fix_this_incorrect_directions/,21.0,3.0,how to fix this? incorrect directions i always drive a certain route home from work but for whatever reason apple maps can’t calculate it properly. it tries to get me to go down houlton way and then do a u turn. i know the route so it’s not the end of the world but is there any way i can correct this or somehow reset it perhaps? it’s a fairly newly-built area so maybe that’s the issue.,experience_complaint,ui_ux_carplay,how to fix this? incorrect directions i always drive a certain route home from work but for whatever reason apple maps can’t calculate it properly. it tries to get me to go down houlton way and then do a u turn. i know the route so it’s not the end of the world but is there any way i can correct this or somehow reset it perhaps? it’s a fairly newly-built area so maybe that’s the issue.,"{'neg': 0.0, 'neu': 0.973, 'pos': 0.027, 'compound': 0.2287}",0.2287,positive
1nzle5t,applemaps,comment,1759762710.0,2025-10-06 09:58:30,https://www.reddit.com/r/applemaps/comments/1nzle5t/how_to_fix_this_incorrect_directions/,,,you can report incorrect directions - tap on your profile photo in the maps app > reports > report new issue > report route issue i’ve reported before and they’ve changed directions based on my reports.,experience_complaint,navigation_routing_traffic,you can report incorrect directions - tap on your profile photo in the maps app > reports > report new issue > report route issue i’ve reported before and they’ve changed directions based on my reports.,"{'neg': 0.0, 'neu': 1.0, 'pos': 0.0, 'compound': 0.0}",0.0,neutral
1nz9ach,applemaps,post,1759723822.0,2025-10-05 23:10:22,https://www.reddit.com/r/applemaps/comments/1nz9ach/expressways_toggle_please/,17.0,10.0,"expressways toggle please please, apple, allow me to toggle expressways on and off. i do not care to pay extra money to use the highway premium lanes. i don’t want to avoid the highway completely, and i don’t care about paying regular tolls, but i don’t want to drive one lane over for an extra $15. where i live, there are highway entrances that are expressway only, and apple maps refuses to route me to a non-expressway highway entrance. today it routed me past a regular entrance to get on an expressway entrance. please give me a toggle.",other,navigation_routing_traffic,"expressways toggle please please, apple, allow me to toggle expressways on and off. i do not care to pay extra money to use the highway premium lanes. i don’t want to avoid the highway completely, and i don’t care about paying regular tolls, but i don’t want to drive one lane over for an extra $15. where i live, there are highway entrances that are expressway only, and apple maps refuses to route me to a non-expressway highway entrance. today it routed me past a regular entrance to get on an expressway entrance. please give me a toggle.","{'neg': 0.054, 'neu': 0.828, 'pos': 0.118, 'compound': 0.4973}",0.4973,positive
1nz9ach,applemaps,comment,1759723822.0,2025-10-05 23:10:22,https://www.reddit.com/r/applemaps/comments/1nz9ach/expressways_toggle_please/,,,this seems very specific to certain regions or cities. might be worth giving feedback to them about it.,other,other,this seems very specific to certain regions or cities. might be worth giving feedback to them about it.,"{'neg': 0.0, 'neu': 0.692, 'pos': 0.308, 'compound': 0.6872}",0.6872,positive
1nz9ach,applemaps,comment,1759723822.0,2025-10-05 23:10:22,https://www.reddit.com/r/applemaps/comments/1nz9ach/expressways_toggle_please/,,,"toll granularity is something most map apps (including apple) will struggle with — for instance, where i live (nyc), it often makes sense to pay *some* tolls but not all the tolls — ways to get someplace can look like this: route a: no tolls, 2 hours and 20 minutes route b: $21 in tolls, 1 hour and 21 minutes route c: $7 in tolls, 1 hour and 30 minutes now most map apps won’t be able to show you route c given the binary of tolls/no tolls, while any human decision-making process will probably opt for route c given that $7 nets you 50 minutes in savings but you’re saved having to pay an additional $14 for a meager 9 more minutes saved",experience_praise,navigation_routing_traffic,"toll granularity is something most map apps (including apple) will struggle with — for instance, where i live (nyc), it often makes sense to pay *some* tolls but not all the tolls — ways to get someplace can look like this: route a: no tolls, 2 hours and 20 minutes route b: $21 in tolls, 1 hour and 21 minutes route c: $7 in tolls, 1 hour and 30 minutes now most map apps won’t be able to show you route c given the binary of tolls/no tolls, while any human decision-making process will probably opt for route c given that $7 nets you 50 minutes in savings but you’re saved having to pay an additional $14 for a meager 9 more minutes saved","{'neg': 0.058, 'neu': 0.857, 'pos': 0.085, 'compound': 0.7506}",0.7506,positive
1nz9ach,applemaps,comment,1759723822.0,2025-10-05 23:10:22,https://www.reddit.com/r/applemaps/comments/1nz9ach/expressways_toggle_please/,,,"op’s question is a good example how much, as a society, we have come to depend on technologies that still have a lot of maturing to do. it’s not just apple maps, it’s literally every map app available. in some parts of the country, tolls are prolific and largely unavoidable (i’m looking at you nyc). none of the apps i’ve tried can show multiple routes with accurate toll rates for a given choice. i also find that regardless of the map app in use, i’m often directed to use a route that takes longer and is more circuitous than a route i know and have used before. i will check traffic and often ignore the gps directions, saving myself time and fuel in the process.",experience_praise,ui_ux_carplay,"op’s question is a good example how much, as a society, we have come to depend on technologies that still have a lot of maturing to do. it’s not just apple maps, it’s literally every map app available. in some parts of the country, tolls are prolific and largely unavoidable (i’m looking at you nyc). none of the apps i’ve tried can show multiple routes with accurate toll rates for a given choice. i also find that regardless of the map app in use, i’m often directed to use a route that takes longer and is more circuitous than a route i know and have used before. i will check traffic and often ignore the gps directions, saving myself time and fuel in the process.","{'neg': 0.021, 'neu': 0.955, 'pos': 0.024, 'compound': 0.1027}",0.1027,neutral
1nz9ach,applemaps,comment,1759723822.0,2025-10-05 23:10:22,https://www.reddit.com/r/applemaps/comments/1nz9ach/expressways_toggle_please/,,,it does?,other,other,it does?,"{'neg': 0.0, 'neu': 1.0, 'pos': 0.0, 'compound': 0.0}",0.0,neutral
1nz9ach,applemaps,comment,1759723822.0,2025-10-05 23:10:22,https://www.reddit.com/r/applemaps/comments/1nz9ach/expressways_toggle_please/,,,why not “avoid tolls” button that does exist??,other,navigation_routing_traffic,why not “avoid tolls” button that does exist??,"{'neg': 0.0, 'neu': 1.0, 'pos': 0.0, 'compound': 0.0}",0.0,neutral
1nyxgxe,applemaps,post,1759692277.0,2025-10-05 14:24:37,https://www.reddit.com/r/applemaps/comments/1nyxgxe/seoul/,7.0,3.0,seoul tried to look up a number of bar and restaurants in seoul and apple maps didn’t have them identified. i found them all on google maps. why is apple maps so bad in seoul?,comparison_discussion,other,seoul tried to look up a number of bar and restaurants in seoul and apple maps didn’t have them identified. i found them all on google maps. why is apple maps so bad in seoul?,"{'neg': 0.122, 'neu': 0.843, 'pos': 0.035, 'compound': -0.6359}",-0.6359,negative
1nyxgxe,applemaps,comment,1759692277.0,2025-10-05 14:24:37,https://www.reddit.com/r/applemaps/comments/1nyxgxe/seoul/,,,"because people don’t use it there, google is also bad there, for korea it’s only naver maps or kakao map, any other always lack places and features, but apple maps is trying to improve there, they even copied that michelin stars in places from them then i recommend naver, the live cameras feature is also very useful",experience_complaint,search_poi_data,"because people don’t use it there, google is also bad there, for korea it’s only naver maps or kakao map, any other always lack places and features, but apple maps is trying to improve there, they even copied that michelin stars in places from them then i recommend naver, the live cameras feature is also very useful","{'neg': 0.059, 'neu': 0.769, 'pos': 0.172, 'compound': 0.8587}",0.8587,positive
1nyxgxe,applemaps,comment,1759692277.0,2025-10-05 14:24:37,https://www.reddit.com/r/applemaps/comments/1nyxgxe/seoul/,,,"+1 on naver maps. google will give you the transit directions for the subway but can’t give you the walking directions to get from the station to your hotel. and yeah i don’t think apple maps was any better when i was in korea. heck, naver maps will even tell you which door to stand at for getting on the subway, it’s pretty dang granular.",other,navigation_routing_traffic,"+1 on naver maps. google will give you the transit directions for the subway but can’t give you the walking directions to get from the station to your hotel. and yeah i don’t think apple maps was any better when i was in korea. heck, naver maps will even tell you which door to stand at for getting on the subway, it’s pretty dang granular.","{'neg': 0.0, 'neu': 0.846, 'pos': 0.154, 'compound': 0.899}",0.899,positive
1nyxgxe,applemaps,comment,1759692277.0,2025-10-05 14:24:37,https://www.reddit.com/r/applemaps/comments/1nyxgxe/seoul/,,,"korea is not keen on letting maps data leave the country, probably because of their northern neighbor. that makes it hard for google and apple, who i guess don't have a lot of resources in korea, to make their map data there any good.",other,other,"korea is not keen on letting maps data leave the country, probably because of their northern neighbor. that makes it hard for google and apple, who i guess don't have a lot of resources in korea, to make their map data there any good.","{'neg': 0.103, 'neu': 0.833, 'pos': 0.064, 'compound': 0.049}",0.049,neutral
1ny1tgl,applemaps,post,1759603088.0,2025-10-04 13:38:08,https://www.reddit.com/r/applemaps/comments/1ny1tgl/apple_maps_and_iphone_13/,1.0,9.0,"apple maps and iphone 13 hello. i use apple maps on my iphone 13. when using walking navigation, it sometimes detects my location incorrectly, and i have to walk 30–40 meters before it corrects itself. do you think this problem is related to my phone or to apple maps? has anyone else experienced the same issue?",experience_complaint,navigation_routing_traffic,"apple maps and iphone 13 hello. i use apple maps on my iphone 13. when using walking navigation, it sometimes detects my location incorrectly, and i have to walk 30–40 meters before it corrects itself. do you think this problem is related to my phone or to apple maps? has anyone else experienced the same issue?","{'neg': 0.062, 'neu': 0.938, 'pos': 0.0, 'compound': -0.54}",-0.54,negative
1ny1tgl,applemaps,comment,1759603088.0,2025-10-04 13:38:08,https://www.reddit.com/r/applemaps/comments/1ny1tgl/apple_maps_and_iphone_13/,,,often indicates an issue with the gps module (hardware),experience_complaint,performance_reliability,often indicates an issue with the gps module (hardware),"{'neg': 0.0, 'neu': 1.0, 'pos': 0.0, 'compound': 0.0}",0.0,neutral
1ny1tgl,applemaps,comment,1759603088.0,2025-10-04 13:38:08,https://www.reddit.com/r/applemaps/comments/1ny1tgl/apple_maps_and_iphone_13/,,,try another maps app. if it persists then it's likely a gps issue.,bug_report,performance_reliability,try another maps app. if it persists then it's likely a gps issue.,"{'neg': 0.0, 'neu': 1.0, 'pos': 0.0, 'compound': 0.0}",0.0,neutral
1ny1tgl,applemaps,comment,1759603088.0,2025-10-04 13:38:08,https://www.reddit.com/r/applemaps/comments/1ny1tgl/apple_maps_and_iphone_13/,,,i’m iphone 13 user. only had some slow gps problems when i deliberately turned wifi off,experience_complaint,performance_reliability,i’m iphone 13 user. only had some slow gps problems when i deliberately turned wifi off,"{'neg': 0.162, 'neu': 0.838, 'pos': 0.0, 'compound': -0.4019}",-0.4019,negative
1nxzrwx,applemaps,post,1759598340.0,2025-10-04 12:19:00,https://www.reddit.com/r/applemaps/comments/1nxzrwx/ev_preconditioning/,19.0,10.0,"ev preconditioning apple maps does a great job with ev route planning on the ford mustang mach-e, but there’s still a key feature missing compared to android auto. android auto not only plans ev routes, it also preconditions the battery before charging stops—something carplay does not currently support. this isn’t something ford (or other automakers) can fix—it’s up to apple. adding ev battery preconditioning would make carplay’s ev routing far more useful and competitive. if you agree this is an important feature, please upvote and help bring more visibility to apple so they prioritize adding it in future updates.",comparison_discussion,ui_ux_carplay,"ev preconditioning apple maps does a great job with ev route planning on the ford mustang mach-e, but there’s still a key feature missing compared to android auto. android auto not only plans ev routes, it also preconditions the battery before charging stops—something carplay does not currently support. this isn’t something ford (or other automakers) can fix—it’s up to apple. adding ev battery preconditioning would make carplay’s ev routing far more useful and competitive. if you agree this is an important feature, please upvote and help bring more visibility to apple so they prioritize adding it in future updates.","{'neg': 0.049, 'neu': 0.766, 'pos': 0.185, 'compound': 0.9387}",0.9387,positive
1nxzrwx,applemaps,comment,1759598340.0,2025-10-04 12:19:00,https://www.reddit.com/r/applemaps/comments/1nxzrwx/ev_preconditioning/,,,have you submitted a feedback report?,other,other,have you submitted a feedback report?,"{'neg': 0.0, 'neu': 1.0, 'pos': 0.0, 'compound': 0.0}",0.0,neutral
1nxzrwx,applemaps,comment,1759598340.0,2025-10-04 12:19:00,https://www.reddit.com/r/applemaps/comments/1nxzrwx/ev_preconditioning/,,,i’m surprised oems allow android auto to control a vehicle system like preconditioning but it sounds like a very useful feature!,experience_praise,other,i’m surprised oems allow android auto to control a vehicle system like preconditioning but it sounds like a very useful feature!,"{'neg': 0.0, 'neu': 0.529, 'pos': 0.471, 'compound': 0.8881}",0.8881,positive
1nxzrwx,applemaps,comment,1759598340.0,2025-10-04 12:19:00,https://www.reddit.com/r/applemaps/comments/1nxzrwx/ev_preconditioning/,,,"please submit a feedback report. if you’re on the official release, the feedback app is hidden but you can access it by navigating here in safari: applefeedback:// then tap open when prompted to “open this page in feedback”.",other,other,"please submit a feedback report. if you’re on the official release, the feedback app is hidden but you can access it by navigating here in safari: applefeedback:// then tap open when prompted to “open this page in feedback”.","{'neg': 0.0, 'neu': 0.956, 'pos': 0.044, 'compound': 0.1655}",0.1655,neutral
1nxzrwx,applemaps,comment,1759598340.0,2025-10-04 12:19:00,https://www.reddit.com/r/applemaps/comments/1nxzrwx/ev_preconditioning/,,,"this isn’t true…. google maps only does this when integrated as part of the vehicle system like it is on some ford cars. this does not work through android auto nor carplay. it could work through carplay ultra. again…it only works with systems fully integrated with the car’s system…not through a maps app. if ford adds carplay ultra, then yes, apple maps ev routing would or could include preconditioning as it is part of the car’s system and not an add-on.",comparison_discussion,ui_ux_carplay,"this isn’t true.... google maps only does this when integrated as part of the vehicle system like it is on some ford cars. this does not work through android auto nor carplay. it could work through carplay ultra. again...it only works with systems fully integrated with the car’s system...not through a maps app. if ford adds carplay ultra, then yes, apple maps ev routing would or could include preconditioning as it is part of the car’s system and not an add-on.","{'neg': 0.0, 'neu': 0.938, 'pos': 0.062, 'compound': 0.6369}",0.6369,positive
1nwrufi,applemaps,post,1759473747.0,2025-10-03 01:42:27,https://www.reddit.com/r/applemaps/comments/1nwrufi/any_customisation_with_3d_view_when_navigating/,3.0,5.0,"any customisation with 3d view (when navigating) trying to make the switch from google maps / waze to apple maps as i quite like all the integration with my watch, ease of sharing eta, etc. however, the thing holding me back is - when i navigate (by car) and have the normal 3d view on, the perspective keeps swinging round from side to side as i go. by comparrison, google maps and waze keep the view right behind the arrow. is there anywhere i can turn of this panning effect, as it's giving me motion sickness and i find it takes a second to understand junctions as quick glance? i'm using via carplay too, if that makes any difference.",comparison_discussion,ui_ux_carplay,"any customisation with 3d view (when navigating) trying to make the switch from google maps / waze to apple maps as i quite like all the integration with my watch, ease of sharing eta, etc. however, the thing holding me back is - when i navigate (by car) and have the normal 3d view on, the perspective keeps swinging round from side to side as i go. by comparrison, google maps and waze keep the view right behind the arrow. is there anywhere i can turn of this panning effect, as it's giving me motion sickness and i find it takes a second to understand junctions as quick glance? i'm using via carplay too, if that makes any difference.","{'neg': 0.0, 'neu': 0.911, 'pos': 0.089, 'compound': 0.8588}",0.8588,positive
1nwrufi,applemaps,comment,1759473747.0,2025-10-03 01:42:27,https://www.reddit.com/r/applemaps/comments/1nwrufi/any_customisation_with_3d_view_when_navigating/,,,this is a common point of feedback. apple maps tries to frame the upcoming road or intersection and smoothly transfer between the views rather rotate around the current location as the center. it actually results in less motion sickness for most people because there isn’t as much motion overall. there is no way to customize this.,experience_praise,search_poi_data,this is a common point of feedback. apple maps tries to frame the upcoming road or intersection and smoothly transfer between the views rather rotate around the current location as the center. it actually results in less motion sickness for most people because there isn’t as much motion overall. there is no way to customize this.,"{'neg': 0.039, 'neu': 0.961, 'pos': 0.0, 'compound': -0.296}",-0.296,negative
1nwrufi,applemaps,comment,1759473747.0,2025-10-03 01:42:27,https://www.reddit.com/r/applemaps/comments/1nwrufi/any_customisation_with_3d_view_when_navigating/,,,you can’t change that at all. the camera will reposition itself as needed to keep as much of the road ahead in sight.,other,other,you can’t change that at all. the camera will reposition itself as needed to keep as much of the road ahead in sight.,"{'neg': 0.0, 'neu': 1.0, 'pos': 0.0, 'compound': 0.0}",0.0,neutral
1nwrufi,applemaps,comment,1759473747.0,2025-10-03 01:42:27,https://www.reddit.com/r/applemaps/comments/1nwrufi/any_customisation_with_3d_view_when_navigating/,,,"this is one of the reasons why i love apple maps, it’s way more smooth and comfortable to me compared to other apps with fixed views.",comparison_discussion,other,"this is one of the reasons why i love apple maps, it’s way more smooth and comfortable to me compared to other apps with fixed views.","{'neg': 0.0, 'neu': 0.748, 'pos': 0.252, 'compound': 0.83}",0.83,positive
1nwrufi,applemaps,comment,1759473747.0,2025-10-03 01:42:27,https://www.reddit.com/r/applemaps/comments/1nwrufi/any_customisation_with_3d_view_when_navigating/,,,this is the reason why i love apple maps. i get sick of all the other apps.,experience_praise,other,this is the reason why i love apple maps. i get sick of all the other apps.,"{'neg': 0.161, 'neu': 0.634, 'pos': 0.205, 'compound': 0.2263}",0.2263,positive
1nwrufi,applemaps,comment,1759473747.0,2025-10-03 01:42:27,https://www.reddit.com/r/applemaps/comments/1nwrufi/any_customisation_with_3d_view_when_navigating/,,,this is what i mean. why would i want the camera to pan round to this position? feels like i’m drifting.,experience_praise,other,this is what i mean. why would i want the camera to pan round to this position? feels like i’m drifting.,"{'neg': 0.0, 'neu': 0.817, 'pos': 0.183, 'compound': 0.4215}",0.4215,positive
1nuvx76,applemaps,post,1759284068.0,2025-09-30 21:01:08,https://www.reddit.com/r/applemaps/comments/1nuvx76/apple_maps_issue/,8.0,5.0,apple maps issue so does anyone happen to know why my apple maps is taking up so much storage? and does anyone know how i would fix this issue? is my maps downloading every place i ever drive to? i also offloaded the app but somehow the storage space is still being accounted for. if anyone can help pleaseee!!!!,experience_complaint,search_poi_data,apple maps issue so does anyone happen to know why my apple maps is taking up so much storage? and does anyone know how i would fix this issue? is my maps downloading every place i ever drive to? i also offloaded the app but somehow the storage space is still being accounted for. if anyone can help pleaseee!!!!,"{'neg': 0.0, 'neu': 0.913, 'pos': 0.087, 'compound': 0.7398}",0.7398,positive
1nuvx76,applemaps,comment,1759284068.0,2025-09-30 21:01:08,https://www.reddit.com/r/applemaps/comments/1nuvx76/apple_maps_issue/,,,"like previously discussed in many posts, just keep maps installed and let it manage its cache itself. you'll save storage by keeping it installed",experience_praise,other,"like previously discussed in many posts, just keep maps installed and let it manage its cache itself. you'll save storage by keeping it installed","{'neg': 0.0, 'neu': 0.794, 'pos': 0.206, 'compound': 0.6908}",0.6908,positive
1nuvx76,applemaps,comment,1759284068.0,2025-09-30 21:01:08,https://www.reddit.com/r/applemaps/comments/1nuvx76/apple_maps_issue/,,,but you’re ok with tik tok taking up 10gb more…,other,other,but you’re ok with tik tok taking up 10gb more...,"{'neg': 0.0, 'neu': 0.763, 'pos': 0.237, 'compound': 0.4215}",0.4215,positive
1nuvx76,applemaps,comment,1759284068.0,2025-09-30 21:01:08,https://www.reddit.com/r/applemaps/comments/1nuvx76/apple_maps_issue/,,,perhaps you have offline maps downloaded?,other,performance_reliability,perhaps you have offline maps downloaded?,"{'neg': 0.231, 'neu': 0.769, 'pos': 0.0, 'compound': -0.128}",-0.128,neutral
1nuvx76,applemaps,comment,1759284068.0,2025-09-30 21:01:08,https://www.reddit.com/r/applemaps/comments/1nuvx76/apple_maps_issue/,,,"i don’t know about the taking so much storage space, but about the still taking storage space after offloading: offloading only “deletes” the app itself, it does not delete any app data. offloading is meant to be a temporary solution if you run out of storage space and want to “delete” apps without losing the app data (for example with social media apps like whatsapp where the chats are not necessarily synced; or games that don’t support accounts)",experience_praise,other,"i don’t know about the taking so much storage space, but about the still taking storage space after offloading: offloading only “deletes” the app itself, it does not delete any app data. offloading is meant to be a temporary solution if you run out of storage space and want to “delete” apps without losing the app data (for example with social media apps like whatsapp where the chats are not necessarily synced; or games that don’t support accounts)","{'neg': 0.0, 'neu': 0.836, 'pos': 0.164, 'compound': 0.9182}",0.9182,positive
1nuvx76,applemaps,comment,1759284068.0,2025-09-30 21:01:08,https://www.reddit.com/r/applemaps/comments/1nuvx76/apple_maps_issue/,,,notice maps is offloaded (cloud icon). disable app offloading it can manage its cache correctly.,other,other,notice maps is offloaded (cloud icon). disable app offloading it can manage its cache correctly.,"{'neg': 0.0, 'neu': 1.0, 'pos': 0.0, 'compound': 0.0}",0.0,neutral
1numjel,applemaps,post,1759260192.0,2025-09-30 14:23:12,https://www.reddit.com/r/applemaps/comments/1numjel/apple_maps_is_honestly_so_underrated/,395.0,22.0,apple maps is honestly so underrated.,other,other,apple maps is honestly so underrated.,"{'neg': 0.0, 'neu': 0.625, 'pos': 0.375, 'compound': 0.4588}",0.4588,positive
1numjel,applemaps,comment,1759260192.0,2025-09-30 14:23:12,https://www.reddit.com/r/applemaps/comments/1numjel/apple_maps_is_honestly_so_underrated/,,,if they just fix the lack of correct business info etc then i would agree,other,transit_walk_bike,if they just fix the lack of correct business info etc then i would agree,"{'neg': 0.137, 'neu': 0.714, 'pos': 0.149, 'compound': 0.0516}",0.0516,neutral
1numjel,applemaps,comment,1759260192.0,2025-09-30 14:23:12,https://www.reddit.com/r/applemaps/comments/1numjel/apple_maps_is_honestly_so_underrated/,,,"it’s got amazing ui but i have found myself in a number of pickles due to completely incorrect apple maps, especially outside the us",experience_praise,ui_ux_carplay,"it’s got amazing ui but i have found myself in a number of pickles due to completely incorrect apple maps, especially outside the us","{'neg': 0.0, 'neu': 0.839, 'pos': 0.161, 'compound': 0.431}",0.431,positive
1numjel,applemaps,comment,1759260192.0,2025-09-30 14:23:12,https://www.reddit.com/r/applemaps/comments/1numjel/apple_maps_is_honestly_so_underrated/,,,perhaps in a major metro area.. every where else not so much.. let me have sat photos while im driving with turn by turn,other,navigation_routing_traffic,perhaps in a major metro area.. every where else not so much.. let me have sat photos while im driving with turn by turn,"{'neg': 0.0, 'neu': 1.0, 'pos': 0.0, 'compound': 0.0}",0.0,neutral
1numjel,applemaps,comment,1759260192.0,2025-09-30 14:23:12,https://www.reddit.com/r/applemaps/comments/1numjel/apple_maps_is_honestly_so_underrated/,,,i think it works great if you mainly use it in cities. out in the country it could use some work.,experience_praise,other,i think it works great if you mainly use it in cities. out in the country it could use some work.,"{'neg': 0.0, 'neu': 0.823, 'pos': 0.177, 'compound': 0.6249}",0.6249,positive
1numjel,applemaps,comment,1759260192.0,2025-09-30 14:23:12,https://www.reddit.com/r/applemaps/comments/1numjel/apple_maps_is_honestly_so_underrated/,,,ayo stockholm!,other,other,ayo stockholm!,"{'neg': 0.0, 'neu': 1.0, 'pos': 0.0, 'compound': 0.0}",0.0,neutral
1numjel,applemaps,comment,1759260192.0,2025-09-30 14:23:12,https://www.reddit.com/r/applemaps/comments/1numjel/apple_maps_is_honestly_so_underrated/,,,"if they fixed the tile data to display water and brought back the gspaxx.ls.apple.com servers i would agree i got burnt out fixing directions as well, it was a tedious process. and theyre saying ""it just works"".",other,ui_ux_carplay,"if they fixed the tile data to display water and brought back the gspaxx.ls.apple.com servers i would agree i got burnt out fixing directions as well, it was a tedious process. and theyre saying ""it just works"".","{'neg': 0.0, 'neu': 0.874, 'pos': 0.126, 'compound': 0.5574}",0.5574,positive
1numjel,applemaps,comment,1759260192.0,2025-09-30 14:23:12,https://www.reddit.com/r/applemaps/comments/1numjel/apple_maps_is_honestly_so_underrated/,,,"the eye candy is nice, agreed",other,other,"the eye candy is nice, agreed","{'neg': 0.0, 'neu': 0.449, 'pos': 0.551, 'compound': 0.5994}",0.5994,positive
1numjel,applemaps,comment,1759260192.0,2025-09-30 14:23:12,https://www.reddit.com/r/applemaps/comments/1numjel/apple_maps_is_honestly_so_underrated/,,,they need to work on transit integration! sometimes it doesn’t refresh when bus/train is late also don’t change if route change right away!,other,navigation_routing_traffic,they need to work on transit integration! sometimes it doesn’t refresh when bus/train is late also don’t change if route change right away!,"{'neg': 0.0, 'neu': 1.0, 'pos': 0.0, 'compound': 0.0}",0.0,neutral
1numjel,applemaps,comment,1759260192.0,2025-09-30 14:23:12,https://www.reddit.com/r/applemaps/comments/1numjel/apple_maps_is_honestly_so_underrated/,,,maybe in the us. in the eu they are far behind google maps. they should focus on overall quality.,comparison_discussion,other,maybe in the us. in the eu they are far behind google maps. they should focus on overall quality.,"{'neg': 0.0, 'neu': 1.0, 'pos': 0.0, 'compound': 0.0}",0.0,neutral
1numjel,applemaps,comment,1759260192.0,2025-09-30 14:23:12,https://www.reddit.com/r/applemaps/comments/1numjel/apple_maps_is_honestly_so_underrated/,,,"in europe, north america, australia and very few areas outside these continents, yeah you're completely right. apple maps is underrated. however for literally anywhere else in the world, google is much better.",experience_praise,other,"in europe, north america, australia and very few areas outside these continents, yeah you're completely right. apple maps is underrated. however for literally anywhere else in the world, google is much better.","{'neg': 0.0, 'neu': 0.855, 'pos': 0.145, 'compound': 0.6249}",0.6249,positive
1numjel,applemaps,comment,1759260192.0,2025-09-30 14:23:12,https://www.reddit.com/r/applemaps/comments/1numjel/apple_maps_is_honestly_so_underrated/,,,not in adelaide… you americans have too many good buildings,other,ui_ux_carplay,not in adelaide... you americans have too many good buildings,"{'neg': 0.0, 'neu': 0.756, 'pos': 0.244, 'compound': 0.4404}",0.4404,positive
1numjel,applemaps,comment,1759260192.0,2025-09-30 14:23:12,https://www.reddit.com/r/applemaps/comments/1numjel/apple_maps_is_honestly_so_underrated/,,,"i use apple maps to plan routes, navigate by bike, foot, or public transit. i use google maps if i’m looking for businesses or reviews. apple maps is very nice to use and the turn by turn directions are excellent where they are available (they are for >99% of my journeys, your mileage may vary)",comparison_discussion,navigation_routing_traffic,"i use apple maps to plan routes, navigate by bike, foot, or public transit. i use google maps if i’m looking for businesses or reviews. apple maps is very nice to use and the turn by turn directions are excellent where they are available (they are for >99% of my journeys, your mileage may vary)","{'neg': 0.0, 'neu': 0.882, 'pos': 0.118, 'compound': 0.7778}",0.7778,positive
1numjel,applemaps,comment,1759260192.0,2025-09-30 14:23:12,https://www.reddit.com/r/applemaps/comments/1numjel/apple_maps_is_honestly_so_underrated/,,,until it has built in reviews and photos like google maps does it won’t be quite as useful for actually finding decent places. yes it technically has this but it requires you to use yelp which to me defeats the purpose beyond just showing the star ratings.,comparison_discussion,ui_ux_carplay,until it has built in reviews and photos like google maps does it won’t be quite as useful for actually finding decent places. yes it technically has this but it requires you to use yelp which to me defeats the purpose beyond just showing the star ratings.,"{'neg': 0.057, 'neu': 0.833, 'pos': 0.11, 'compound': 0.1875}",0.1875,neutral
1nu9fw3,applemaps,post,1759227667.0,2025-09-30 05:21:07,https://www.reddit.com/r/applemaps/comments/1nu9fw3/glitch/,8.0,7.0,glitch apple maps street name glitching.,bug_report,other,glitch apple maps street name glitching.,"{'neg': 0.0, 'neu': 1.0, 'pos': 0.0, 'compound': 0.0}",0.0,neutral
1nu9fw3,applemaps,comment,1759227667.0,2025-09-30 05:21:07,https://www.reddit.com/r/applemaps/comments/1nu9fw3/glitch/,,,"please submit a feedback report. if you’re on the official release, the feedback app is hidden but you can access it by navigating here in safari: applefeedback:// then tap open when prompted to “open this page in feedback”.",other,other,"please submit a feedback report. if you’re on the official release, the feedback app is hidden but you can access it by navigating here in safari: applefeedback:// then tap open when prompted to “open this page in feedback”.","{'neg': 0.0, 'neu': 0.956, 'pos': 0.044, 'compound': 0.1655}",0.1655,neutral
1nu9fw3,applemaps,comment,1759227667.0,2025-09-30 05:21:07,https://www.reddit.com/r/applemaps/comments/1nu9fw3/glitch/,,,what’s the glitch?,bug_report,other,what’s the glitch?,"{'neg': 0.0, 'neu': 1.0, 'pos': 0.0, 'compound': 0.0}",0.0,neutral
1nu9fw3,applemaps,comment,1759227667.0,2025-09-30 05:21:07,https://www.reddit.com/r/applemaps/comments/1nu9fw3/glitch/,,,i had this when i reinstalled the maps app. it went away after a restart.,other,other,i had this when i reinstalled the maps app. it went away after a restart.,"{'neg': 0.0, 'neu': 1.0, 'pos': 0.0, 'compound': 0.0}",0.0,neutral
1ntrqgq,applemaps,post,1759174677.0,2025-09-29 14:37:57,https://www.reddit.com/r/applemaps/comments/1ntrqgq/apple_maps_now_supports_virtual_business_business/,101.0,5.0,"apple maps now supports virtual business, business connect page gets updated [**business connect page**]( recently been updated to highlight additional apps that showcase your business beyond apple maps: * phone - when calling businesses utilizes business names and logos * calendar - when adding locations utilizes correct addresses * safari - when embedding apple maps shows your business poi correctly * siri - when asking for directions, shows business names, logos and directions correctly * wallet - shows business logo when using tap to pay and business details * mail - shows brand logos when using email * find my - shows business details correctly **virtual business** according to the same page above, business connect (and through extension maps) now supports online businesses such as: * online stores * tutoring programs * staffing agencies * taco trucks * virtual businesses **business connect sign in page** * now displays business names rather than random identifiers, making managing multiple company accounts far easier * there is now a switch company option under username in business connect, you no longer have to sign out and in again to get to the switcher personally, i haven't gotten virtual business to work yet as creating a new business still asks for an address, so not sure how that would work for a fully 'virtual business'?",other,ui_ux_carplay,"apple maps now supports virtual business, business connect page gets updated [**business connect page**]( recently been updated to highlight additional apps that showcase your business beyond apple maps: * phone - when calling businesses utilizes business names and logos * calendar - when adding locations utilizes correct addresses * safari - when embedding apple maps shows your business poi correctly * siri - when asking for directions, shows business names, logos and directions correctly * wallet - shows business logo when using tap to pay and business details * mail - shows brand logos when using email * find my - shows business details correctly **virtual business** according to the same page above, business connect (and through extension maps) now supports online businesses such as: * online stores * tutoring programs * staffing agencies * taco trucks * virtual businesses **business connect sign in page** * now displays business names rather than random identifiers, making managing multiple company accounts far easier * there is now a switch company option under username in business connect, you no longer have to sign out and in again to get to the switcher personally, i haven't gotten virtual business to work yet as creating a new business still asks for an address, so not sure how that would work for a fully 'virtual business'?","{'neg': 0.028, 'neu': 0.911, 'pos': 0.06, 'compound': 0.7622}",0.7622,positive
1ntrqgq,applemaps,comment,1759174677.0,2025-09-29 14:37:57,https://www.reddit.com/r/applemaps/comments/1ntrqgq/apple_maps_now_supports_virtual_business_business/,,,these icons are very old,other,other,these icons are very old,"{'neg': 0.0, 'neu': 1.0, 'pos': 0.0, 'compound': 0.0}",0.0,neutral
1ntrqgq,applemaps,comment,1759174677.0,2025-09-29 14:37:57,https://www.reddit.com/r/applemaps/comments/1ntrqgq/apple_maps_now_supports_virtual_business_business/,,,"i hope this results on more people putting up their business here in europe, the dissonance between google/apple reported business is what makes me not able to uninstall google maps for good.",comparison_discussion,transit_walk_bike,"i hope this results on more people putting up their business here in europe, the dissonance between google/apple reported business is what makes me not able to uninstall google maps for good.","{'neg': 0.0, 'neu': 0.833, 'pos': 0.167, 'compound': 0.7003}",0.7003,positive
1ntrqgq,applemaps,comment,1759174677.0,2025-09-29 14:37:57,https://www.reddit.com/r/applemaps/comments/1ntrqgq/apple_maps_now_supports_virtual_business_business/,,,"has anyone here started to utilize shortcuts with private cloud models to help automate business connect onboarding, maintenance and such? e.g. business/event descriptions, csv export analysis and so on. one would hope apple themselves will revamp business connect to this effect over time, but for now shortcuts should help make some of this easier..",other,transit_walk_bike,"has anyone here started to utilize shortcuts with private cloud models to help automate business connect onboarding, maintenance and such? e.g. business/event descriptions, csv export analysis and so on. one would hope apple themselves will revamp business connect to this effect over time, but for now shortcuts should help make some of this easier..","{'neg': 0.0, 'neu': 0.874, 'pos': 0.126, 'compound': 0.7469}",0.7469,positive
1ntleet,applemaps,post,1759160430.0,2025-09-29 10:40:30,https://www.reddit.com/r/applemaps/comments/1ntleet/as_an_nonapple_user_how_do_i_check_if_business_is/,6.0,8.0,"as an non-apple user how do i check if business is listed or not? i don't own any apple products, but as a digital marketer, one of my clients has asked me to optimise their business on apple maps. to which i have several questions. how do i check if the business is already listed or not? yes, i know i need to create an apple account to do this, but google maps allows us to see business information without even creating an account. just wanted to check if i can do the same in apple maps. sorry for the english and thanks in advance.",comparison_discussion,transit_walk_bike,"as an non-apple user how do i check if business is listed or not? i don't own any apple products, but as a digital marketer, one of my clients has asked me to optimise their business on apple maps. to which i have several questions. how do i check if the business is already listed or not? yes, i know i need to create an apple account to do this, but google maps allows us to see business information without even creating an account. just wanted to check if i can do the same in apple maps. sorry for the english and thanks in advance.","{'neg': 0.062, 'neu': 0.84, 'pos': 0.099, 'compound': 0.722}",0.722,positive
1ntleet,applemaps,comment,1759160430.0,2025-09-29 10:40:30,https://www.reddit.com/r/applemaps/comments/1ntleet/as_an_nonapple_user_how_do_i_check_if_business_is/,,,,other,other,,"{'neg': 0.0, 'neu': 0.0, 'pos': 0.0, 'compound': 0.0}",0.0,neutral
1ntleet,applemaps,comment,1759160430.0,2025-09-29 10:40:30,https://www.reddit.com/r/applemaps/comments/1ntleet/as_an_nonapple_user_how_do_i_check_if_business_is/,,,maps.apple.com,other,other,maps.apple.com,"{'neg': 0.0, 'neu': 1.0, 'pos': 0.0, 'compound': 0.0}",0.0,neutral
1ntleet,applemaps,comment,1759160430.0,2025-09-29 10:40:30,https://www.reddit.com/r/applemaps/comments/1ntleet/as_an_nonapple_user_how_do_i_check_if_business_is/,,,open apple maps web and check,other,other,open apple maps web and check,"{'neg': 0.0, 'neu': 1.0, 'pos': 0.0, 'compound': 0.0}",0.0,neutral
1ntleet,applemaps,comment,1759160430.0,2025-09-29 10:40:30,https://www.reddit.com/r/applemaps/comments/1ntleet/as_an_nonapple_user_how_do_i_check_if_business_is/,,,apple maps connect to register,other,other,apple maps connect to register,"{'neg': 0.0, 'neu': 1.0, 'pos': 0.0, 'compound': 0.0}",0.0,neutral
1nthix8,applemaps,post,1759151180.0,2025-09-29 08:06:20,https://www.reddit.com/r/applemaps/comments/1nthix8/greater_copenhagen_light_rail_hovedstadens/,28.0,0.0,"greater copenhagen light rail (hovedstadens letbane) stations appear on apple maps. opening on october 25, 2025, between ishøj and rødovre nord, the second phase with the rest of the line in summer 2026.",experience_praise,other,"greater copenhagen light rail (hovedstadens letbane) stations appear on apple maps. opening on october 25, 2025, between ishøj and rødovre nord, the second phase with the rest of the line in summer 2026.","{'neg': 0.0, 'neu': 0.928, 'pos': 0.072, 'compound': 0.3612}",0.3612,positive
1nsbpw4,applemaps,post,1759022500.0,2025-09-27 20:21:40,https://www.reddit.com/r/applemaps/comments/1nsbpw4/i_deleted_my_post_by_accident/,6.0,15.0,"i deleted my post by accident 🤦🏻‍♂️ hi everyone! a few months ago i launched forcemaps in this community and got some really great feedback. the main functionality of the app is to allow users to automatically open addresses from google search in safari in apple maps instead of being forced to use google maps by google. we launched version 1.5 using this feedback which included stability fixes (obviously), support for waze, the ability to hide goggles ai overview, and a few other things. looking to launch version 2.0 in the coming weeks and we would love to hear what other functionality could be useful to you all. some early ideas are: history of the addresses opened from safari ad blocker dark mode for safari can check it out here, it’s currently $4.99 in the us, no subscriptions nor other iap. edit: to answer the last question of how is this different from mapper and why we don’t do other devices like mac: 1. we also block the “sign in with google” and other google pop up’s. 2. we have the option to enable waze too 3. we have the option to block the google ai overview box 4. i just chose to limit to the iphone since that was where it was a pain point for me. for me, mac i actually want the opposite and want google maps. again, just my preference why i did it that way. 5. we have a free, basic putt putt game that you might play when you’re stuck at the airport one day 6. hopefully this new feature someone suggests! :)",comparison_discussion,policy_strategy,"i deleted my post by accident 🤦🏻‍♂️ hi everyone! a few months ago i launched forcemaps in this community and got some really great feedback. the main functionality of the app is to allow users to automatically open addresses from google search in safari in apple maps instead of being forced to use google maps by google. we launched version 1.5 using this feedback which included stability fixes (obviously), support for waze, the ability to hide goggles ai overview, and a few other things. looking to launch version 2.0 in the coming weeks and we would love to hear what other functionality could be useful to you all. some early ideas are: history of the addresses opened from safari ad blocker dark mode for safari can check it out here, it’s currently $4.99 in the us, no subscriptions nor other iap. edit: to answer the last question of how is this different from mapper and why we don’t do other devices like mac: 1. we also block the “sign in with google” and other google pop up’s. 2. we have the option to enable waze too 3. we have the option to block the google ai overview box 4. i just chose to limit to the iphone since that was where it was a pain point for me. for me, mac i actually want the opposite and want google maps. again, just my preference why i did it that way. 5. we have a free, basic putt putt game that you might play when you’re stuck at the airport one day 6. hopefully this new feature someone suggests! :)","{'neg': 0.071, 'neu': 0.799, 'pos': 0.13, 'compound': 0.9369}",0.9369,positive
1nsbpw4,applemaps,comment,1759022500.0,2025-09-27 20:21:40,https://www.reddit.com/r/applemaps/comments/1nsbpw4/i_deleted_my_post_by_accident/,,,"i use it a lot. i have one issue tho. if i click on the address google map card, it opens apple maps. but if i click on the map thumbnail right next to the address it opens apple maps web version (which does not work well or allow directions). here’s a video:",experience_complaint,navigation_routing_traffic,"i use it a lot. i have one issue tho. if i click on the address google map card, it opens apple maps. but if i click on the map thumbnail right next to the address it opens apple maps web version (which does not work well or allow directions). here’s a video:","{'neg': 0.045, 'neu': 0.908, 'pos': 0.047, 'compound': 0.0333}",0.0333,neutral
1nsbpw4,applemaps,comment,1759022500.0,2025-09-27 20:21:40,https://www.reddit.com/r/applemaps/comments/1nsbpw4/i_deleted_my_post_by_accident/,,,"thanks for answering my question, i’d also change the title of this post to announce the new release. some of my suggestions: * reach feature parity with mapper, that includes both ipados and macos versions. on mac should also add option to open the beta web app instead of native app. * shortcuts support, enabling you to pass actions to different amaps features (is this already a thing?) also, is there a way to convert/redirect those gmaps buttons to their amaps equivalents? i.e. clicking reviews would take me to ratings in amaps.",other,ui_ux_carplay,"thanks for answering my question, i’d also change the title of this post to announce the new release. some of my suggestions: * reach feature parity with mapper, that includes both ipados and macos versions. on mac should also add option to open the beta web app instead of native app. * shortcuts support, enabling you to pass actions to different amaps features (is this already a thing?) also, is there a way to convert/redirect those gmaps buttons to their amaps equivalents? i.e. clicking reviews would take me to ratings in amaps.","{'neg': 0.0, 'neu': 0.923, 'pos': 0.077, 'compound': 0.7236}",0.7236,positive
1nsbpw4,applemaps,comment,1759022500.0,2025-09-27 20:21:40,https://www.reddit.com/r/applemaps/comments/1nsbpw4/i_deleted_my_post_by_accident/,,,"why is this post downvoted? i really like the idea, and i am thinking about trying out your app :) what about privacy/security?",policy_discussion,policy_strategy,"why is this post downvoted? i really like the idea, and i am thinking about trying out your app :) what about privacy/security?","{'neg': 0.0, 'neu': 0.755, 'pos': 0.245, 'compound': 0.7313}",0.7313,positive
1nsbpw4,applemaps,comment,1759022500.0,2025-09-27 20:21:40,https://www.reddit.com/r/applemaps/comments/1nsbpw4/i_deleted_my_post_by_accident/,,,this is not a new thing. mapper has been around since safari extensions were first launched.,other,other,this is not a new thing. mapper has been around since safari extensions were first launched.,"{'neg': 0.0, 'neu': 0.903, 'pos': 0.097, 'compound': 0.128}",0.128,neutral
1nsbpw4,applemaps,comment,1759022500.0,2025-09-27 20:21:40,https://www.reddit.com/r/applemaps/comments/1nsbpw4/i_deleted_my_post_by_accident/,,,"this may seem a bit counterintuitive given the name, but i’d love every feature _except_ blocking google maps (apple maps in my country is not great for cycling).",comparison_discussion,ui_ux_carplay,"this may seem a bit counterintuitive given the name, but i’d love every feature _except_ blocking google maps (apple maps in my country is not great for cycling).","{'neg': 0.208, 'neu': 0.638, 'pos': 0.154, 'compound': -0.2596}",-0.2596,negative
1nsbpw4,applemaps,comment,1759022500.0,2025-09-27 20:21:40,https://www.reddit.com/r/applemaps/comments/1nsbpw4/i_deleted_my_post_by_accident/,,,"u/logthefout just bought it. did the settings correctly, yet nothing happens when i click on the address in google maps card. the address has an option to copy it or suggest and edit when clicked.",comparison_discussion,search_poi_data,"u/logthefout just bought it. did the settings correctly, yet nothing happens when i click on the address in google maps card. the address has an option to copy it or suggest and edit when clicked.","{'neg': 0.0, 'neu': 1.0, 'pos': 0.0, 'compound': 0.0}",0.0,neutral
1nryndh,applemaps,post,1758988315.0,2025-09-27 10:51:55,https://www.reddit.com/r/applemaps/comments/1nryndh/a_cheeky_self_portrait/,132.0,4.0,a cheeky self portrait whilst attending a rugby match at tunbridge wells on the 10th of may i heard a plane going a couple of times and looked it up on the flight radar. on its next pass i had a lay down and have been waiting to see which mapping service it was for. apple maps wins! hope you appreciate a little bit of whimsy!,other,other,a cheeky self portrait whilst attending a rugby match at tunbridge wells on the 10th of may i heard a plane going a couple of times and looked it up on the flight radar. on its next pass i had a lay down and have been waiting to see which mapping service it was for. apple maps wins! hope you appreciate a little bit of whimsy!,"{'neg': 0.0, 'neu': 0.82, 'pos': 0.18, 'compound': 0.8975}",0.8975,positive
1nryndh,applemaps,comment,1758988315.0,2025-09-27 10:51:55,https://www.reddit.com/r/applemaps/comments/1nryndh/a_cheeky_self_portrait/,,,"there have been a couple times when i’ve seen the google street view car go by and have found myself later, but this is next level. kudos.",other,other,"there have been a couple times when i’ve seen the google street view car go by and have found myself later, but this is next level. kudos.","{'neg': 0.0, 'neu': 0.849, 'pos': 0.151, 'compound': 0.6652}",0.6652,positive
1nryndh,applemaps,comment,1758988315.0,2025-09-27 10:51:55,https://www.reddit.com/r/applemaps/comments/1nryndh/a_cheeky_self_portrait/,,,"this is hilarious. if no one knew, people would have guessed you were either sun-baking or dead. also i didn’t know they used planes, i thought it was all satellite imagery.",other,other,"this is hilarious. if no one knew, people would have guessed you were either sun-baking or dead. also i didn’t know they used planes, i thought it was all satellite imagery.","{'neg': 0.185, 'neu': 0.739, 'pos': 0.077, 'compound': -0.5859}",-0.5859,negative
1nryndh,applemaps,comment,1758988315.0,2025-09-27 10:51:55,https://www.reddit.com/r/applemaps/comments/1nryndh/a_cheeky_self_portrait/,,,"this is hilarious - also the scrum on the adjacent rugby pitch looks like a piece of art with you there. great timing, i’d be screen grabbing that and getting it printed off for my wall if it was me!",experience_praise,ui_ux_carplay,"this is hilarious - also the scrum on the adjacent rugby pitch looks like a piece of art with you there. great timing, i’d be screen grabbing that and getting it printed off for my wall if it was me!","{'neg': 0.0, 'neu': 0.785, 'pos': 0.215, 'compound': 0.8622}",0.8622,positive
1nrqg7r,applemaps,post,1758963599.0,2025-09-27 03:59:59,https://www.reddit.com/r/applemaps/comments/1nrqg7r/route_planing/,1.0,10.0,"route planing why can't apple maps implement ""directions from here"" to ""directions here""? other maps do it well. this is the only limitation that makes me not want to use them.",other,navigation_routing_traffic,"route planing why can't apple maps implement ""directions from here"" to ""directions here""? other maps do it well. this is the only limitation that makes me not want to use them.","{'neg': 0.102, 'neu': 0.835, 'pos': 0.063, 'compound': -0.0829}",-0.0829,neutral
1nrqg7r,applemaps,comment,1758963599.0,2025-09-27 03:59:59,https://www.reddit.com/r/applemaps/comments/1nrqg7r/route_planing/,,,can you clarify what you mean exactly?,other,other,can you clarify what you mean exactly?,"{'neg': 0.0, 'neu': 1.0, 'pos': 0.0, 'compound': 0.0}",0.0,neutral
1nrqg7r,applemaps,comment,1758963599.0,2025-09-27 03:59:59,https://www.reddit.com/r/applemaps/comments/1nrqg7r/route_planing/,,,you mean like placing two pins? you can do that by long pressing and then clicking navigate. you then add a second pin by doing the same thing but press add stop. then remove the first one.,experience_praise,navigation_routing_traffic,you mean like placing two pins? you can do that by long pressing and then clicking navigate. you then add a second pin by doing the same thing but press add stop. then remove the first one.,"{'neg': 0.073, 'neu': 0.882, 'pos': 0.045, 'compound': -0.2617}",-0.2617,negative
1nrqg7r,applemaps,comment,1758963599.0,2025-09-27 03:59:59,https://www.reddit.com/r/applemaps/comments/1nrqg7r/route_planing/,,,well u can u just add those 2 direction u want. then u delete ur location and it shows u. … nothing special,other,search_poi_data,well u can u just add those 2 direction u want. then u delete ur location and it shows u. ... nothing special,"{'neg': 0.109, 'neu': 0.726, 'pos': 0.165, 'compound': 0.0366}",0.0366,neutral
1nrqg7r,applemaps,comment,1758963599.0,2025-09-27 03:59:59,https://www.reddit.com/r/applemaps/comments/1nrqg7r/route_planing/,,,you can use siri to ask for directions between two places. you can also just type “directions from x to y” into the search field in maps.,other,navigation_routing_traffic,you can use siri to ask for directions between two places. you can also just type “directions from x to y” into the search field in maps.,"{'neg': 0.0, 'neu': 1.0, 'pos': 0.0, 'compound': 0.0}",0.0,neutral
1nrmjrk,applemaps,post,1758948987.0,2025-09-26 23:56:27,https://www.reddit.com/r/applemaps/comments/1nrmjrk/maps_preferred_routes_now_available_on_méxico/,43.0,3.0,"maps preferred routes now available on méxico started apple maps today, and a pop-up about preferred route appeared with the configuration needed next. this was not available on the launch of ios 26 in mexico.",other,navigation_routing_traffic,"maps preferred routes now available on méxico started apple maps today, and a pop-up about preferred route appeared with the configuration needed next. this was not available on the launch of ios 26 in mexico.","{'neg': 0.0, 'neu': 1.0, 'pos': 0.0, 'compound': 0.0}",0.0,neutral
1nrmjrk,applemaps,comment,1758948987.0,2025-09-26 23:56:27,https://www.reddit.com/r/applemaps/comments/1nrmjrk/maps_preferred_routes_now_available_on_méxico/,,,"por fin, buena noticia amigo! 🎉 i'm in mexico now, but don't see this option, even after changing my region to mexico. does anybody know if this requires you to change your app store account to be outside eu as well? i thought it doesn't require apple intelligence..",other,ui_ux_carplay,"por fin, buena noticia amigo! 🎉 i'm in mexico now, but don't see this option, even after changing my region to mexico. does anybody know if this requires you to change your app store account to be outside eu as well? i thought it doesn't require apple intelligence..","{'neg': 0.0, 'neu': 0.939, 'pos': 0.061, 'compound': 0.4482}",0.4482,positive
1nrdnbo,applemaps,post,1758922398.0,2025-09-26 16:33:18,https://www.reddit.com/r/applemaps/comments/1nrdnbo/scenic_route_apple_maps/,52.0,3.0,scenic route apple maps seriously why would this be an option? this is an old screenshot i forgot about and there was storms but literally no reason to take this route,other,ui_ux_carplay,scenic route apple maps seriously why would this be an option? this is an old screenshot i forgot about and there was storms but literally no reason to take this route,"{'neg': 0.129, 'neu': 0.871, 'pos': 0.0, 'compound': -0.4854}",-0.4854,negative
1nrdnbo,applemaps,comment,1758922398.0,2025-09-26 16:33:18,https://www.reddit.com/r/applemaps/comments/1nrdnbo/scenic_route_apple_maps/,,,probably bc it avoids the severe weather,other,other,probably bc it avoids the severe weather,"{'neg': 0.462, 'neu': 0.538, 'pos': 0.0, 'compound': -0.5106}",-0.5106,negative
1nrdnbo,applemaps,comment,1758922398.0,2025-09-26 16:33:18,https://www.reddit.com/r/applemaps/comments/1nrdnbo/scenic_route_apple_maps/,,,to avoid severe weather,other,other,to avoid severe weather,"{'neg': 0.706, 'neu': 0.294, 'pos': 0.0, 'compound': -0.5859}",-0.5859,negative
1nr6q7o,applemaps,post,1758905972.0,2025-09-26 11:59:32,https://www.reddit.com/r/applemaps/comments/1nr6q7o/disable_parking_location_notification_but_keep/,5.0,4.0,"disable parking location notification but keep saving location? whenever i use carplay, i get a notification from apple maps saying that it saved my parking location. i actually like that it records where i parked, but i’d rather not get the notification every time. is there any way to disable just the parking location notification while still keeping the feature active?",experience_praise,ui_ux_carplay,"disable parking location notification but keep saving location? whenever i use carplay, i get a notification from apple maps saying that it saved my parking location. i actually like that it records where i parked, but i’d rather not get the notification every time. is there any way to disable just the parking location notification while still keeping the feature active?","{'neg': 0.0, 'neu': 0.83, 'pos': 0.17, 'compound': 0.897}",0.897,positive
1nr6q7o,applemaps,comment,1758905972.0,2025-09-26 11:59:32,https://www.reddit.com/r/applemaps/comments/1nr6q7o/disable_parking_location_notification_but_keep/,,,you can turn off maps notifications in settings,other,other,you can turn off maps notifications in settings,"{'neg': 0.0, 'neu': 1.0, 'pos': 0.0, 'compound': 0.0}",0.0,neutral
1nr6q7o,applemaps,comment,1758905972.0,2025-09-26 11:59:32,https://www.reddit.com/r/applemaps/comments/1nr6q7o/disable_parking_location_notification_but_keep/,,,"it’s insane that this is something we can’t do. i just want to keep the ability to see where i’m parked within the app, but not be sent a notification about it every time i park. and i don’t want to turn off all maps notifications…",other,other,"it’s insane that this is something we can’t do. i just want to keep the ability to see where i’m parked within the app, but not be sent a notification about it every time i park. and i don’t want to turn off all maps notifications...","{'neg': 0.042, 'neu': 0.862, 'pos': 0.096, 'compound': 0.1027}",0.1027,neutral
1nr3eap,applemaps,post,1758898272.0,2025-09-26 09:51:12,https://www.reddit.com/r/applemaps/comments/1nr3eap/with_launch_of_new_season_apple_maps_debuts_slow/,25.0,4.0,"with launch of new season, apple maps debuts slow horses locations guide in london",experience_complaint,ui_ux_carplay,"with launch of new season, apple maps debuts slow horses locations guide in london","{'neg': 0.0, 'neu': 1.0, 'pos': 0.0, 'compound': 0.0}",0.0,neutral
1nr3eap,applemaps,comment,1758898272.0,2025-09-26 09:51:12,https://www.reddit.com/r/applemaps/comments/1nr3eap/with_launch_of_new_season_apple_maps_debuts_slow/,,,[called it]( and got called out for it.,other,other,[called it]( and got called out for it.,"{'neg': 0.0, 'neu': 1.0, 'pos': 0.0, 'compound': 0.0}",0.0,neutral
1nqidlg,applemaps,post,1758833731.0,2025-09-25 15:55:31,https://www.reddit.com/r/applemaps/comments/1nqidlg/apple_maps_releases_navigation_in_panama_city/,49.0,3.0,"apple maps releases navigation in panama city, panama",other,navigation_routing_traffic,"apple maps releases navigation in panama city, panama","{'neg': 0.0, 'neu': 1.0, 'pos': 0.0, 'compound': 0.0}",0.0,neutral
1nqidlg,applemaps,comment,1758833731.0,2025-09-25 15:55:31,https://www.reddit.com/r/applemaps/comments/1nqidlg/apple_maps_releases_navigation_in_panama_city/,,,works in guatemala too!,other,other,works in guatemala too!,"{'neg': 0.0, 'neu': 1.0, 'pos': 0.0, 'compound': 0.0}",0.0,neutral
1nqidlg,applemaps,comment,1758833731.0,2025-09-25 15:55:31,https://www.reddit.com/r/applemaps/comments/1nqidlg/apple_maps_releases_navigation_in_panama_city/,,,hilarious how in /r/panama many keep repeating ad naseum to use gmaps or waze instead. as if that’s relevant lol.,comparison_discussion,other,hilarious how in /r/panama many keep repeating ad naseum to use gmaps or waze instead. as if that’s relevant lol.,"{'neg': 0.0, 'neu': 0.766, 'pos': 0.234, 'compound': 0.6705}",0.6705,positive
1nqhicn,applemaps,post,1758831714.0,2025-09-25 15:21:54,https://www.reddit.com/r/applemaps/comments/1nqhicn/weird_deviations_since_ios_26/,5.0,5.0,weird deviations since ios 26 anyone else had odd deviations since ios 26 released? the use apple maps on my daily commute but the last week has had some weird behavior. like one day it told me to get off an interstate and then immediately get back on. there was no reports in the area and just weird. it's also been suggesting that i don't use certain on ramps to get on the interstate and to drive past them and take country roads until the next on ramp. traffic was clear and was no reason to do this. has been pretty stellar up until this newest release. i've reported them to apple but they just say they aren't able to make the change. anyone seen similar issues or have any suggestions?,policy_discussion,policy_strategy,weird deviations since ios 26 anyone else had odd deviations since ios 26 released? the use apple maps on my daily commute but the last week has had some weird behavior. like one day it told me to get off an interstate and then immediately get back on. there was no reports in the area and just weird. it's also been suggesting that i don't use certain on ramps to get on the interstate and to drive past them and take country roads until the next on ramp. traffic was clear and was no reason to do this. has been pretty stellar up until this newest release. i've reported them to apple but they just say they aren't able to make the change. anyone seen similar issues or have any suggestions?,"{'neg': 0.104, 'neu': 0.821, 'pos': 0.075, 'compound': 0.0999}",0.0999,neutral
1nqhicn,applemaps,comment,1758831714.0,2025-09-25 15:21:54,https://www.reddit.com/r/applemaps/comments/1nqhicn/weird_deviations_since_ios_26/,,,>like one day it told me to get off an interstate and then immediately get back on. i can't think of any os versions in recent history where this hasn't happened to me from time to time.,experience_praise,other,like one day it told me to get off an interstate and then immediately get back on. i can't think of any os versions in recent history where this hasn't happened to me from time to time.,"{'neg': 0.0, 'neu': 0.933, 'pos': 0.067, 'compound': 0.3612}",0.3612,positive
1nqhicn,applemaps,comment,1758831714.0,2025-09-25 15:21:54,https://www.reddit.com/r/applemaps/comments/1nqhicn/weird_deviations_since_ios_26/,,,not that i’ve noticed.,other,other,not that i’ve noticed.,"{'neg': 0.0, 'neu': 1.0, 'pos': 0.0, 'compound': 0.0}",0.0,neutral
1nqhicn,applemaps,comment,1758831714.0,2025-09-25 15:21:54,https://www.reddit.com/r/applemaps/comments/1nqhicn/weird_deviations_since_ios_26/,,,no issues for me,experience_complaint,other,no issues for me,"{'neg': 0.423, 'neu': 0.577, 'pos': 0.0, 'compound': -0.296}",-0.296,negative
1nqhicn,applemaps,comment,1758831714.0,2025-09-25 15:21:54,https://www.reddit.com/r/applemaps/comments/1nqhicn/weird_deviations_since_ios_26/,,,it's an issue with the directions server not the os,experience_complaint,navigation_routing_traffic,it's an issue with the directions server not the os,"{'neg': 0.0, 'neu': 1.0, 'pos': 0.0, 'compound': 0.0}",0.0,neutral
1nqbvtw,applemaps,post,1758818804.0,2025-09-25 11:46:44,https://www.reddit.com/r/applemaps/comments/1nqbvtw/traffico_apple_maps/,0.0,1.0,traffico apple maps se apple maps comprasse i dati del traffico da waze sarebbe imbattibile,comparison_discussion,navigation_routing_traffic,traffico apple maps se apple maps comprasse i dati del traffico da waze sarebbe imbattibile,"{'neg': 0.0, 'neu': 1.0, 'pos': 0.0, 'compound': 0.0}",0.0,neutral
1nqbvtw,applemaps,comment,1758818804.0,2025-09-25 11:46:44,https://www.reddit.com/r/applemaps/comments/1nqbvtw/traffico_apple_maps/,,,"se mia nonna avesse le ruote, sarebbe una carriola.",other,other,"se mia nonna avesse le ruote, sarebbe una carriola.","{'neg': 0.216, 'neu': 0.784, 'pos': 0.0, 'compound': -0.296}",-0.296,negative
1nqbasa,applemaps,post,1758817468.0,2025-09-25 11:24:28,https://www.reddit.com/r/applemaps/comments/1nqbasa/apple_maps_place_showing_in_search_but_not_on_map/,5.0,3.0,apple maps place showing in search but not on map hey i have a problem with making our place visible in apple maps. it can be found when searching for the place but it is not visible on the map.,experience_complaint,search_poi_data,apple maps place showing in search but not on map hey i have a problem with making our place visible in apple maps. it can be found when searching for the place but it is not visible on the map.,"{'neg': 0.088, 'neu': 0.912, 'pos': 0.0, 'compound': -0.5499}",-0.5499,negative
1nqbasa,applemaps,comment,1758817468.0,2025-09-25 11:24:28,https://www.reddit.com/r/applemaps/comments/1nqbasa/apple_maps_place_showing_in_search_but_not_on_map/,,,"not all places are visible, because then you wouldn’t see anything of the map. only frequently visited places like restaurants, gas stations, malls, supermarkets, etc. are shown on the map, but not most doctors, therapists, etc.",experience_praise,search_poi_data,"not all places are visible, because then you wouldn’t see anything of the map. only frequently visited places like restaurants, gas stations, malls, supermarkets, etc. are shown on the map, but not most doctors, therapists, etc.","{'neg': 0.0, 'neu': 0.952, 'pos': 0.048, 'compound': 0.1901}",0.1901,neutral
1nqbasa,applemaps,comment,1758817468.0,2025-09-25 11:24:28,https://www.reddit.com/r/applemaps/comments/1nqbasa/apple_maps_place_showing_in_search_but_not_on_map/,,,"this is likely intentional. only popular locations show up. for example, schools don't appear for me. universities and colleges do.",experience_praise,search_poi_data,"this is likely intentional. only popular locations show up. for example, schools don't appear for me. universities and colleges do.","{'neg': 0.0, 'neu': 0.872, 'pos': 0.128, 'compound': 0.4215}",0.4215,positive
1nq52fy,applemaps,post,1758802324.0,2025-09-25 07:12:04,https://www.reddit.com/r/applemaps/comments/1nq52fy/apple_maps_routes_through_a_closed_intersection/,69.0,4.0,"apple maps routes through a closed intersection the intersection in the screenshot is closed, but apple maps still plans a route that uses it. is this a maps error, or an issue with how the road closure was reported? location on apple maps:",experience_complaint,ui_ux_carplay,"apple maps routes through a closed intersection the intersection in the screenshot is closed, but apple maps still plans a route that uses it. is this a maps error, or an issue with how the road closure was reported? location on apple maps:","{'neg': 0.083, 'neu': 0.917, 'pos': 0.0, 'compound': -0.5499}",-0.5499,negative
1nq52fy,applemaps,comment,1758802324.0,2025-09-25 07:12:04,https://www.reddit.com/r/applemaps/comments/1nq52fy/apple_maps_routes_through_a_closed_intersection/,,,seems like it’s probably assuming that the intersection itself is still open and that the only closed portion is the road beyond it. i’d report it in the app and be specific about what’s wrong,experience_complaint,other,seems like it’s probably assuming that the intersection itself is still open and that the only closed portion is the road beyond it. i’d report it in the app and be specific about what’s wrong,"{'neg': 0.08, 'neu': 0.855, 'pos': 0.065, 'compound': -0.1531}",-0.1531,neutral
1nq52fy,applemaps,comment,1758802324.0,2025-09-25 07:12:04,https://www.reddit.com/r/applemaps/comments/1nq52fy/apple_maps_routes_through_a_closed_intersection/,,,well its clear that u cant go straight soo apple maps is taking u to make a right turn. whats the issue ? i domt see it,experience_complaint,other,well its clear that u cant go straight soo apple maps is taking u to make a right turn. whats the issue ? i domt see it,"{'neg': 0.066, 'neu': 0.749, 'pos': 0.185, 'compound': 0.465}",0.465,positive
1npuljs,applemaps,post,1758765555.0,2025-09-24 20:59:15,https://www.reddit.com/r/applemaps/comments/1npuljs/guides_in_apple_maps_missing_places_after_ios_26/,9.0,6.0,"guides in apple maps missing places after ios 26 upgrade i maintain a guide of 28 places in apple maps that i use to run errands for my elderly mother. right after upgrading my iphone to ios 26, i noticed that only the first 5 places, sorted by name, are in the guide. my mac and ipad (which was also upgraded to ios 26) do not have this issue. sorting by distance or 'date added' brings up an additional 4 places, but only temporarily. i've tried everything i can think of to resolve this, but i'm convinced it's a bug. anyone else running into this; if so, were you able to resolve it? thanks!",bug_report,ui_ux_carplay,"guides in apple maps missing places after ios 26 upgrade i maintain a guide of 28 places in apple maps that i use to run errands for my elderly mother. right after upgrading my iphone to ios 26, i noticed that only the first 5 places, sorted by name, are in the guide. my mac and ipad (which was also upgraded to ios 26) do not have this issue. sorting by distance or 'date added' brings up an additional 4 places, but only temporarily. i've tried everything i can think of to resolve this, but i'm convinced it's a bug. anyone else running into this; if so, were you able to resolve it? thanks!","{'neg': 0.014, 'neu': 0.863, 'pos': 0.124, 'compound': 0.9312}",0.9312,positive
1npuljs,applemaps,comment,1758765555.0,2025-09-24 20:59:15,https://www.reddit.com/r/applemaps/comments/1npuljs/guides_in_apple_maps_missing_places_after_ios_26/,,,same problem. dis also not got a solution,experience_complaint,other,same problem. dis also not got a solution,"{'neg': 0.483, 'neu': 0.517, 'pos': 0.0, 'compound': -0.5664}",-0.5664,negative
1npuljs,applemaps,comment,1758765555.0,2025-09-24 20:59:15,https://www.reddit.com/r/applemaps/comments/1npuljs/guides_in_apple_maps_missing_places_after_ios_26/,,,i have the se 2022 i think 3rd? infound the real home button better. this has a touch home button. bitbit was for me the only smallnin size phone. if i find a solution i will let know,other,other,i have the se 2022 i think 3rd? infound the real home button better. this has a touch home button. bitbit was for me the only smallnin size phone. if i find a solution i will let know,"{'neg': 0.0, 'neu': 0.852, 'pos': 0.148, 'compound': 0.6369}",0.6369,positive
1npofs2,applemaps,post,1758748895.0,2025-09-24 16:21:35,https://www.reddit.com/r/applemaps/comments/1npofs2/any_way_to_convince_apple_maps_that_certain_rapid/,13.0,4.0,"any way to convince apple maps that certain rapid enter/exit directions are unviable or otherwise stupid? think merging from the left and needing to exit 3 lanes to the right within half a mile, or saving 500 feet by taking an exit meant for surface streets and quickly merging to the other highway instead of taking the wraparound ramp that eventually gets its own lane.",other,ui_ux_carplay,"any way to convince apple maps that certain rapid enter/exit directions are unviable or otherwise stupid? think merging from the left and needing to exit 3 lanes to the right within half a mile, or saving 500 feet by taking an exit meant for surface streets and quickly merging to the other highway instead of taking the wraparound ramp that eventually gets its own lane.","{'neg': 0.05, 'neu': 0.889, 'pos': 0.061, 'compound': -0.0772}",-0.0772,neutral
1npofs2,applemaps,comment,1758748895.0,2025-09-24 16:21:35,https://www.reddit.com/r/applemaps/comments/1npofs2/any_way_to_convince_apple_maps_that_certain_rapid/,,,"at the bottom, click report an issue and then select report route issue. it will let you report an issue for specific directions during a route",experience_complaint,navigation_routing_traffic,"at the bottom, click report an issue and then select report route issue. it will let you report an issue for specific directions during a route","{'neg': 0.0, 'neu': 1.0, 'pos': 0.0, 'compound': 0.0}",0.0,neutral
1npofs2,applemaps,comment,1758748895.0,2025-09-24 16:21:35,https://www.reddit.com/r/applemaps/comments/1npofs2/any_way_to_convince_apple_maps_that_certain_rapid/,,,don't give up hope. i reported an obviously wrong rotary description and after two years they recently corrected it. it might help to take pictures.,experience_complaint,other,don't give up hope. i reported an obviously wrong rotary description and after two years they recently corrected it. it might help to take pictures.,"{'neg': 0.189, 'neu': 0.719, 'pos': 0.092, 'compound': -0.4226}",-0.4226,negative
1npofs2,applemaps,comment,1758748895.0,2025-09-24 16:21:35,https://www.reddit.com/r/applemaps/comments/1npofs2/any_way_to_convince_apple_maps_that_certain_rapid/,,,i recently reported one such wrong exit on the map. they didn’t change it. i will stop reporting errors to apple. clearly they don’t want it.,experience_complaint,other,i recently reported one such wrong exit on the map. they didn’t change it. i will stop reporting errors to apple. clearly they don’t want it.,"{'neg': 0.251, 'neu': 0.619, 'pos': 0.13, 'compound': -0.5719}",-0.5719,negative
1npofs2,applemaps,comment,1758748895.0,2025-09-24 16:21:35,https://www.reddit.com/r/applemaps/comments/1npofs2/any_way_to_convince_apple_maps_that_certain_rapid/,,,l’azienda che si occupa delle correzioni apple è vergognoso! apple dovrebbe cambiare politica,other,other,l’azienda che si occupa delle correzioni apple è vergognoso! apple dovrebbe cambiare politica,"{'neg': 0.0, 'neu': 1.0, 'pos': 0.0, 'compound': 0.0}",0.0,neutral
1nnydix,applemaps,post,1758574628.0,2025-09-22 15:57:08,https://www.reddit.com/r/applemaps/comments/1nnydix/how_exactly_does_reporting_a_road_closure_work/,13.0,8.0,"how exactly does reporting a road closure work? i’m happy that ios 26 now allows us to report road closures, but i don’t really understand how this feature is supposed to work. in waze, when you report a road closure, you can indicate which road specifically is closed. in apple maps, i didn’t see the option to indicate that. does anyone know what’s the “correct” way of using this feature?",comparison_discussion,navigation_routing_traffic,"how exactly does reporting a road closure work? i’m happy that ios 26 now allows us to report road closures, but i don’t really understand how this feature is supposed to work. in waze, when you report a road closure, you can indicate which road specifically is closed. in apple maps, i didn’t see the option to indicate that. does anyone know what’s the “correct” way of using this feature?","{'neg': 0.0, 'neu': 0.96, 'pos': 0.04, 'compound': 0.4039}",0.4039,positive
1nnydix,applemaps,comment,1758574628.0,2025-09-22 15:57:08,https://www.reddit.com/r/applemaps/comments/1nnydix/how_exactly_does_reporting_a_road_closure_work/,,,"when tapping your profile picture > reports > report a new issue > report an incident > road closure, it allows you to drag and drop a location for the road closure, while also providing some extra details if you wish.",experience_complaint,navigation_routing_traffic,"when tapping your profile picture > reports > report a new issue > report an incident > road closure, it allows you to drag and drop a location for the road closure, while also providing some extra details if you wish.","{'neg': 0.103, 'neu': 0.827, 'pos': 0.07, 'compound': -0.0772}",-0.0772,neutral
1nnydix,applemaps,comment,1758574628.0,2025-09-22 15:57:08,https://www.reddit.com/r/applemaps/comments/1nnydix/how_exactly_does_reporting_a_road_closure_work/,,,"it seems to me, this new ios 26 road closure reporting is totally missed opportunity. your example with waze is what it should work, but it does nothing. even if i reported closed street, i then stopped the navigation and tried again to set up a route, it gives me the same route even with closed street with road closure marker that i previously reported. sorry apple, but this is useless piece of …. .",comparison_discussion,navigation_routing_traffic,"it seems to me, this new ios 26 road closure reporting is totally missed opportunity. your example with waze is what it should work, but it does nothing. even if i reported closed street, i then stopped the navigation and tried again to set up a route, it gives me the same route even with closed street with road closure marker that i previously reported. sorry apple, but this is useless piece of .... .","{'neg': 0.121, 'neu': 0.852, 'pos': 0.027, 'compound': -0.7357}",-0.7357,negative
1nnydix,applemaps,comment,1758574628.0,2025-09-22 15:57:08,https://www.reddit.com/r/applemaps/comments/1nnydix/how_exactly_does_reporting_a_road_closure_work/,,,"it’s probably just a warning for other drivers, nothing that directly affects routing.",other,navigation_routing_traffic,"it’s probably just a warning for other drivers, nothing that directly affects routing.","{'neg': 0.179, 'neu': 0.821, 'pos': 0.0, 'compound': -0.34}",-0.34,negative
1nnspz7,applemaps,post,1758561865.0,2025-09-22 12:24:25,https://www.reddit.com/r/applemaps/comments/1nnspz7/all_guides_and_saved_places_gone/,5.0,4.0,"all guides and saved places gone hi folks, title is pretty straightforward : i lost all my saved places and guides in apple maps. i had to change my phone recently, went from my iphone to a pixel, then an old iphone. and now there's nothing left in apple maps. it is so weird, surely all my guides and saved places are saved somewhere on my icloud account right ? side note : maps was synced with icloud in my settings. i had like 200 addresses there, it is super important to me",experience_praise,ui_ux_carplay,"all guides and saved places gone hi folks, title is pretty straightforward : i lost all my saved places and guides in apple maps. i had to change my phone recently, went from my iphone to a pixel, then an old iphone. and now there's nothing left in apple maps. it is so weird, surely all my guides and saved places are saved somewhere on my icloud account right ? side note : maps was synced with icloud in my settings. i had like 200 addresses there, it is super important to me","{'neg': 0.043, 'neu': 0.712, 'pos': 0.245, 'compound': 0.9649}",0.9649,positive
1nnspz7,applemaps,comment,1758561865.0,2025-09-22 12:24:25,https://www.reddit.com/r/applemaps/comments/1nnspz7/all_guides_and_saved_places_gone/,,,"it keeps saved on your icloud, just log in",other,other,"it keeps saved on your icloud, just log in","{'neg': 0.0, 'neu': 0.741, 'pos': 0.259, 'compound': 0.4215}",0.4215,positive
1nnspz7,applemaps,comment,1758561865.0,2025-09-22 12:24:25,https://www.reddit.com/r/applemaps/comments/1nnspz7/all_guides_and_saved_places_gone/,,,i had the same issue. i deleted maps and redownloaded it and everything came back. hope this helps,experience_complaint,other,i had the same issue. i deleted maps and redownloaded it and everything came back. hope this helps,"{'neg': 0.0, 'neu': 0.704, 'pos': 0.296, 'compound': 0.7096}",0.7096,positive
1nnjol7,applemaps,post,1758539817.0,2025-09-22 06:16:57,https://www.reddit.com/r/applemaps/comments/1nnjol7/reporting_on_maps_vs_maps_escalationsapplecom/,19.0,7.0,"reporting on maps vs maps_escalations@apple.com about a month and a half ago, i reported an issue on the maps application. there was an error with the entry of poi. maps was directing to the delivery entrance. as of today, it still hasn't been addressed. on saturday night, i submitted a report via maps_escalations@apple.com, including exactly the same information. by sunday morning, the problem was fixed. frustrating...",experience_complaint,search_poi_data,"reporting on maps vs maps_escalations@apple.com about a month and a half ago, i reported an issue on the maps application. there was an error with the entry of poi. maps was directing to the delivery entrance. as of today, it still hasn't been addressed. on saturday night, i submitted a report via maps_escalations@apple.com, including exactly the same information. by sunday morning, the problem was fixed. frustrating...","{'neg': 0.084, 'neu': 0.916, 'pos': 0.0, 'compound': -0.6597}",-0.6597,negative
1nnjol7,applemaps,comment,1758539817.0,2025-09-22 06:16:57,https://www.reddit.com/r/applemaps/comments/1nnjol7/reporting_on_maps_vs_maps_escalationsapplecom/,,,"as the email address suggests, an email to them is an ""escalation"" of the issue and is thus taken as higher priority. keep in mind though that you should always still ideally report the issue within the app first, since they also cross check to see if it has been already reported in the app, and also because bombarding that email with reports prevents other people with potentially business damaging inaccuracies from getting the fixes they need fast. so essentially, you should use that email for important cases if they have not been addressed yet through the built in report feature. treat the email as a ""last resort"".",experience_complaint,ui_ux_carplay,"as the email address suggests, an email to them is an ""escalation"" of the issue and is thus taken as higher priority. keep in mind though that you should always still ideally report the issue within the app first, since they also cross check to see if it has been already reported in the app, and also because bombarding that email with reports prevents other people with potentially business damaging inaccuracies from getting the fixes they need fast. so essentially, you should use that email for important cases if they have not been addressed yet through the built in report feature. treat the email as a ""last resort"".","{'neg': 0.029, 'neu': 0.896, 'pos': 0.076, 'compound': 0.5106}",0.5106,positive
1nnjol7,applemaps,comment,1758539817.0,2025-09-22 06:16:57,https://www.reddit.com/r/applemaps/comments/1nnjol7/reporting_on_maps_vs_maps_escalationsapplecom/,,,"in my experience, they are getting faster with reports in the app, but only in some regions, some neighbourhoods take weeks to update",experience_praise,other,"in my experience, they are getting faster with reports in the app, but only in some regions, some neighbourhoods take weeks to update","{'neg': 0.0, 'neu': 1.0, 'pos': 0.0, 'compound': 0.0}",0.0,neutral
1nnjol7,applemaps,comment,1758539817.0,2025-09-22 06:16:57,https://www.reddit.com/r/applemaps/comments/1nnjol7/reporting_on_maps_vs_maps_escalationsapplecom/,,,was on vacation in sicily and reported a map issue through the app and was updated a few days later 🤷🏽‍♂️,experience_complaint,other,was on vacation in sicily and reported a map issue through the app and was updated a few days later 🤷🏽‍♂️,"{'neg': 0.0, 'neu': 1.0, 'pos': 0.0, 'compound': 0.0}",0.0,neutral
1nnjol7,applemaps,comment,1758539817.0,2025-09-22 06:16:57,https://www.reddit.com/r/applemaps/comments/1nnjol7/reporting_on_maps_vs_maps_escalationsapplecom/,,,i always report in the app and within 1-2 weeks it’s been fixed.,other,other,i always report in the app and within 1-2 weeks it’s been fixed.,"{'neg': 0.0, 'neu': 1.0, 'pos': 0.0, 'compound': 0.0}",0.0,neutral
1nm8vbh,applemaps,post,1758400552.0,2025-09-20 15:35:52,https://www.reddit.com/r/applemaps/comments/1nm8vbh/siri_dont_know_pinned_places/,5.0,3.0,siri don’t know pinned places i love how apple maps have pinned places because when i navigate to those places it i can have it automatically share my eta with people. but for the life of me i can’t figure out to get siri to use a pinned place. i always have to select it myself. any ideas how to get siri to use a pinned place?,experience_praise,navigation_routing_traffic,siri don’t know pinned places i love how apple maps have pinned places because when i navigate to those places it i can have it automatically share my eta with people. but for the life of me i can’t figure out to get siri to use a pinned place. i always have to select it myself. any ideas how to get siri to use a pinned place?,"{'neg': 0.0, 'neu': 0.932, 'pos': 0.068, 'compound': 0.4939}",0.4939,positive
1nm8vbh,applemaps,comment,1758400552.0,2025-09-20 15:35:52,https://www.reddit.com/r/applemaps/comments/1nm8vbh/siri_dont_know_pinned_places/,,,"no siri cannot pin places here’s what i found on google no, siri cannot directly ""pin"" a location on the map, but you can drop a pin in the apple maps app by touch-and-holding the map, and then save that pin to your places for future reference [pin places maps](",other,search_poi_data,"no siri cannot pin places here’s what i found on google no, siri cannot directly ""pin"" a location on the map, but you can drop a pin in the apple maps app by touch-and-holding the map, and then save that pin to your places for future reference [pin places maps](","{'neg': 0.11, 'neu': 0.809, 'pos': 0.081, 'compound': 0.1154}",0.1154,neutral
1nm6l6v,applemaps,post,1758395015.0,2025-09-20 14:03:35,https://www.reddit.com/r/applemaps/comments/1nm6l6v/why_is_visited_places_restricted_to_os26/,0.0,4.0,"why is visited places restricted to os26? visited places is a new feature for ios 26. my iphone is on ios 18. i went shopping at a store last week. i just opened the maps app on my mac (sequoia 15.6) and looked up that same store to check traffic. there was a ratings suggestion saying that i had visited this store last week. if the individual store locations are already being tracked and saved, why is visited places not a feature in ios 18? apple has the information but is denying me access to it? this is one of the many reasons apple apps should be updated through the app store like other apps. i should not be required to install an entire operating system to get a single feature update.",experience_praise,ui_ux_carplay,"why is visited places restricted to os26? visited places is a new feature for ios 26. my iphone is on ios 18. i went shopping at a store last week. i just opened the maps app on my mac (sequoia 15.6) and looked up that same store to check traffic. there was a ratings suggestion saying that i had visited this store last week. if the individual store locations are already being tracked and saved, why is visited places not a feature in ios 18? apple has the information but is denying me access to it? this is one of the many reasons apple apps should be updated through the app store like other apps. i should not be required to install an entire operating system to get a single feature update.","{'neg': 0.038, 'neu': 0.918, 'pos': 0.044, 'compound': 0.1999}",0.1999,neutral
1nm6l6v,applemaps,comment,1758395015.0,2025-09-20 14:03:35,https://www.reddit.com/r/applemaps/comments/1nm6l6v/why_is_visited_places_restricted_to_os26/,,,"because it's a feature that came with ios 26. i agree that some apps have features that seem like they could have been updated standalone, without requiring a whole os update, but this streamlines features to prevent people from updating their os and realising that some apps don't have the claimed features because they have to be updated separately from the app store. also, the new feature requires you to give it permission to store and keep track of places you've been specifically through more precise time measurements and location readings the first time, rather than analysing a pattern, which is what ""siri suggestions"" does.",experience_praise,ui_ux_carplay,"because it's a feature that came with ios 26. i agree that some apps have features that seem like they could have been updated standalone, without requiring a whole os update, but this streamlines features to prevent people from updating their os and realising that some apps don't have the claimed features because they have to be updated separately from the app store. also, the new feature requires you to give it permission to store and keep track of places you've been specifically through more precise time measurements and location readings the first time, rather than analysing a pattern, which is what ""siri suggestions"" does.","{'neg': 0.0, 'neu': 0.955, 'pos': 0.045, 'compound': 0.3919}",0.3919,positive
1nm6l6v,applemaps,comment,1758395015.0,2025-09-20 14:03:35,https://www.reddit.com/r/applemaps/comments/1nm6l6v/why_is_visited_places_restricted_to_os26/,,,it’s always how apple update worked. it’s not like the standalone app like sport,experience_praise,other,it’s always how apple update worked. it’s not like the standalone app like sport,"{'neg': 0.26, 'neu': 0.74, 'pos': 0.0, 'compound': -0.4973}",-0.4973,negative
1nm6l6v,applemaps,comment,1758395015.0,2025-09-20 14:03:35,https://www.reddit.com/r/applemaps/comments/1nm6l6v/why_is_visited_places_restricted_to_os26/,,,"you’re not missing anything, i have it and it has recorded maybe 1 out of 100 visited locations.",other,search_poi_data,"you’re not missing anything, i have it and it has recorded maybe 1 out of 100 visited locations.","{'neg': 0.0, 'neu': 0.888, 'pos': 0.112, 'compound': 0.2235}",0.2235,positive
1nkrfog,applemaps,post,1758248334.0,2025-09-18 21:18:54,https://www.reddit.com/r/applemaps/comments/1nkrfog/least_populated_city_to_get_apple_maps_hollowed/,6.0,3.0,least populated city to get apple maps’ hollowed out circle icon? just wanting to find a pretty small town to get one of those white circle filled in with black icons apple maps’ usually reserves for major or highly populated cities. uploaded a little screenshot of juneau on apple maps for some reference as to what i mean by that icon.,other,ui_ux_carplay,least populated city to get apple maps’ hollowed out circle icon? just wanting to find a pretty small town to get one of those white circle filled in with black icons apple maps’ usually reserves for major or highly populated cities. uploaded a little screenshot of juneau on apple maps for some reference as to what i mean by that icon.,"{'neg': 0.0, 'neu': 0.947, 'pos': 0.053, 'compound': 0.4939}",0.4939,positive
1nkrfog,applemaps,comment,1758248334.0,2025-09-18 21:18:54,https://www.reddit.com/r/applemaps/comments/1nkrfog/least_populated_city_to_get_apple_maps_hollowed/,,,isn’t that because it’s a state capital?,other,other,isn’t that because it’s a state capital?,"{'neg': 0.0, 'neu': 1.0, 'pos': 0.0, 'compound': 0.0}",0.0,neutral
1nkrcji,applemaps,post,1758248093.0,2025-09-18 21:14:53,https://www.reddit.com/r/applemaps/comments/1nkrcji/directions_endpoint_no_longer_accepts_os_x_109/,7.0,4.0,"directions endpoint no longer accepts os x 10.9 request format the main directions endpoint at [ was updated somewhere in 2024 and now no longer accepts directions requests from os x mavericks, ios 6 and ios 7. mapsx fixes directions for ios but there isn't a fix for os x at the moment. does anyone know of an alternate endpoint that hasn't been updated? i've tried gsp-ssl-commute, gsp57-locus-ssl, [gsp-ssl.apple.com]( gsp57-background-ssl, gspe-ssl, [gsp.ls.apple.com]( gsp57-ssl, and a couple more.",other,navigation_routing_traffic,"directions endpoint no longer accepts os x 10.9 request format the main directions endpoint at [ was updated somewhere in 2024 and now no longer accepts directions requests from os x mavericks, ios 6 and ios 7. mapsx fixes directions for ios but there isn't a fix for os x at the moment. does anyone know of an alternate endpoint that hasn't been updated? i've tried gsp-ssl-commute, gsp57-locus-ssl, [gsp-ssl.apple.com]( gsp57-background-ssl, gspe-ssl, [gsp.ls.apple.com]( gsp57-ssl, and a couple more.","{'neg': 0.044, 'neu': 0.91, 'pos': 0.046, 'compound': 0.0258}",0.0258,neutral
1nkrcji,applemaps,comment,1758248093.0,2025-09-18 21:14:53,https://www.reddit.com/r/applemaps/comments/1nkrcji/directions_endpoint_no_longer_accepts_os_x_109/,,,bro why are you on mavericks,other,other,bro why are you on mavericks,"{'neg': 0.0, 'neu': 1.0, 'pos': 0.0, 'compound': 0.0}",0.0,neutral
1nkqtdz,applemaps,post,1758246602.0,2025-09-18 20:50:02,https://www.reddit.com/r/applemaps/comments/1nkqtdz/titanic_wreck_is_marked_on_apple_maps/,584.0,21.0,titanic wreck is marked on apple maps i was just going around the north atlantic ocean when i noticed titanic wreck were marked in the exact location it sank. what an interesting detail from apple,other,navigation_routing_traffic,titanic wreck is marked on apple maps i was just going around the north atlantic ocean when i noticed titanic wreck were marked in the exact location it sank. what an interesting detail from apple,"{'neg': 0.151, 'neu': 0.779, 'pos': 0.07, 'compound': -0.4767}",-0.4767,negative
1nkqtdz,applemaps,comment,1758246602.0,2025-09-18 20:50:02,https://www.reddit.com/r/applemaps/comments/1nkqtdz/titanic_wreck_is_marked_on_apple_maps/,,,uhhh….,other,other,uhhh....,"{'neg': 0.0, 'neu': 1.0, 'pos': 0.0, 'compound': 0.0}",0.0,neutral
1nkqtdz,applemaps,comment,1758246602.0,2025-09-18 20:50:02,https://www.reddit.com/r/applemaps/comments/1nkqtdz/titanic_wreck_is_marked_on_apple_maps/,,,when do you think they’ll add lookaround for that?,other,other,when do you think they’ll add lookaround for that?,"{'neg': 0.0, 'neu': 1.0, 'pos': 0.0, 'compound': 0.0}",0.0,neutral
1nkqtdz,applemaps,comment,1758246602.0,2025-09-18 20:50:02,https://www.reddit.com/r/applemaps/comments/1nkqtdz/titanic_wreck_is_marked_on_apple_maps/,,,which one?,other,other,which one?,"{'neg': 0.0, 'neu': 1.0, 'pos': 0.0, 'compound': 0.0}",0.0,neutral
1nkqtdz,applemaps,comment,1758246602.0,2025-09-18 20:50:02,https://www.reddit.com/r/applemaps/comments/1nkqtdz/titanic_wreck_is_marked_on_apple_maps/,,,"nice, i wonder if other shipwrecks are marked",other,other,"nice, i wonder if other shipwrecks are marked","{'neg': 0.0, 'neu': 0.682, 'pos': 0.318, 'compound': 0.4215}",0.4215,positive
1nkqtdz,applemaps,comment,1758246602.0,2025-09-18 20:50:02,https://www.reddit.com/r/applemaps/comments/1nkqtdz/titanic_wreck_is_marked_on_apple_maps/,,,likely that's the back of the wreck. you'll still need to drive around to find the front entrance.,experience_praise,other,likely that's the back of the wreck. you'll still need to drive around to find the front entrance.,"{'neg': 0.146, 'neu': 0.854, 'pos': 0.0, 'compound': -0.4404}",-0.4404,negative
1nkqtdz,applemaps,comment,1758246602.0,2025-09-18 20:50:02,https://www.reddit.com/r/applemaps/comments/1nkqtdz/titanic_wreck_is_marked_on_apple_maps/,,,well how else are billionaires supposed to find it??! /s,other,other,well how else are billionaires supposed to find it??! /s,"{'neg': 0.0, 'neu': 0.766, 'pos': 0.234, 'compound': 0.4122}",0.4122,positive
1nkqtdz,applemaps,comment,1758246602.0,2025-09-18 20:50:02,https://www.reddit.com/r/applemaps/comments/1nkqtdz/titanic_wreck_is_marked_on_apple_maps/,,,but they can’t expand look around.,other,other,but they can’t expand look around.,"{'neg': 0.0, 'neu': 0.629, 'pos': 0.371, 'compound': 0.4497}",0.4497,positive
1nkqtdz,applemaps,comment,1758246602.0,2025-09-18 20:50:02,https://www.reddit.com/r/applemaps/comments/1nkqtdz/titanic_wreck_is_marked_on_apple_maps/,,,"great, i’ll add a review now",experience_praise,other,"great, i’ll add a review now","{'neg': 0.0, 'neu': 0.494, 'pos': 0.506, 'compound': 0.6249}",0.6249,positive
1nkqtdz,applemaps,comment,1758246602.0,2025-09-18 20:50:02,https://www.reddit.com/r/applemaps/comments/1nkqtdz/titanic_wreck_is_marked_on_apple_maps/,,,did they also mark the titan wreck?,other,other,did they also mark the titan wreck?,"{'neg': 0.326, 'neu': 0.674, 'pos': 0.0, 'compound': -0.4404}",-0.4404,negative
1nkp0lc,applemaps,post,1758241516.0,2025-09-18 19:25:16,https://www.reddit.com/r/applemaps/comments/1nkp0lc/still_no_nsew/,0.0,4.0,"still no n/s/e/w? it's 2025, why can't apple add which direction you're going? this is so frustrating to me! i don't want to have to use google maps just for this. 😫",comparison_discussion,other,"still no n/s/e/w? it's 2025, why can't apple add which direction you're going? this is so frustrating to me! i don't want to have to use google maps just for this. 😫","{'neg': 0.224, 'neu': 0.776, 'pos': 0.0, 'compound': -0.7792}",-0.7792,negative
1nkp0lc,applemaps,comment,1758241516.0,2025-09-18 19:25:16,https://www.reddit.com/r/applemaps/comments/1nkp0lc/still_no_nsew/,,,"the did, years ago. settings > apps > maps > directions > driving > compass",other,navigation_routing_traffic,"the did, years ago. settings > apps > maps > directions > driving > compass","{'neg': 0.0, 'neu': 1.0, 'pos': 0.0, 'compound': 0.0}",0.0,neutral
1nkp0lc,applemaps,comment,1758241516.0,2025-09-18 19:25:16,https://www.reddit.com/r/applemaps/comments/1nkp0lc/still_no_nsew/,,,maybe do a little google search before a complaint post 😁,other,other,maybe do a little google search before a complaint post 😁,"{'neg': 0.239, 'neu': 0.761, 'pos': 0.0, 'compound': -0.296}",-0.296,negative
1njsgkc,applemaps,post,1758151031.0,2025-09-17 18:17:11,https://www.reddit.com/r/applemaps/comments/1njsgkc/how_do_you_edit_guide_pin_names_in_ios_26/,5.0,3.0,"how do you edit guide pin names in ios 26? hey all! been using ios 26 for a few days now, and just came across the first issue that i cannot find a solution for. i’m sure most members of this sub are familiar with the guide feature in apple maps, where you can add multiple pins to a particular guide/group. i just use it to group my pins with things like “campsites” or “boat launches.” has anyone figured out how the hell to add a pin to a guide in ios 26 and rename that pin? i can add a pin, and then go to places > pinned > “i” icon, to rename individual pins. great, i figured that out. but then i go to add the same exact pin to my guide, and it just titles it with the address or zip code after i already renamed it, and there doesn’t seem to be a way to rename after adding. i swear i’ve tried everything and cannot figure out how to rename these guide locations—in the previous os it was not hard at all (you would swipe left, hit the pencil icon with the blue background, and rename). i can easily rename the group, but not the individual pins. am i missing something, or did the devs forget to add this feature in ios 26? thank you in advance for any help here.",experience_complaint,ui_ux_carplay,"how do you edit guide pin names in ios 26? hey all! been using ios 26 for a few days now, and just came across the first issue that i cannot find a solution for. i’m sure most members of this sub are familiar with the guide feature in apple maps, where you can add multiple pins to a particular guide/group. i just use it to group my pins with things like “campsites” or “boat launches.” has anyone figured out how the hell to add a pin to a guide in ios 26 and rename that pin? i can add a pin, and then go to places > pinned > “i” icon, to rename individual pins. great, i figured that out. but then i go to add the same exact pin to my guide, and it just titles it with the address or zip code after i already renamed it, and there doesn’t seem to be a way to rename after adding. i swear i’ve tried everything and cannot figure out how to rename these guide locations—in the previous os it was not hard at all (you would swipe left, hit the pencil icon with the blue background, and rename). i can easily rename the group, but not the individual pins. am i missing something, or did the devs forget to add this feature in ios 26? thank you in advance for any help here.","{'neg': 0.046, 'neu': 0.877, 'pos': 0.078, 'compound': 0.8123}",0.8123,positive
1njsgkc,applemaps,comment,1758151031.0,2025-09-17 18:17:11,https://www.reddit.com/r/applemaps/comments/1njsgkc/how_do_you_edit_guide_pin_names_in_ios_26/,,,"i just got off a call with senior support and they agreed with my conclusion that this feature is missing and should be reported as a bug. i’m part of the dev program and will report thru feedback assistant, but if anyone else can try it and maybe report as well that would be helpful. this is one of my most used apple maps features. as a software dev myself, the fact that pinned locations have an obvious “i” icon for exactly this purpose, and guide locations do not (nor any other way to rename), makes me pretty confident that it was simply an oversight by the devs and qa folks. they just need to add that same icon and logic in the guide section that already exists in the pinned section.",bug_report,ui_ux_carplay,"i just got off a call with senior support and they agreed with my conclusion that this feature is missing and should be reported as a bug. i’m part of the dev program and will report thru feedback assistant, but if anyone else can try it and maybe report as well that would be helpful. this is one of my most used apple maps features. as a software dev myself, the fact that pinned locations have an obvious “i” icon for exactly this purpose, and guide locations do not (nor any other way to rename), makes me pretty confident that it was simply an oversight by the devs and qa folks. they just need to add that same icon and logic in the guide section that already exists in the pinned section.","{'neg': 0.011, 'neu': 0.858, 'pos': 0.13, 'compound': 0.9497}",0.9497,positive
1njqduj,applemaps,post,1758145829.0,2025-09-17 16:50:29,https://www.reddit.com/r/applemaps/comments/1njqduj/very_strange_bug_estimating_distance/,6.0,0.0,"very strange bug estimating distance my wife and i were driving from boston to ottawa ontario, using apple maps. everything was working fine. then we got off the road for a rest stop, and when we got back on the road, the arrival time and time estimate were correct, but the app showed a distance of 26,870 miles. both phones showed this. the mileage estimate was off in this way until we arrived at our destination. has anyone seen anything like this? no, it's about 150 miles, not over 26k!",bug_report,transit_walk_bike,"very strange bug estimating distance my wife and i were driving from boston to ottawa ontario, using apple maps. everything was working fine. then we got off the road for a rest stop, and when we got back on the road, the arrival time and time estimate were correct, but the app showed a distance of 26,870 miles. both phones showed this. the mileage estimate was off in this way until we arrived at our destination. has anyone seen anything like this? no, it's about 150 miles, not over 26k!","{'neg': 0.072, 'neu': 0.879, 'pos': 0.05, 'compound': -0.259}",-0.259,negative
1njethm,applemaps,post,1758119639.0,2025-09-17 09:33:59,https://www.reddit.com/r/applemaps/comments/1njethm/apple_maps_navigation_stopped_working_after_ios/,1.0,1.0,apple maps navigation stopped working after ios 26 update,bug_report,navigation_routing_traffic,apple maps navigation stopped working after ios 26 update,"{'neg': 0.192, 'neu': 0.808, 'pos': 0.0, 'compound': -0.2263}",-0.2263,negative
1njethm,applemaps,comment,1758119639.0,2025-09-17 09:33:59,https://www.reddit.com/r/applemaps/comments/1njethm/apple_maps_navigation_stopped_working_after_ios/,,,i believe it said in another post that this is known bug and should be fixed in the next update?,bug_report,other,i believe it said in another post that this is known bug and should be fixed in the next update?,"{'neg': 0.0, 'neu': 1.0, 'pos': 0.0, 'compound': 0.0}",0.0,neutral
1njaine,applemaps,post,1758108507.0,2025-09-17 06:28:27,https://www.reddit.com/r/applemaps/comments/1njaine/what_are_the_symbols_within_apple_maps/,0.0,23.0,what are the symbols within apple maps i’m using apple maps creating a route and now there’s symbols with which i don’t know?,other,navigation_routing_traffic,what are the symbols within apple maps i’m using apple maps creating a route and now there’s symbols with which i don’t know?,"{'neg': 0.0, 'neu': 0.901, 'pos': 0.099, 'compound': 0.296}",0.296,positive
1njaine,applemaps,comment,1758108507.0,2025-09-17 06:28:27,https://www.reddit.com/r/applemaps/comments/1njaine/what_are_the_symbols_within_apple_maps/,,,stairs.,other,transit_walk_bike,stairs.,"{'neg': 0.0, 'neu': 1.0, 'pos': 0.0, 'compound': 0.0}",0.0,neutral
1njaine,applemaps,comment,1758108507.0,2025-09-17 06:28:27,https://www.reddit.com/r/applemaps/comments/1njaine/what_are_the_symbols_within_apple_maps/,,,is this a deliberate shitpost? there’s a massive set of stairs where the stairs are marked and the entire “different colour” section is part of southern cross station.,other,transit_walk_bike,is this a deliberate shitpost? there’s a massive set of stairs where the stairs are marked and the entire “different colour” section is part of southern cross station.,"{'neg': 0.0, 'neu': 1.0, 'pos': 0.0, 'compound': 0.0}",0.0,neutral
1njaine,applemaps,comment,1758108507.0,2025-09-17 06:28:27,https://www.reddit.com/r/applemaps/comments/1njaine/what_are_the_symbols_within_apple_maps/,,,# fuck off sea poo queen,other,other,# fuck off sea poo queen,"{'neg': 0.467, 'neu': 0.533, 'pos': 0.0, 'compound': -0.5423}",-0.5423,negative
1njaine,applemaps,comment,1758108507.0,2025-09-17 06:28:27,https://www.reddit.com/r/applemaps/comments/1njaine/what_are_the_symbols_within_apple_maps/,,,looks like stairs to me... ;),experience_praise,transit_walk_bike,looks like stairs to me... ;),"{'neg': 0.0, 'neu': 0.476, 'pos': 0.524, 'compound': 0.5267}",0.5267,positive
1njaine,applemaps,comment,1758108507.0,2025-09-17 06:28:27,https://www.reddit.com/r/applemaps/comments/1njaine/what_are_the_symbols_within_apple_maps/,,,zoom in. it isn’t more establishments?,other,other,zoom in. it isn’t more establishments?,"{'neg': 0.0, 'neu': 1.0, 'pos': 0.0, 'compound': 0.0}",0.0,neutral
1njaine,applemaps,comment,1758108507.0,2025-09-17 06:28:27,https://www.reddit.com/r/applemaps/comments/1njaine/what_are_the_symbols_within_apple_maps/,,,well what could the stairs symbol be? lets see. a hot dog vendor maybe?,other,transit_walk_bike,well what could the stairs symbol be? lets see. a hot dog vendor maybe?,"{'neg': 0.0, 'neu': 0.83, 'pos': 0.17, 'compound': 0.3527}",0.3527,positive
1njaine,applemaps,comment,1758108507.0,2025-09-17 06:28:27,https://www.reddit.com/r/applemaps/comments/1njaine/what_are_the_symbols_within_apple_maps/,,,does it not show you if you tap on it?,other,other,does it not show you if you tap on it?,"{'neg': 0.0, 'neu': 1.0, 'pos': 0.0, 'compound': 0.0}",0.0,neutral
1nj2cxy,applemaps,post,1758079549.0,2025-09-16 22:25:49,https://www.reddit.com/r/applemaps/comments/1nj2cxy/why_do_you_use_apple_maps/,80.0,60.0,why do you use apple maps? hi everyone! i’m interested as a cartographer why people choose their map apps on phones for a project i’m doing. if you could help out and explain your reasoning for using apple maps that would be appreciated! thank you for your time!,other,other,why do you use apple maps? hi everyone! i’m interested as a cartographer why people choose their map apps on phones for a project i’m doing. if you could help out and explain your reasoning for using apple maps that would be appreciated! thank you for your time!,"{'neg': 0.0, 'neu': 0.777, 'pos': 0.223, 'compound': 0.9017}",0.9017,positive
1nj2cxy,applemaps,comment,1758079549.0,2025-09-16 22:25:49,https://www.reddit.com/r/applemaps/comments/1nj2cxy/why_do_you_use_apple_maps/,,,"it's pretty. also it gives better lane guidance imo. like if i am taking a left and then immediately have to take a right and there are two left-turn lanes, apple maps will tell me to specifically go on the rightmost left-turn lane so i can easily turn right after the intersection, while google maps doesn't do it as well. but also it's pretty.",comparison_discussion,ui_ux_carplay,"it's pretty. also it gives better lane guidance imo. like if i am taking a left and then immediately have to take a right and there are two left-turn lanes, apple maps will tell me to specifically go on the rightmost left-turn lane so i can easily turn right after the intersection, while google maps doesn't do it as well. but also it's pretty.","{'neg': 0.0, 'neu': 0.8, 'pos': 0.2, 'compound': 0.8883}",0.8883,positive
1nj2cxy,applemaps,comment,1758079549.0,2025-09-16 22:25:49,https://www.reddit.com/r/applemaps/comments/1nj2cxy/why_do_you_use_apple_maps/,,,"initially, it was how good it looked that brought me over, and it's an apple product, too, so it's deeply integrated. turned out, it’s even better in a lot of aspects if your region supports it, especially voice direction is awesome when it tells you to turn at a certain light or sign, which is better than distance.",experience_praise,other,"initially, it was how good it looked that brought me over, and it's an apple product, too, so it's deeply integrated. turned out, it’s even better in a lot of aspects if your region supports it, especially voice direction is awesome when it tells you to turn at a certain light or sign, which is better than distance.","{'neg': 0.0, 'neu': 0.742, 'pos': 0.258, 'compound': 0.9468}",0.9468,positive
1nj2cxy,applemaps,comment,1758079549.0,2025-09-16 22:25:49,https://www.reddit.com/r/applemaps/comments/1nj2cxy/why_do_you_use_apple_maps/,,,"it might be more helpful to gather more specific data points via google forms, but here are mine: 1. ui/ux: apple maps is simply better than all the competition here such as gmaps, waze, mapy.com, here, kakaomaps, organic maps and others. the ui is not as cluttered and is fast and responsive. it just works here. ux is also better across devices due to familiarity and so on. 2. performance and battery: i touched on the responsiveness above, but also in flyover and look around, the performance runs at a native level compared to the competition which is often choppy or doesn’t exist. 3. availability: it’s also available natively/offline on watchos and i think even visionos and there’s even a third party tvos version. now also on web in beta. 4. privacy: no trackers, ads (at the moment) and reselling of your data while you use the product. no upselling to paid versions and so on. it all stays private on your device. how can you not like that? 5. support: compared to google, business connect has actual human support team behind it and not just ai. escalations emails hardly ever get responses but business connect does. 6. features: maps in some countries has apple’s data, which tends to be very accurate and combined with government and third party info can also be quite accurate. this has especially been true in mexico once data started showing up earlier this year. then there’s topographic maps for us/uk, visited places in a few more regions, dce providing really detailed data for some cities and so on. 7. transit and bike: transit where available is extremely detailed and with real time data gets even easier to use. biking paths utilize elevation and other data to make for an excellent biking experience. and lastly this community. there are some real passionate maps users here who have put in a ton of work to help improve maps. in my opinion, they all deserve a type of ‘local guide’ or at least some recognition from apple, but that’s another story. but yeah, that’s another source of inspiration to use apple maps for me. 😊",policy_discussion,policy_strategy,"it might be more helpful to gather more specific data points via google forms, but here are mine: 1. ui/ux: apple maps is simply better than all the competition here such as gmaps, waze, mapy.com, here, kakaomaps, organic maps and others. the ui is not as cluttered and is fast and responsive. it just works here. ux is also better across devices due to familiarity and so on. 2. performance and battery: i touched on the responsiveness above, but also in flyover and look around, the performance runs at a native level compared to the competition which is often choppy or doesn’t exist. 3. availability: it’s also available natively/offline on watchos and i think even visionos and there’s even a third party tvos version. now also on web in beta. 4. privacy: no trackers, ads (at the moment) and reselling of your data while you use the product. no upselling to paid versions and so on. it all stays private on your device. how can you not like that? 5. support: compared to google, business connect has actual human support team behind it and not just ai. escalations emails hardly ever get responses but business connect does. 6. features: maps in some countries has apple’s data, which tends to be very accurate and combined with government and third party info can also be quite accurate. this has especially been true in mexico once data started showing up earlier this year. then there’s topographic maps for us/uk, visited places in a few more regions, dce providing really detailed data for some cities and so on. 7. transit and bike: transit where available is extremely detailed and with real time data gets even easier to use. biking paths utilize elevation and other data to make for an excellent biking experience. and lastly this community. there are some real passionate maps users here who have put in a ton of work to help improve maps. in my opinion, they all deserve a type of ‘local guide’ or at least some recognition from apple, but that’s another story. but yeah, that’s another source of inspiration to use apple maps for me. 😊","{'neg': 0.021, 'neu': 0.83, 'pos': 0.149, 'compound': 0.9949}",0.9949,positive
1nj2cxy,applemaps,comment,1758079549.0,2025-09-16 22:25:49,https://www.reddit.com/r/applemaps/comments/1nj2cxy/why_do_you_use_apple_maps/,,,"initially i started using apple maps because my car’s heads up display only supported showing directions when using apple maps via car play. recently an update made the heads up display with google maps. after trying to switch back, i was making multiple errors navigating due to how lane changes and other details are captured. some parts are wrong, in dense areas it was unclear from a glance if the next turn was the immediate side street or not. now, i’m back to use apple maps. hope apple keeps improving data and ux by investing in the product.",policy_discussion,policy_strategy,"initially i started using apple maps because my car’s heads up display only supported showing directions when using apple maps via car play. recently an update made the heads up display with google maps. after trying to switch back, i was making multiple errors navigating due to how lane changes and other details are captured. some parts are wrong, in dense areas it was unclear from a glance if the next turn was the immediate side street or not. now, i’m back to use apple maps. hope apple keeps improving data and ux by investing in the product.","{'neg': 0.071, 'neu': 0.831, 'pos': 0.098, 'compound': 0.4404}",0.4404,positive
1nj2cxy,applemaps,comment,1758079549.0,2025-09-16 22:25:49,https://www.reddit.com/r/applemaps/comments/1nj2cxy/why_do_you_use_apple_maps/,,,"cleaner, easier to use ui. fewer distractions when driving compared to competitors. strong integration with my apple devices. great lane guidance.",comparison_discussion,ui_ux_carplay,"cleaner, easier to use ui. fewer distractions when driving compared to competitors. strong integration with my apple devices. great lane guidance.","{'neg': 0.067, 'neu': 0.535, 'pos': 0.398, 'compound': 0.872}",0.872,positive
1nj2cxy,applemaps,comment,1758079549.0,2025-09-16 22:25:49,https://www.reddit.com/r/applemaps/comments/1nj2cxy/why_do_you_use_apple_maps/,,,because i’m deep into the apple ecosystem.,other,other,because i’m deep into the apple ecosystem.,"{'neg': 0.0, 'neu': 1.0, 'pos': 0.0, 'compound': 0.0}",0.0,neutral
1nj2cxy,applemaps,comment,1758079549.0,2025-09-16 22:25:49,https://www.reddit.com/r/applemaps/comments/1nj2cxy/why_do_you_use_apple_maps/,,,"i use it when driving and generally the guidance approach is good, things like “go past these lights and at the next lights, turn right.” clear and all delivered in plenty of time. that’s the good. unfortunately, occasionally, the vocal instructions get left and right mixed up, so i always have to check which way the arrow is pointing on the screen. a small thing but if you can’t rely on it 100%, then you always have to check the integration with the apple watch s great too. wrist taps draw your attention. roundabout exit counting is a bit hit and miss. i don’t card if the first exit is a private road or business driveway, it’s still an exit, so count it as an exit! i still like the friendly style of the interface and will use it despite its flaws.",experience_praise,ui_ux_carplay,"i use it when driving and generally the guidance approach is good, things like “go past these lights and at the next lights, turn right.” clear and all delivered in plenty of time. that’s the good. unfortunately, occasionally, the vocal instructions get left and right mixed up, so i always have to check which way the arrow is pointing on the screen. a small thing but if you can’t rely on it 100%, then you always have to check the integration with the apple watch s great too. wrist taps draw your attention. roundabout exit counting is a bit hit and miss. i don’t card if the first exit is a private road or business driveway, it’s still an exit, so count it as an exit! i still like the friendly style of the interface and will use it despite its flaws.","{'neg': 0.024, 'neu': 0.836, 'pos': 0.14, 'compound': 0.9541}",0.9541,positive
1nj2cxy,applemaps,comment,1758079549.0,2025-09-16 22:25:49,https://www.reddit.com/r/applemaps/comments/1nj2cxy/why_do_you_use_apple_maps/,,,"it all started with directions. especially with regard to lane guidance. but now i just appreciate it more. and it looks nicer to me. richer, in a way.",other,ui_ux_carplay,"it all started with directions. especially with regard to lane guidance. but now i just appreciate it more. and it looks nicer to me. richer, in a way.","{'neg': 0.0, 'neu': 0.657, 'pos': 0.343, 'compound': 0.9186}",0.9186,positive
1nj2cxy,applemaps,comment,1758079549.0,2025-09-16 22:25:49,https://www.reddit.com/r/applemaps/comments/1nj2cxy/why_do_you_use_apple_maps/,,,"i use 4 maps depending on use case: - tesla maps - apple maps - google maps - waze i use google maps when i’m going somewhere long distance (200km) and i don’t know where it is. i find that google maps has better information in places outside cities, so it’s great for highways. i use waze when there’s a lot of traffic. but it’s very resource intensive so i try not to use it all the time. apple maps i use in any other situations when i’m driving my gas car that has carplay. i’d love to use it in my tesla too, but tesla doesn’t support carplay. so, i use tesla maps when i drive my tesla and i’m not traveling far or in traffic. i do have the dongle to add carplay to tesla through the onscreen browser, but it’s a hassle so i don’t use it all the time. i use it mostly when i really need waze, since tesla uses google maps data…",comparison_discussion,ui_ux_carplay,"i use 4 maps depending on use case: - tesla maps - apple maps - google maps - waze i use google maps when i’m going somewhere long distance (200km) and i don’t know where it is. i find that google maps has better information in places outside cities, so it’s great for highways. i use waze when there’s a lot of traffic. but it’s very resource intensive so i try not to use it all the time. apple maps i use in any other situations when i’m driving my gas car that has carplay. i’d love to use it in my tesla too, but tesla doesn’t support carplay. so, i use tesla maps when i drive my tesla and i’m not traveling far or in traffic. i do have the dongle to add carplay to tesla through the onscreen browser, but it’s a hassle so i don’t use it all the time. i use it mostly when i really need waze, since tesla uses google maps data...","{'neg': 0.0, 'neu': 0.911, 'pos': 0.089, 'compound': 0.9324}",0.9324,positive
1nj2cxy,applemaps,comment,1758079549.0,2025-09-16 22:25:49,https://www.reddit.com/r/applemaps/comments/1nj2cxy/why_do_you_use_apple_maps/,,,"i like the voice selections better on apple maps. i use apple for driving directions, but google for ""where is a place to eat near me?""",experience_praise,navigation_routing_traffic,"i like the voice selections better on apple maps. i use apple for driving directions, but google for ""where is a place to eat near me?""","{'neg': 0.0, 'neu': 0.85, 'pos': 0.15, 'compound': 0.4019}",0.4019,positive
1nj2cxy,applemaps,comment,1758079549.0,2025-09-16 22:25:49,https://www.reddit.com/r/applemaps/comments/1nj2cxy/why_do_you_use_apple_maps/,,,"used waze for a long time but the eta changed a lot on the journey, and not just down to new incidents, it just never seemed accurate. for the most part with apple maps i arrive at the time it says i will at the start of my journey, or at least a lot closer to it. also, waze on an iphone doesn’t work with voice commands, you have to install google assistant (or something like that) and that interferes with other functionality and even then the voice commands never seemed to work. being able to easily give voice commands to change route or report incidents is a huge factor for me (although i wish there were more options of things to report, at the moment it’s just hazardous, accident and speed check). as others have said too, it gives much better instructions too on lanes to use for exits or taking a turning after the next set of lights, stuff like that. overall, just a much better user experience.",comparison_discussion,navigation_routing_traffic,"used waze for a long time but the eta changed a lot on the journey, and not just down to new incidents, it just never seemed accurate. for the most part with apple maps i arrive at the time it says i will at the start of my journey, or at least a lot closer to it. also, waze on an iphone doesn’t work with voice commands, you have to install google assistant (or something like that) and that interferes with other functionality and even then the voice commands never seemed to work. being able to easily give voice commands to change route or report incidents is a huge factor for me (although i wish there were more options of things to report, at the moment it’s just hazardous, accident and speed check). as others have said too, it gives much better instructions too on lanes to use for exits or taking a turning after the next set of lights, stuff like that. overall, just a much better user experience.","{'neg': 0.023, 'neu': 0.846, 'pos': 0.132, 'compound': 0.962}",0.962,positive
1nj2cxy,applemaps,comment,1758079549.0,2025-09-16 22:25:49,https://www.reddit.com/r/applemaps/comments/1nj2cxy/why_do_you_use_apple_maps/,,,"it has all the features i need, gets me where i need to go and isn’t trying to drive engagement or sell me anything.",other,other,"it has all the features i need, gets me where i need to go and isn’t trying to drive engagement or sell me anything.","{'neg': 0.0, 'neu': 0.875, 'pos': 0.125, 'compound': 0.4588}",0.4588,positive
1nj2cxy,applemaps,comment,1758079549.0,2025-09-16 22:25:49,https://www.reddit.com/r/applemaps/comments/1nj2cxy/why_do_you_use_apple_maps/,,,because it’s less annoying than google maps and waze.,comparison_discussion,other,because it’s less annoying than google maps and waze.,"{'neg': 0.231, 'neu': 0.769, 'pos': 0.0, 'compound': -0.3415}",-0.3415,negative
1nj2cxy,applemaps,comment,1758079549.0,2025-09-16 22:25:49,https://www.reddit.com/r/applemaps/comments/1nj2cxy/why_do_you_use_apple_maps/,,,"it just works. i never needed a mapping service when it was first released because i wasn’t able to drive. so never used apple maps when it was just starting. never used google maps either. we had our tom tom gps and that was it. then when i got to college and started going on more roadtrips, that’s when i started to use apple maps and it just worked for me. i tried google maps, but it’s a cluttered mess when searching and shows too much information when driving. the newest thing i found that makes it great is voice directions vs. google maps. apple’s is clear for me and tells me directly what i need to know and when to turn e.g. “after this light, get in the right two lanes and make a right at the next stop sign.” it’s clearer than what google maps offers.",comparison_discussion,ui_ux_carplay,"it just works. i never needed a mapping service when it was first released because i wasn’t able to drive. so never used apple maps when it was just starting. never used google maps either. we had our tom tom gps and that was it. then when i got to college and started going on more roadtrips, that’s when i started to use apple maps and it just worked for me. i tried google maps, but it’s a cluttered mess when searching and shows too much information when driving. the newest thing i found that makes it great is voice directions vs. google maps. apple’s is clear for me and tells me directly what i need to know and when to turn e.g. “after this light, get in the right two lanes and make a right at the next stop sign.” it’s clearer than what google maps offers.","{'neg': 0.041, 'neu': 0.899, 'pos': 0.061, 'compound': 0.6124}",0.6124,positive
1nj2cxy,applemaps,comment,1758079549.0,2025-09-16 22:25:49,https://www.reddit.com/r/applemaps/comments/1nj2cxy/why_do_you_use_apple_maps/,,,because it’s not google.,other,other,because it’s not google.,"{'neg': 0.0, 'neu': 1.0, 'pos': 0.0, 'compound': 0.0}",0.0,neutral
1nj2cxy,applemaps,comment,1758079549.0,2025-09-16 22:25:49,https://www.reddit.com/r/applemaps/comments/1nj2cxy/why_do_you_use_apple_maps/,,,"i was using it but found a huge flaw with it for my area, rome, italy... we have a big green area around all the city where only newer veichles can enter, then inside there are smaller restricted areas for residents and workers . well to not get tickets you need to know and avoid those, apple map is the only map app that only show and consider the big first one (so it say to enter the city you need appropriate car) as it can only show one single alert... meanwhile every other apps show a list of alerts so you know for example ""attention your path goes through the green area"" and another for "" attention your path goes through ztl city center"" and so on... so basically i am trying other apps as really want to avoid tickets ... reported many times but this being mostly a big italian city problem doubt apple has any fix in mind",experience_complaint,other,"i was using it but found a huge flaw with it for my area, rome, italy... we have a big green area around all the city where only newer veichles can enter, then inside there are smaller restricted areas for residents and workers . well to not get tickets you need to know and avoid those, apple map is the only map app that only show and consider the big first one (so it say to enter the city you need appropriate car) as it can only show one single alert... meanwhile every other apps show a list of alerts so you know for example ""attention your path goes through the green area"" and another for "" attention your path goes through ztl city center"" and so on... so basically i am trying other apps as really want to avoid tickets ... reported many times but this being mostly a big italian city problem doubt apple has any fix in mind","{'neg': 0.094, 'neu': 0.862, 'pos': 0.045, 'compound': -0.8523}",-0.8523,negative
1nj2cxy,applemaps,comment,1758079549.0,2025-09-16 22:25:49,https://www.reddit.com/r/applemaps/comments/1nj2cxy/why_do_you_use_apple_maps/,,,"will i need to upgrade it into macos and ios. more importantly, since getting new maps data^tm tends to be more accurate in terms of routing and street layout. (google maps is still the king of business information).",comparison_discussion,ui_ux_carplay,"will i need to upgrade it into macos and ios. more importantly, since getting new maps data^tm tends to be more accurate in terms of routing and street layout. (google maps is still the king of business information).","{'neg': 0.0, 'neu': 0.933, 'pos': 0.067, 'compound': 0.3804}",0.3804,positive
1nj2cxy,applemaps,comment,1758079549.0,2025-09-16 22:25:49,https://www.reddit.com/r/applemaps/comments/1nj2cxy/why_do_you_use_apple_maps/,,,"i just like it, not for a particular reason to be honest. i use it for walking, transit, and driving; and it does a good job at it. but i only use it in vancouver, i often switch to google maps when travelling to other countries where apple’s coverage isn’t as good. good luck!",comparison_discussion,transit_walk_bike,"i just like it, not for a particular reason to be honest. i use it for walking, transit, and driving; and it does a good job at it. but i only use it in vancouver, i often switch to google maps when travelling to other countries where apple’s coverage isn’t as good. good luck!","{'neg': 0.0, 'neu': 0.702, 'pos': 0.298, 'compound': 0.9505}",0.9505,positive
1nj2cxy,applemaps,comment,1758079549.0,2025-09-16 22:25:49,https://www.reddit.com/r/applemaps/comments/1nj2cxy/why_do_you_use_apple_maps/,,,"it looks good, it works great and i don't know all the roads by heart ;-)",policy_discussion,policy_strategy,"it looks good, it works great and i don't know all the roads by heart ;-)","{'neg': 0.0, 'neu': 0.571, 'pos': 0.429, 'compound': 0.8402}",0.8402,positive
1nj2cxy,applemaps,comment,1758079549.0,2025-09-16 22:25:49,https://www.reddit.com/r/applemaps/comments/1nj2cxy/why_do_you_use_apple_maps/,,,"i don’t unless i’m walking which is rare. the google maps user base is so much larger so police are reported, debris on the road, directions are better. i’ve never seen a police reported while driving in apple maps, and i assume it’s because no one uses it (us).",comparison_discussion,navigation_routing_traffic,"i don’t unless i’m walking which is rare. the google maps user base is so much larger so police are reported, debris on the road, directions are better. i’ve never seen a police reported while driving in apple maps, and i assume it’s because no one uses it (us).","{'neg': 0.045, 'neu': 0.896, 'pos': 0.059, 'compound': 0.1779}",0.1779,neutral
1nj2cxy,applemaps,comment,1758079549.0,2025-09-16 22:25:49,https://www.reddit.com/r/applemaps/comments/1nj2cxy/why_do_you_use_apple_maps/,,,"i use google maps to find places and apple maps for actual directions, i feel like it’s better",comparison_discussion,navigation_routing_traffic,"i use google maps to find places and apple maps for actual directions, i feel like it’s better","{'neg': 0.0, 'neu': 0.722, 'pos': 0.278, 'compound': 0.6597}",0.6597,positive
1nj2cxy,applemaps,comment,1758079549.0,2025-09-16 22:25:49,https://www.reddit.com/r/applemaps/comments/1nj2cxy/why_do_you_use_apple_maps/,,,"it works better for me in my city than does google maps (as in, i find it more accurate regarding routes changed due to streets closed for long construction projects). it’s less busy looking on my carplay screen. easier to get to the traffic reporting controls. doesn’t freeze up my carplay like google maps sometimes does.",comparison_discussion,ui_ux_carplay,"it works better for me in my city than does google maps (as in, i find it more accurate regarding routes changed due to streets closed for long construction projects). it’s less busy looking on my carplay screen. easier to get to the traffic reporting controls. doesn’t freeze up my carplay like google maps sometimes does.","{'neg': 0.0, 'neu': 0.844, 'pos': 0.156, 'compound': 0.8126}",0.8126,positive
1nj2cxy,applemaps,comment,1758079549.0,2025-09-16 22:25:49,https://www.reddit.com/r/applemaps/comments/1nj2cxy/why_do_you_use_apple_maps/,,,"what about why we don’t use it? i don’t use it because it won’t let me keep north up when navigating. i don’t know much else about it because i’ve never used it due to that, which is non negotiable to me.",other,other,"what about why we don’t use it? i don’t use it because it won’t let me keep north up when navigating. i don’t know much else about it because i’ve never used it due to that, which is non negotiable to me.","{'neg': 0.0, 'neu': 1.0, 'pos': 0.0, 'compound': 0.0}",0.0,neutral
1nj2cxy,applemaps,comment,1758079549.0,2025-09-16 22:25:49,https://www.reddit.com/r/applemaps/comments/1nj2cxy/why_do_you_use_apple_maps/,,,"in taiwan, it shows speed limit and traffic lights, which makes it easy to navigate a complicated intersection by using the lights as beacons. sometimes on google, a turning will come and go due to the lack of “beacons” and the gps lag. google is still way better at finding actually destinations though. so i’ll sometimes grab coordinates from google and paste them into maps.",other,navigation_routing_traffic,"in taiwan, it shows speed limit and traffic lights, which makes it easy to navigate a complicated intersection by using the lights as beacons. sometimes on google, a turning will come and go due to the lack of “beacons” and the gps lag. google is still way better at finding actually destinations though. so i’ll sometimes grab coordinates from google and paste them into maps.","{'neg': 0.068, 'neu': 0.849, 'pos': 0.083, 'compound': 0.2732}",0.2732,positive
1nj2cxy,applemaps,comment,1758079549.0,2025-09-16 22:25:49,https://www.reddit.com/r/applemaps/comments/1nj2cxy/why_do_you_use_apple_maps/,,,"privacy and as someone who rarely has their phone, it works entirely on just the watch.",policy_discussion,policy_strategy,"privacy and as someone who rarely has their phone, it works entirely on just the watch.","{'neg': 0.0, 'neu': 1.0, 'pos': 0.0, 'compound': 0.0}",0.0,neutral
1nj2cxy,applemaps,comment,1758079549.0,2025-09-16 22:25:49,https://www.reddit.com/r/applemaps/comments/1nj2cxy/why_do_you_use_apple_maps/,,,it’s not cluttered. and i get the alerts from directions on my watch and don’t have to listen to it yell at me about upcoming turns or whatever,experience_complaint,navigation_routing_traffic,it’s not cluttered. and i get the alerts from directions on my watch and don’t have to listen to it yell at me about upcoming turns or whatever,"{'neg': 0.0, 'neu': 1.0, 'pos': 0.0, 'compound': 0.0}",0.0,neutral
1nj2cxy,applemaps,comment,1758079549.0,2025-09-16 22:25:49,https://www.reddit.com/r/applemaps/comments/1nj2cxy/why_do_you_use_apple_maps/,,,"for me it works better than google maps nowadays. it gives me more information, it looks nicer. only advantage google maps has is when i’m looking at a business or place. google has many more reviews and pictures of the place, and make it a lot easier to add a review yourself. otherwise, for transit, driving, biking directions, i’ve found apple maps works a lot better and even gives me more information in many cases. for why the transit layer is better, you might be interested in seeing this video here:",comparison_discussion,navigation_routing_traffic,"for me it works better than google maps nowadays. it gives me more information, it looks nicer. only advantage google maps has is when i’m looking at a business or place. google has many more reviews and pictures of the place, and make it a lot easier to add a review yourself. otherwise, for transit, driving, biking directions, i’ve found apple maps works a lot better and even gives me more information in many cases. for why the transit layer is better, you might be interested in seeing this video here:","{'neg': 0.0, 'neu': 0.807, 'pos': 0.193, 'compound': 0.9524}",0.9524,positive
1nj2cxy,applemaps,comment,1758079549.0,2025-09-16 22:25:49,https://www.reddit.com/r/applemaps/comments/1nj2cxy/why_do_you_use_apple_maps/,,,"compared to google maps, it’s nicer looking, pleasant voice directions and useful red light/speed camera warnings.",comparison_discussion,ui_ux_carplay,"compared to google maps, it’s nicer looking, pleasant voice directions and useful red light/speed camera warnings.","{'neg': 0.094, 'neu': 0.515, 'pos': 0.391, 'compound': 0.7845}",0.7845,positive
1nj2cxy,applemaps,comment,1758079549.0,2025-09-16 22:25:49,https://www.reddit.com/r/applemaps/comments/1nj2cxy/why_do_you_use_apple_maps/,,,"it’s a very beautiful app mainly, but i also don’t use google services as much as i possibly can.",other,other,"it’s a very beautiful app mainly, but i also don’t use google services as much as i possibly can.","{'neg': 0.0, 'neu': 0.852, 'pos': 0.148, 'compound': 0.3811}",0.3811,positive
1nj2cxy,applemaps,comment,1758079549.0,2025-09-16 22:25:49,https://www.reddit.com/r/applemaps/comments/1nj2cxy/why_do_you_use_apple_maps/,,,it’s more up to date with aerial shots than google! i know that’s hard to believe but it’s true.,other,other,it’s more up to date with aerial shots than google! i know that’s hard to believe but it’s true.,"{'neg': 0.057, 'neu': 0.755, 'pos': 0.188, 'compound': 0.5848}",0.5848,positive
1nj2cxy,applemaps,comment,1758079549.0,2025-09-16 22:25:49,https://www.reddit.com/r/applemaps/comments/1nj2cxy/why_do_you_use_apple_maps/,,,"voice directions. it’s easier to figure out “turn right at the next stop sign”, than “turn right after 500 ft.”.",other,ui_ux_carplay,"voice directions. it’s easier to figure out “turn right at the next stop sign”, than “turn right after 500 ft.”.","{'neg': 0.096, 'neu': 0.783, 'pos': 0.122, 'compound': 0.1531}",0.1531,neutral
1nj2cxy,applemaps,comment,1758079549.0,2025-09-16 22:25:49,https://www.reddit.com/r/applemaps/comments/1nj2cxy/why_do_you_use_apple_maps/,,,"i‘m switching between tomtom go and apple maps. apple maps has a nicer map design, but i miss a route bar like in tom tom go, which i prefer while commuting.",comparison_discussion,ui_ux_carplay,"i‘m switching between tomtom go and apple maps. apple maps has a nicer map design, but i miss a route bar like in tom tom go, which i prefer while commuting.","{'neg': 0.061, 'neu': 0.772, 'pos': 0.167, 'compound': 0.5106}",0.5106,positive
1nj2cxy,applemaps,comment,1758079549.0,2025-09-16 22:25:49,https://www.reddit.com/r/applemaps/comments/1nj2cxy/why_do_you_use_apple_maps/,,,more intuitive turn by turn directions,other,ui_ux_carplay,more intuitive turn by turn directions,"{'neg': 0.0, 'neu': 1.0, 'pos': 0.0, 'compound': 0.0}",0.0,neutral
1nj2cxy,applemaps,comment,1758079549.0,2025-09-16 22:25:49,https://www.reddit.com/r/applemaps/comments/1nj2cxy/why_do_you_use_apple_maps/,,,the 3d buildings. and it doesn’t send my location data anywhere unlike google maps and waze.,comparison_discussion,ui_ux_carplay,the 3d buildings. and it doesn’t send my location data anywhere unlike google maps and waze.,"{'neg': 0.0, 'neu': 1.0, 'pos': 0.0, 'compound': 0.0}",0.0,neutral
1nj2cxy,applemaps,comment,1758079549.0,2025-09-16 22:25:49,https://www.reddit.com/r/applemaps/comments/1nj2cxy/why_do_you_use_apple_maps/,,,"less clutter on screen, more natural/easier to follow spoken directions, not owned by an advertising megacorp. as far as i can tell, my only real gripe with maps is business/poi info — such as hours, ratings, etc. in my experience, sometimes that info is either lacking or not there altogether. google has the upper-hand in that arena, which is to be expected, unfortunately.",policy_discussion,policy_strategy,"less clutter on screen, more natural/easier to follow spoken directions, not owned by an advertising megacorp. as far as i can tell, my only real gripe with maps is business/poi info — such as hours, ratings, etc. in my experience, sometimes that info is either lacking or not there altogether. google has the upper-hand in that arena, which is to be expected, unfortunately.","{'neg': 0.038, 'neu': 0.962, 'pos': 0.0, 'compound': -0.34}",-0.34,negative
1nj2cxy,applemaps,comment,1758079549.0,2025-09-16 22:25:49,https://www.reddit.com/r/applemaps/comments/1nj2cxy/why_do_you_use_apple_maps/,,,i love the ui and haven't had an issue in years.,experience_complaint,ui_ux_carplay,i love the ui and haven't had an issue in years.,"{'neg': 0.0, 'neu': 0.682, 'pos': 0.318, 'compound': 0.6369}",0.6369,positive
1nj2cxy,applemaps,comment,1758079549.0,2025-09-16 22:25:49,https://www.reddit.com/r/applemaps/comments/1nj2cxy/why_do_you_use_apple_maps/,,,"i’m using multiple map apps for multiple use cases. apple maps for turn by turn navigation in car since my car allows directions in the driver’s dashboard only with apple maps and i finding them better for acual directions communication than google or waze. for searching general directions and pois i use google maps. for directions when trekking or cycling i mostly use czech mapy.com, since it shows the topography and all tourist and cycling paths.",comparison_discussion,ui_ux_carplay,"i’m using multiple map apps for multiple use cases. apple maps for turn by turn navigation in car since my car allows directions in the driver’s dashboard only with apple maps and i finding them better for acual directions communication than google or waze. for searching general directions and pois i use google maps. for directions when trekking or cycling i mostly use czech mapy.com, since it shows the topography and all tourist and cycling paths.","{'neg': 0.0, 'neu': 0.961, 'pos': 0.039, 'compound': 0.4404}",0.4404,positive
1nj2cxy,applemaps,comment,1758079549.0,2025-09-16 22:25:49,https://www.reddit.com/r/applemaps/comments/1nj2cxy/why_do_you_use_apple_maps/,,,"gives better lane guidance, lets you know how many lights/ stop signs ahead something is, and just overall easy to yse",other,ui_ux_carplay,"gives better lane guidance, lets you know how many lights/ stop signs ahead something is, and just overall easy to yse","{'neg': 0.085, 'neu': 0.692, 'pos': 0.223, 'compound': 0.5574}",0.5574,positive
1nj2cxy,applemaps,comment,1758079549.0,2025-09-16 22:25:49,https://www.reddit.com/r/applemaps/comments/1nj2cxy/why_do_you_use_apple_maps/,,,"lane guidance, and i like the design. waze is mostly better, but the ui and the amount of clutter are crazy even when you cut it down via the settings and the watch gives little vibrations when you need to turn right or left",comparison_discussion,ui_ux_carplay,"lane guidance, and i like the design. waze is mostly better, but the ui and the amount of clutter are crazy even when you cut it down via the settings and the watch gives little vibrations when you need to turn right or left","{'neg': 0.119, 'neu': 0.805, 'pos': 0.076, 'compound': -0.4678}",-0.4678,negative
1nj2cxy,applemaps,comment,1758079549.0,2025-09-16 22:25:49,https://www.reddit.com/r/applemaps/comments/1nj2cxy/why_do_you_use_apple_maps/,,,it works 1000% better than every other navigation app. except for reporting hazards. i use waze on long highway trips for this reason. but apple maps is light years ahead of everything else. and it looks so pretty!,comparison_discussion,navigation_routing_traffic,it works 1000% better than every other navigation app. except for reporting hazards. i use waze on long highway trips for this reason. but apple maps is light years ahead of everything else. and it looks so pretty!,"{'neg': 0.0, 'neu': 0.816, 'pos': 0.184, 'compound': 0.8367}",0.8367,positive
1nj2cxy,applemaps,comment,1758079549.0,2025-09-16 22:25:49,https://www.reddit.com/r/applemaps/comments/1nj2cxy/why_do_you_use_apple_maps/,,,"i don’t. the points of interest (businesses, restaurants, etc.) are so wildly inaccurate to be useless. lots of very old places, duplicates, nonexistent places. i’ve reported dozens of issues near me but they never get fixed. so now i use google maps and waze on all devices.",comparison_discussion,search_poi_data,"i don’t. the points of interest (businesses, restaurants, etc.) are so wildly inaccurate to be useless. lots of very old places, duplicates, nonexistent places. i’ve reported dozens of issues near me but they never get fixed. so now i use google maps and waze on all devices.","{'neg': 0.041, 'neu': 0.917, 'pos': 0.043, 'compound': 0.0258}",0.0258,neutral
1nj2cxy,applemaps,comment,1758079549.0,2025-09-16 22:25:49,https://www.reddit.com/r/applemaps/comments/1nj2cxy/why_do_you_use_apple_maps/,,,apple watch integration,other,other,apple watch integration,"{'neg': 0.0, 'neu': 1.0, 'pos': 0.0, 'compound': 0.0}",0.0,neutral
1nj2cxy,applemaps,comment,1758079549.0,2025-09-16 22:25:49,https://www.reddit.com/r/applemaps/comments/1nj2cxy/why_do_you_use_apple_maps/,,,i find it works better in most circumstances that i use it - on continental europe. less errors and less likely to bring you to the back door of an amenity rather than the car park :),experience_praise,other,i find it works better in most circumstances that i use it - on continental europe. less errors and less likely to bring you to the back door of an amenity rather than the car park :),"{'neg': 0.054, 'neu': 0.795, 'pos': 0.151, 'compound': 0.5849}",0.5849,positive
1nj2cxy,applemaps,comment,1758079549.0,2025-09-16 22:25:49,https://www.reddit.com/r/applemaps/comments/1nj2cxy/why_do_you_use_apple_maps/,,,"with carplay engaged, the game-changer for me while en route is when i want to find a (insert name of chain business, e.g. starbucks) to make a stop. engage siri with ""starbucks""--it will return all the starbucks roughly along the route ahead in order, and tell you how many minutes each one will add to your trip. the other apps only tell you where the closest one is (even if it's behind you) without regard to how much time it's adding to your trip.",other,ui_ux_carplay,"with carplay engaged, the game-changer for me while en route is when i want to find a (insert name of chain business, e.g. starbucks) to make a stop. engage siri with ""starbucks""--it will return all the starbucks roughly along the route ahead in order, and tell you how many minutes each one will add to your trip. the other apps only tell you where the closest one is (even if it's behind you) without regard to how much time it's adding to your trip.","{'neg': 0.026, 'neu': 0.9, 'pos': 0.075, 'compound': 0.4939}",0.4939,positive
1nj2cxy,applemaps,comment,1758079549.0,2025-09-16 22:25:49,https://www.reddit.com/r/applemaps/comments/1nj2cxy/why_do_you_use_apple_maps/,,,i want to use apple maps but i only use waze because the community alerts. knowing there are cops up ahead is too important for me to lose.,comparison_discussion,other,i want to use apple maps but i only use waze because the community alerts. knowing there are cops up ahead is too important for me to lose.,"{'neg': 0.119, 'neu': 0.769, 'pos': 0.112, 'compound': -0.296}",-0.296,negative
1nj2cxy,applemaps,comment,1758079549.0,2025-09-16 22:25:49,https://www.reddit.com/r/applemaps/comments/1nj2cxy/why_do_you_use_apple_maps/,,,i used to be a waze user but after awhile i decided to make the switch to apple maps and i haven’t looked back,comparison_discussion,other,i used to be a waze user but after awhile i decided to make the switch to apple maps and i haven’t looked back,"{'neg': 0.0, 'neu': 1.0, 'pos': 0.0, 'compound': 0.0}",0.0,neutral
1nj2cxy,applemaps,comment,1758079549.0,2025-09-16 22:25:49,https://www.reddit.com/r/applemaps/comments/1nj2cxy/why_do_you_use_apple_maps/,,,"i used waze for a very long time until google happened and switched to maps-fortunately when an update made it usable. since then, i’ve gotten used to all its visuals that i was lost using waze recently. the contrast of the roads were more discernible compared to waze. also like how it integrates with my rav4’s dashboard with turn by turn navigation that i don’t need to look at the multimedia screen. and definitely love the exit ramp animation.",policy_discussion,policy_strategy,"i used waze for a very long time until google happened and switched to maps-fortunately when an update made it usable. since then, i’ve gotten used to all its visuals that i was lost using waze recently. the contrast of the roads were more discernible compared to waze. also like how it integrates with my rav4’s dashboard with turn by turn navigation that i don’t need to look at the multimedia screen. and definitely love the exit ramp animation.","{'neg': 0.028, 'neu': 0.859, 'pos': 0.114, 'compound': 0.7964}",0.7964,positive
1nj2cxy,applemaps,comment,1758079549.0,2025-09-16 22:25:49,https://www.reddit.com/r/applemaps/comments/1nj2cxy/why_do_you_use_apple_maps/,,,"i would kill for waze interface for cops and speed cameras, the search and location reviews of google maps with the gorgeous interface of apple maps. apple maps gives better directions in my opinion and just looks right when using carplay",comparison_discussion,ui_ux_carplay,"i would kill for waze interface for cops and speed cameras, the search and location reviews of google maps with the gorgeous interface of apple maps. apple maps gives better directions in my opinion and just looks right when using carplay","{'neg': 0.097, 'neu': 0.761, 'pos': 0.142, 'compound': 0.296}",0.296,positive
1nj2cxy,applemaps,comment,1758079549.0,2025-09-16 22:25:49,https://www.reddit.com/r/applemaps/comments/1nj2cxy/why_do_you_use_apple_maps/,,,"hi, i use apple maps because is it multifunctional : i can use in car navigation, transit navigation, pedestrian and cycle navigation. plus, all my favourites are in apple maps and it’s a good looking app. i use google maps when i want to read some users reviews and when an address isn’t in apple maps. for hiking i use gpx viewer 2 because this app read gpx files",comparison_discussion,navigation_routing_traffic,"hi, i use apple maps because is it multifunctional : i can use in car navigation, transit navigation, pedestrian and cycle navigation. plus, all my favourites are in apple maps and it’s a good looking app. i use google maps when i want to read some users reviews and when an address isn’t in apple maps. for hiking i use gpx viewer 2 because this app read gpx files","{'neg': 0.0, 'neu': 0.934, 'pos': 0.066, 'compound': 0.4939}",0.4939,positive
1nj2cxy,applemaps,comment,1758079549.0,2025-09-16 22:25:49,https://www.reddit.com/r/applemaps/comments/1nj2cxy/why_do_you_use_apple_maps/,,,"when getting driving instructions, google maps defaults to satellite view, which is information overload for the user. poor ux like that turns me off using it any further, although it must be said it’s easy to switch satellite view to normal map view.",comparison_discussion,ui_ux_carplay,"when getting driving instructions, google maps defaults to satellite view, which is information overload for the user. poor ux like that turns me off using it any further, although it must be said it’s easy to switch satellite view to normal map view.","{'neg': 0.112, 'neu': 0.78, 'pos': 0.108, 'compound': -0.0516}",-0.0516,neutral
1nizxi8,applemaps,post,1758072543.0,2025-09-16 20:29:03,https://www.reddit.com/r/applemaps/comments/1nizxi8/navigation/,3.0,3.0,"navigation apple or google maps for navigation in uk, what’s peoples opinions ?",comparison_discussion,navigation_routing_traffic,"navigation apple or google maps for navigation in uk, what’s peoples opinions ?","{'neg': 0.0, 'neu': 1.0, 'pos': 0.0, 'compound': 0.0}",0.0,neutral
1nizxi8,applemaps,comment,1758072543.0,2025-09-16 20:29:03,https://www.reddit.com/r/applemaps/comments/1nizxi8/navigation/,,,"i love the look of apple maps, and the guidance is better to read while driving.",experience_praise,ui_ux_carplay,"i love the look of apple maps, and the guidance is better to read while driving.","{'neg': 0.0, 'neu': 0.647, 'pos': 0.353, 'compound': 0.7964}",0.7964,positive
1nizxi8,applemaps,comment,1758072543.0,2025-09-16 20:29:03,https://www.reddit.com/r/applemaps/comments/1nizxi8/navigation/,,,"you can't go wrong with either. just try both, see which one suits you better. they both will have good things, and both will sometimes make mistakes, route incorrectly etc. my setup - searching for businesses etc. with google maps, then navigating with apple maps.",comparison_discussion,ui_ux_carplay,"you can't go wrong with either. just try both, see which one suits you better. they both will have good things, and both will sometimes make mistakes, route incorrectly etc. my setup - searching for businesses etc. with google maps, then navigating with apple maps.","{'neg': 0.049, 'neu': 0.787, 'pos': 0.164, 'compound': 0.7054}",0.7054,positive
1nizxi8,applemaps,comment,1758072543.0,2025-09-16 20:29:03,https://www.reddit.com/r/applemaps/comments/1nizxi8/navigation/,,,waze,comparison_discussion,other,waze,"{'neg': 0.0, 'neu': 1.0, 'pos': 0.0, 'compound': 0.0}",0.0,neutral
1nizmyv,applemaps,post,1758071723.0,2025-09-16 20:15:23,https://www.reddit.com/r/applemaps/comments/1nizmyv/apple_business_connect_is_awful/,4.0,15.0,"apple business connect is awful. can't verify my business for some reason it says my business license says it's older than a year.... yes the license lists all the years i've been in business since 2019 what an awful fucking portal cool so now my business is just listed as permanently closed on apple maps because we changed our name. shit sucks, really wish i didn't have to give this company any of my money",experience_complaint,search_poi_data,"apple business connect is awful. can't verify my business for some reason it says my business license says it's older than a year.... yes the license lists all the years i've been in business since 2019 what an awful fucking portal cool so now my business is just listed as permanently closed on apple maps because we changed our name. shit sucks, really wish i didn't have to give this company any of my money","{'neg': 0.14, 'neu': 0.764, 'pos': 0.096, 'compound': -0.5898}",-0.5898,negative
1nizmyv,applemaps,comment,1758071723.0,2025-09-16 20:15:23,https://www.reddit.com/r/applemaps/comments/1nizmyv/apple_business_connect_is_awful/,,,"have you tried contacting support via the link on the business connect website? and yes as the other person suggested, go in on apple maps and report the issue as a regular user there in the meantime",experience_complaint,transit_walk_bike,"have you tried contacting support via the link on the business connect website? and yes as the other person suggested, go in on apple maps and report the issue as a regular user there in the meantime","{'neg': 0.0, 'neu': 0.863, 'pos': 0.137, 'compound': 0.6597}",0.6597,positive
1nizmyv,applemaps,comment,1758071723.0,2025-09-16 20:15:23,https://www.reddit.com/r/applemaps/comments/1nizmyv/apple_business_connect_is_awful/,,,"go in as a regular user or have someone else do it, and report the correct information about the business still being open.",other,transit_walk_bike,"go in as a regular user or have someone else do it, and report the correct information about the business still being open.","{'neg': 0.0, 'neu': 1.0, 'pos': 0.0, 'compound': 0.0}",0.0,neutral
1nizmyv,applemaps,comment,1758071723.0,2025-09-16 20:15:23,https://www.reddit.com/r/applemaps/comments/1nizmyv/apple_business_connect_is_awful/,,,just use a utility bill or another business doc with your business name on it and resubmit.,other,transit_walk_bike,just use a utility bill or another business doc with your business name on it and resubmit.,"{'neg': 0.0, 'neu': 1.0, 'pos': 0.0, 'compound': 0.0}",0.0,neutral
1nizmyv,applemaps,comment,1758071723.0,2025-09-16 20:15:23,https://www.reddit.com/r/applemaps/comments/1nizmyv/apple_business_connect_is_awful/,,,they are awful ! i swear they do not want to support small business. there are so many stipulations and weird tiny rules to being able to register your brand/business with apple business connect! why don’t they just actually give us the rules upfront so that we can follow them? i’ve been back-and-forth with them for two weeks trying to get my salon recognized so we can show up on apple maps etc. it’s absolutely ridiculous and shouldn’t be this hard.,experience_complaint,transit_walk_bike,they are awful ! i swear they do not want to support small business. there are so many stipulations and weird tiny rules to being able to register your brand/business with apple business connect! why don’t they just actually give us the rules upfront so that we can follow them? i’ve been back-and-forth with them for two weeks trying to get my salon recognized so we can show up on apple maps etc. it’s absolutely ridiculous and shouldn’t be this hard.,"{'neg': 0.165, 'neu': 0.835, 'pos': 0.0, 'compound': -0.8822}",-0.8822,negative
1nizmyv,applemaps,comment,1758071723.0,2025-09-16 20:15:23,https://www.reddit.com/r/applemaps/comments/1nizmyv/apple_business_connect_is_awful/,,,dealing with this same issue. did you get any resolution? they nitpick the names of our brands and won't allow me to change the categorization.,experience_complaint,other,dealing with this same issue. did you get any resolution? they nitpick the names of our brands and won't allow me to change the categorization.,"{'neg': 0.065, 'neu': 0.935, 'pos': 0.0, 'compound': -0.1695}",-0.1695,neutral
1nizmyv,applemaps,comment,1758071723.0,2025-09-16 20:15:23,https://www.reddit.com/r/applemaps/comments/1nizmyv/apple_business_connect_is_awful/,,,"apple business connect just rejected my legitimate, verified business because my email address doesn't match my website domain. let that sink in. i run a 20+ year digital marketing agency. my business is verified. my domain ownership is verified (it literally says ""domain validation ✓ verified"" in my account). i submitted government id. everything checks out. but because i use a professional email on a different domain than my website - like millions of businesses do - apple says ""unable to add company. incorrect details."" their ""solution""? register with an email that matches your website domain. so apple is now dictating what email provider i can use? what about: * agencies managing client listings * businesses using google workspace or microsoft 365 * companies with multiple brands under one umbrella * anyone who's used the same business email for 20 years this isn't security. this is lazy verification that punishes legitimate businesses while doing nothing to stop actual fraud. a scammer can buy a $12 domain and matching email in 10 minutes. meanwhile, established businesses with real track records get locked out. google business profile doesn't pull this nonsense. bing places doesn't. only apple, in their infinite wisdom, decided email domain matching is the hill to die on. zero stars. fix your broken verification system, apple.",policy_discussion,policy_strategy,"apple business connect just rejected my legitimate, verified business because my email address doesn't match my website domain. let that sink in. i run a 20+ year digital marketing agency. my business is verified. my domain ownership is verified (it literally says ""domain validation ✓ verified"" in my account). i submitted government id. everything checks out. but because i use a professional email on a different domain than my website - like millions of businesses do - apple says ""unable to add company. incorrect details."" their ""solution""? register with an email that matches your website domain. so apple is now dictating what email provider i can use? what about: * agencies managing client listings * businesses using google workspace or microsoft 365 * companies with multiple brands under one umbrella * anyone who's used the same business email for 20 years this isn't security. this is lazy verification that punishes legitimate businesses while doing nothing to stop actual fraud. a scammer can buy a $12 domain and matching email in 10 minutes. meanwhile, established businesses with real track records get locked out. google business profile doesn't pull this nonsense. bing places doesn't. only apple, in their infinite wisdom, decided email domain matching is the hill to die on. zero stars. fix your broken verification system, apple.","{'neg': 0.136, 'neu': 0.82, 'pos': 0.044, 'compound': -0.9725}",-0.9725,negative
1nim1rp,applemaps,post,1758039611.0,2025-09-16 11:20:11,https://www.reddit.com/r/applemaps/comments/1nim1rp/apple_maps_wants_me_to_cut_through_a_parking_lot/,1547.0,69.0,apple maps wants me to cut through a parking lot anyone else get these weird parking lot detours?,other,navigation_routing_traffic,apple maps wants me to cut through a parking lot anyone else get these weird parking lot detours?,"{'neg': 0.202, 'neu': 0.798, 'pos': 0.0, 'compound': -0.4215}",-0.4215,negative
1nim1rp,applemaps,comment,1758039611.0,2025-09-16 11:20:11,https://www.reddit.com/r/applemaps/comments/1nim1rp/apple_maps_wants_me_to_cut_through_a_parking_lot/,,,im gonna assume it’s because it learns that many people do this and doesn’t detect it’s a parking lot and therefore considers it normal roads,policy_discussion,policy_strategy,im gonna assume it’s because it learns that many people do this and doesn’t detect it’s a parking lot and therefore considers it normal roads,"{'neg': 0.0, 'neu': 1.0, 'pos': 0.0, 'compound': 0.0}",0.0,neutral
1nim1rp,applemaps,comment,1758039611.0,2025-09-16 11:20:11,https://www.reddit.com/r/applemaps/comments/1nim1rp/apple_maps_wants_me_to_cut_through_a_parking_lot/,,,"i’m more curious why the camera hasn’t switched to the top-down view yet, and you’re only 250 feet from your turn. did you manually mess with the zoom level for the sake of the photo?",comparison_discussion,ui_ux_carplay,"i’m more curious why the camera hasn’t switched to the top-down view yet, and you’re only 250 feet from your turn. did you manually mess with the zoom level for the sake of the photo?","{'neg': 0.066, 'neu': 0.866, 'pos': 0.068, 'compound': 0.024}",0.024,neutral
1nim1rp,applemaps,comment,1758039611.0,2025-09-16 11:20:11,https://www.reddit.com/r/applemaps/comments/1nim1rp/apple_maps_wants_me_to_cut_through_a_parking_lot/,,,you can take a screen shot normally when on carplay and it’ll save the carplay view too fyi,other,ui_ux_carplay,you can take a screen shot normally when on carplay and it’ll save the carplay view too fyi,"{'neg': 0.0, 'neu': 0.75, 'pos': 0.25, 'compound': 0.6124}",0.6124,positive
1nim1rp,applemaps,comment,1758039611.0,2025-09-16 11:20:11,https://www.reddit.com/r/applemaps/comments/1nim1rp/apple_maps_wants_me_to_cut_through_a_parking_lot/,,,"it’s the app self learning curve, i once attended waze pre-bought presentation and they mention exactly this behavior",comparison_discussion,other,"it’s the app self learning curve, i once attended waze pre-bought presentation and they mention exactly this behavior","{'neg': 0.0, 'neu': 1.0, 'pos': 0.0, 'compound': 0.0}",0.0,neutral
1nim1rp,applemaps,comment,1758039611.0,2025-09-16 11:20:11,https://www.reddit.com/r/applemaps/comments/1nim1rp/apple_maps_wants_me_to_cut_through_a_parking_lot/,,,"based on the lookaround at that turn, it's faster to go through the parking lot and around whole foods. like said in another comment, this must happen all the time for apple to ""learn"" it as a better option.",experience_praise,other,"based on the lookaround at that turn, it's faster to go through the parking lot and around whole foods. like said in another comment, this must happen all the time for apple to ""learn"" it as a better option.","{'neg': 0.0, 'neu': 0.87, 'pos': 0.13, 'compound': 0.6597}",0.6597,positive
1nim1rp,applemaps,comment,1758039611.0,2025-09-16 11:20:11,https://www.reddit.com/r/applemaps/comments/1nim1rp/apple_maps_wants_me_to_cut_through_a_parking_lot/,,,"the short answer is that maps has determined that it's likely faster than turning right at the intersection. was traffic backed up there? if maps can navigate you through rows on a parking lot and then onto a public road (and it does), not sure why this would seem all that unusual.",experience_praise,navigation_routing_traffic,"the short answer is that maps has determined that it's likely faster than turning right at the intersection. was traffic backed up there? if maps can navigate you through rows on a parking lot and then onto a public road (and it does), not sure why this would seem all that unusual.","{'neg': 0.037, 'neu': 0.896, 'pos': 0.067, 'compound': 0.1376}",0.1376,neutral
1nim1rp,applemaps,comment,1758039611.0,2025-09-16 11:20:11,https://www.reddit.com/r/applemaps/comments/1nim1rp/apple_maps_wants_me_to_cut_through_a_parking_lot/,,,"sometimes it’s not clever to detour via parking lots, some retail parks have alpr/anpr photo enforcement cameras that can cite drivers that cut through a parking lot without parking up to shop.",other,navigation_routing_traffic,"sometimes it’s not clever to detour via parking lots, some retail parks have alpr/anpr photo enforcement cameras that can cite drivers that cut through a parking lot without parking up to shop.","{'neg': 0.136, 'neu': 0.864, 'pos': 0.0, 'compound': -0.5544}",-0.5544,negative
1nim1rp,applemaps,comment,1758039611.0,2025-09-16 11:20:11,https://www.reddit.com/r/applemaps/comments/1nim1rp/apple_maps_wants_me_to_cut_through_a_parking_lot/,,,"i noticed on google maps in larger cities they started marking ""streets"" in parking lots, which i found strange. looking around further, i also noted areas like above where it could do this. another thing you will notice when you look neighborhoods is street line breaks for each driveway.",comparison_discussion,other,"i noticed on google maps in larger cities they started marking ""streets"" in parking lots, which i found strange. looking around further, i also noted areas like above where it could do this. another thing you will notice when you look neighborhoods is street line breaks for each driveway.","{'neg': 0.037, 'neu': 0.911, 'pos': 0.052, 'compound': 0.1779}",0.1779,neutral
1nim1rp,applemaps,comment,1758039611.0,2025-09-16 11:20:11,https://www.reddit.com/r/applemaps/comments/1nim1rp/apple_maps_wants_me_to_cut_through_a_parking_lot/,,,"i was literally just thinking about this today and then first thing that’s come up when i opened reddit. i’m summering in canada at the moment and it keeps sending me via parking lots. and being not from here, i do it too, like a stupid fool.",experience_praise,other,"i was literally just thinking about this today and then first thing that’s come up when i opened reddit. i’m summering in canada at the moment and it keeps sending me via parking lots. and being not from here, i do it too, like a stupid fool.","{'neg': 0.129, 'neu': 0.82, 'pos': 0.051, 'compound': -0.5859}",-0.5859,negative
1nim1rp,applemaps,comment,1758039611.0,2025-09-16 11:20:11,https://www.reddit.com/r/applemaps/comments/1nim1rp/apple_maps_wants_me_to_cut_through_a_parking_lot/,,,i’m assuming that’s a failure to classify the road properly so that the system doesn’t direct through traffic,bug_report,navigation_routing_traffic,i’m assuming that’s a failure to classify the road properly so that the system doesn’t direct through traffic,"{'neg': 0.171, 'neu': 0.829, 'pos': 0.0, 'compound': -0.5106}",-0.5106,negative
1nim1rp,applemaps,comment,1758039611.0,2025-09-16 11:20:11,https://www.reddit.com/r/applemaps/comments/1nim1rp/apple_maps_wants_me_to_cut_through_a_parking_lot/,,,google maps my friend,comparison_discussion,other,google maps my friend,"{'neg': 0.0, 'neu': 0.484, 'pos': 0.516, 'compound': 0.4939}",0.4939,positive
1nim1rp,applemaps,comment,1758039611.0,2025-09-16 11:20:11,https://www.reddit.com/r/applemaps/comments/1nim1rp/apple_maps_wants_me_to_cut_through_a_parking_lot/,,,"i think it happens after ios 26 update. while the map seems to know what road is the main road and what is not, it seems like it might be a part of the new frequently traveled route feature",experience_praise,navigation_routing_traffic,"i think it happens after ios 26 update. while the map seems to know what road is the main road and what is not, it seems like it might be a part of the new frequently traveled route feature","{'neg': 0.055, 'neu': 0.945, 'pos': 0.0, 'compound': -0.2755}",-0.2755,negative
1nim1rp,applemaps,comment,1758039611.0,2025-09-16 11:20:11,https://www.reddit.com/r/applemaps/comments/1nim1rp/apple_maps_wants_me_to_cut_through_a_parking_lot/,,,"the map was made incorrectly or the routing directions is allowing for illegal maneuvers through parking lots; either way, you should not follow these instructions and report the issue to maps and/or its escalation team, or whatever they call it.",experience_complaint,navigation_routing_traffic,"the map was made incorrectly or the routing directions is allowing for illegal maneuvers through parking lots; either way, you should not follow these instructions and report the issue to maps and/or its escalation team, or whatever they call it.","{'neg': 0.085, 'neu': 0.915, 'pos': 0.0, 'compound': -0.5574}",-0.5574,negative
1nim1rp,applemaps,comment,1758039611.0,2025-09-16 11:20:11,https://www.reddit.com/r/applemaps/comments/1nim1rp/apple_maps_wants_me_to_cut_through_a_parking_lot/,,,sponsored by metropolis,other,transit_walk_bike,sponsored by metropolis,"{'neg': 0.0, 'neu': 1.0, 'pos': 0.0, 'compound': 0.0}",0.0,neutral
1nim1rp,applemaps,comment,1758039611.0,2025-09-16 11:20:11,https://www.reddit.com/r/applemaps/comments/1nim1rp/apple_maps_wants_me_to_cut_through_a_parking_lot/,,,they’re taking notes from waze lol,comparison_discussion,other,they’re taking notes from waze lol,"{'neg': 0.0, 'neu': 0.641, 'pos': 0.359, 'compound': 0.4215}",0.4215,positive
1nim1rp,applemaps,comment,1758039611.0,2025-09-16 11:20:11,https://www.reddit.com/r/applemaps/comments/1nim1rp/apple_maps_wants_me_to_cut_through_a_parking_lot/,,,do it.,other,other,do it.,"{'neg': 0.0, 'neu': 1.0, 'pos': 0.0, 'compound': 0.0}",0.0,neutral
1nim1rp,applemaps,comment,1758039611.0,2025-09-16 11:20:11,https://www.reddit.com/r/applemaps/comments/1nim1rp/apple_maps_wants_me_to_cut_through_a_parking_lot/,,,you sure you aren’t using uber’s navigation?,other,navigation_routing_traffic,you sure you aren’t using uber’s navigation?,"{'neg': 0.0, 'neu': 0.723, 'pos': 0.277, 'compound': 0.3182}",0.3182,positive
1nim1rp,applemaps,comment,1758039611.0,2025-09-16 11:20:11,https://www.reddit.com/r/applemaps/comments/1nim1rp/apple_maps_wants_me_to_cut_through_a_parking_lot/,,,do it. we’re subservient to the bots.,other,other,do it. we’re subservient to the bots.,"{'neg': 0.0, 'neu': 1.0, 'pos': 0.0, 'compound': 0.0}",0.0,neutral
1nim1rp,applemaps,comment,1758039611.0,2025-09-16 11:20:11,https://www.reddit.com/r/applemaps/comments/1nim1rp/apple_maps_wants_me_to_cut_through_a_parking_lot/,,,the new maps in ios26 is terrible,experience_complaint,other,the new maps in ios26 is terrible,"{'neg': 0.341, 'neu': 0.659, 'pos': 0.0, 'compound': -0.4767}",-0.4767,negative
1nim1rp,applemaps,comment,1758039611.0,2025-09-16 11:20:11,https://www.reddit.com/r/applemaps/comments/1nim1rp/apple_maps_wants_me_to_cut_through_a_parking_lot/,,,avoiding a traffic control device by cutting through a parking lot will get you a ticket if you're caught.,other,navigation_routing_traffic,avoiding a traffic control device by cutting through a parking lot will get you a ticket if you're caught.,"{'neg': 0.218, 'neu': 0.782, 'pos': 0.0, 'compound': -0.4404}",-0.4404,negative
1nim1rp,applemaps,comment,1758039611.0,2025-09-16 11:20:11,https://www.reddit.com/r/applemaps/comments/1nim1rp/apple_maps_wants_me_to_cut_through_a_parking_lot/,,,nice! usually i have to decide to do that myself and maps doesn’t even try to suggest it!,other,other,nice! usually i have to decide to do that myself and maps doesn’t even try to suggest it!,"{'neg': 0.0, 'neu': 0.825, 'pos': 0.175, 'compound': 0.5242}",0.5242,positive
1nim1rp,applemaps,comment,1758039611.0,2025-09-16 11:20:11,https://www.reddit.com/r/applemaps/comments/1nim1rp/apple_maps_wants_me_to_cut_through_a_parking_lot/,,,seems like a shortcut. you’re welcome,experience_praise,other,seems like a shortcut. you’re welcome,"{'neg': 0.0, 'neu': 0.353, 'pos': 0.647, 'compound': 0.6705}",0.6705,positive
1nim1rp,applemaps,comment,1758039611.0,2025-09-16 11:20:11,https://www.reddit.com/r/applemaps/comments/1nim1rp/apple_maps_wants_me_to_cut_through_a_parking_lot/,,,![gif](giphy|ptquofsmjo2hg),other,other,![gif](giphy|ptquofsmjo2hg),"{'neg': 0.0, 'neu': 1.0, 'pos': 0.0, 'compound': 0.0}",0.0,neutral
1nim1rp,applemaps,comment,1758039611.0,2025-09-16 11:20:11,https://www.reddit.com/r/applemaps/comments/1nim1rp/apple_maps_wants_me_to_cut_through_a_parking_lot/,,,it’s just saying the dark thoughts out loud,other,other,it’s just saying the dark thoughts out loud,"{'neg': 0.0, 'neu': 1.0, 'pos': 0.0, 'compound': 0.0}",0.0,neutral
1nim1rp,applemaps,comment,1758039611.0,2025-09-16 11:20:11,https://www.reddit.com/r/applemaps/comments/1nim1rp/apple_maps_wants_me_to_cut_through_a_parking_lot/,,,never question it. just do it.,other,other,never question it. just do it.,"{'neg': 0.0, 'neu': 1.0, 'pos': 0.0, 'compound': 0.0}",0.0,neutral
1nim1rp,applemaps,comment,1758039611.0,2025-09-16 11:20:11,https://www.reddit.com/r/applemaps/comments/1nim1rp/apple_maps_wants_me_to_cut_through_a_parking_lot/,,,i don't know why people willingly use apple maps,other,other,i don't know why people willingly use apple maps,"{'neg': 0.0, 'neu': 1.0, 'pos': 0.0, 'compound': 0.0}",0.0,neutral
1nibdhj,applemaps,post,1758009525.0,2025-09-16 02:58:45,https://www.reddit.com/r/applemaps/comments/1nibdhj/accessed_look_around_in_stockton_on_tees_uk/,16.0,1.0,"accessed look around in stockton on tees, uk apple maps bugged out and gave me the option to browse look around after i searched for an address in stockton on tees. the next time i tried searching for the same or any other location outside london or edinburgh, it was unavailable. ios 26",bug_report,search_poi_data,"accessed look around in stockton on tees, uk apple maps bugged out and gave me the option to browse look around after i searched for an address in stockton on tees. the next time i tried searching for the same or any other location outside london or edinburgh, it was unavailable. ios 26","{'neg': 0.0, 'neu': 1.0, 'pos': 0.0, 'compound': 0.0}",0.0,neutral
1nibdhj,applemaps,comment,1758009525.0,2025-09-16 02:58:45,https://www.reddit.com/r/applemaps/comments/1nibdhj/accessed_look_around_in_stockton_on_tees_uk/,,,remember when this used to be to happen regularly when new maps was introduced? hopefully an update is coming on thursday (maps normal update day),other,other,remember when this used to be to happen regularly when new maps was introduced? hopefully an update is coming on thursday (maps normal update day),"{'neg': 0.0, 'neu': 0.899, 'pos': 0.101, 'compound': 0.4019}",0.4019,positive
1nhvktl,applemaps,post,1757964601.0,2025-09-15 14:30:01,https://www.reddit.com/r/applemaps/comments/1nhvktl/anyone_else_have_this_problem/,2.0,3.0,"anyone else have this problem? maybe this is common and i’m just an idiot (sorry in advance if that’s the case) but i’ve been having a really weird issue with maps. it’s almost like they disagree with the route i choose so they put me on another one without telling me or asking with that prompt i usually see. today after leaving work, i chose my route home (less congested yes, but also avoids a road too small for my vehicle to fit), and apple maps for some reason suggests i use the fully red route instead of the fully blue one i need to take. i click the blue anyways and start my journey. i quickly realize i am on the wrong route. i am quickly smack dab in the middle of fully red traffic and i check maps— and yes, they changed my route. this was probably the fifth time it’s happened this month. my question is why? is this a new feature or a bug anyone else has experienced? why would they suggest a fully red route with a 30+minute increase in drive time, than the 15 minute route i actually have to take?",bug_report,ui_ux_carplay,"anyone else have this problem? maybe this is common and i’m just an idiot (sorry in advance if that’s the case) but i’ve been having a really weird issue with maps. it’s almost like they disagree with the route i choose so they put me on another one without telling me or asking with that prompt i usually see. today after leaving work, i chose my route home (less congested yes, but also avoids a road too small for my vehicle to fit), and apple maps for some reason suggests i use the fully red route instead of the fully blue one i need to take. i click the blue anyways and start my journey. i quickly realize i am on the wrong route. i am quickly smack dab in the middle of fully red traffic and i check maps— and yes, they changed my route. this was probably the fifth time it’s happened this month. my question is why? is this a new feature or a bug anyone else has experienced? why would they suggest a fully red route with a 30+minute increase in drive time, than the 15 minute route i actually have to take?","{'neg': 0.084, 'neu': 0.851, 'pos': 0.064, 'compound': -0.4599}",-0.4599,negative
1nhvktl,applemaps,comment,1757964601.0,2025-09-15 14:30:01,https://www.reddit.com/r/applemaps/comments/1nhvktl/anyone_else_have_this_problem/,,,on my way home from north jersey heading south and it threw us north to go south and added a bunch of extra time and we didn’t even realize but we had it set to go down 206 and now we’re on the turnpike,other,other,on my way home from north jersey heading south and it threw us north to go south and added a bunch of extra time and we didn’t even realize but we had it set to go down 206 and now we’re on the turnpike,"{'neg': 0.0, 'neu': 1.0, 'pos': 0.0, 'compound': 0.0}",0.0,neutral
1nhvktl,applemaps,comment,1757964601.0,2025-09-15 14:30:01,https://www.reddit.com/r/applemaps/comments/1nhvktl/anyone_else_have_this_problem/,,,this happens to me all the time. it drives me insane,other,other,this happens to me all the time. it drives me insane,"{'neg': 0.213, 'neu': 0.787, 'pos': 0.0, 'compound': -0.4019}",-0.4019,negative
1nhehhi,applemaps,post,1757917910.0,2025-09-15 01:31:50,https://www.reddit.com/r/applemaps/comments/1nhehhi/any_apple_shortcut_scrip_to_convert_google_maps/,2.0,3.0,"any apple shortcut scrip to convert google maps url to apple maps ? hi all, i have been trying to create a shortcut which converts google maps url to apple maps url, so i can open those locations in apple map. basically extract the lat and long from google maps url and construct an url in the format of apple maps which will open in apple maps eg: [ \- > to expand into full url, extract lat and long and construct in apple support url format so i can open the same location to use in apple maps",comparison_discussion,search_poi_data,"any apple shortcut scrip to convert google maps url to apple maps ? hi all, i have been trying to create a shortcut which converts google maps url to apple maps url, so i can open those locations in apple map. basically extract the lat and long from google maps url and construct an url in the format of apple maps which will open in apple maps eg: [ \- > to expand into full url, extract lat and long and construct in apple support url format so i can open the same location to use in apple maps","{'neg': 0.0, 'neu': 0.926, 'pos': 0.074, 'compound': 0.7269}",0.7269,positive
1nhehhi,applemaps,comment,1757917910.0,2025-09-15 01:31:50,https://www.reddit.com/r/applemaps/comments/1nhehhi/any_apple_shortcut_scrip_to_convert_google_maps/,,,"iirc, someone made an app for that… can’t remember the details, but i think it also was in this sub. anyways, good idea, if a shortcut would be possible, that’s probably the neatest idea.",other,navigation_routing_traffic,"iirc, someone made an app for that... can’t remember the details, but i think it also was in this sub. anyways, good idea, if a shortcut would be possible, that’s probably the neatest idea.","{'neg': 0.0, 'neu': 0.802, 'pos': 0.198, 'compound': 0.8126}",0.8126,positive
1nhehhi,applemaps,comment,1757917910.0,2025-09-15 01:31:50,https://www.reddit.com/r/applemaps/comments/1nhehhi/any_apple_shortcut_scrip_to_convert_google_maps/,,,there’s an app for that,other,other,there’s an app for that,"{'neg': 0.0, 'neu': 1.0, 'pos': 0.0, 'compound': 0.0}",0.0,neutral
1nhehhi,applemaps,comment,1757917910.0,2025-09-15 01:31:50,https://www.reddit.com/r/applemaps/comments/1nhehhi/any_apple_shortcut_scrip_to_convert_google_maps/,,,"i use mapper - when you click the link in safari, it opens the maps app automatically. works on mac, iphone and ipad. [ mapper for safari",other,other,"i use mapper - when you click the link in safari, it opens the maps app automatically. works on mac, iphone and ipad. [ mapper for safari","{'neg': 0.0, 'neu': 1.0, 'pos': 0.0, 'compound': 0.0}",0.0,neutral
1nf82ds,applemaps,post,1757695109.0,2025-09-12 11:38:29,https://www.reddit.com/r/applemaps/comments/1nf82ds/turned_apple_maps_flyover_into_a_social/,12.0,10.0,"turned apple maps flyover into a social navigation app, letting you and friends explore together using game center. implemented liquid glass also 🫡",other,ui_ux_carplay,"turned apple maps flyover into a social navigation app, letting you and friends explore together using game center. implemented liquid glass also 🫡","{'neg': 0.0, 'neu': 0.866, 'pos': 0.134, 'compound': 0.4767}",0.4767,positive
1nf82ds,applemaps,comment,1757695109.0,2025-09-12 11:38:29,https://www.reddit.com/r/applemaps/comments/1nf82ds/turned_apple_maps_flyover_into_a_social/,,,im confused what’s happening,other,other,im confused what’s happening,"{'neg': 0.434, 'neu': 0.566, 'pos': 0.0, 'compound': -0.3182}",-0.3182,negative
1nf82ds,applemaps,comment,1757695109.0,2025-09-12 11:38:29,https://www.reddit.com/r/applemaps/comments/1nf82ds/turned_apple_maps_flyover_into_a_social/,,,"would be really cool in action, what’s the app name and when do you think it’ll be launched on the app store?",other,other,"would be really cool in action, what’s the app name and when do you think it’ll be launched on the app store?","{'neg': 0.0, 'neu': 0.83, 'pos': 0.17, 'compound': 0.4754}",0.4754,positive
1nf82ds,applemaps,comment,1757695109.0,2025-09-12 11:38:29,https://www.reddit.com/r/applemaps/comments/1nf82ds/turned_apple_maps_flyover_into_a_social/,,,wth 🤦 and you don’t include the app name,other,other,wth 🤦 and you don’t include the app name,"{'neg': 0.327, 'neu': 0.673, 'pos': 0.0, 'compound': -0.5267}",-0.5267,negative
1nf82ds,applemaps,comment,1757695109.0,2025-09-12 11:38:29,https://www.reddit.com/r/applemaps/comments/1nf82ds/turned_apple_maps_flyover_into_a_social/,,,also this is not flyover,other,other,also this is not flyover,"{'neg': 0.0, 'neu': 1.0, 'pos': 0.0, 'compound': 0.0}",0.0,neutral
1nf82ds,applemaps,comment,1757695109.0,2025-09-12 11:38:29,https://www.reddit.com/r/applemaps/comments/1nf82ds/turned_apple_maps_flyover_into_a_social/,,,why’s the difference from the find my app?,other,other,why’s the difference from the find my app?,"{'neg': 0.0, 'neu': 1.0, 'pos': 0.0, 'compound': 0.0}",0.0,neutral
1nf82ds,applemaps,comment,1757695109.0,2025-09-12 11:38:29,https://www.reddit.com/r/applemaps/comments/1nf82ds/turned_apple_maps_flyover_into_a_social/,,,wait how do you do that,other,other,wait how do you do that,"{'neg': 0.0, 'neu': 1.0, 'pos': 0.0, 'compound': 0.0}",0.0,neutral
1ne1x07,applemaps,post,1757573647.0,2025-09-11 01:54:07,https://www.reddit.com/r/applemaps/comments/1ne1x07/apple_maps_uk_satellite_view_update_worse/,38.0,7.0,apple maps uk satellite view update worse does anyone know what’s happening with the update to the satellite view in the uk? it appears to be updating around the country but far worse than it was before. in the image above shows where some has updated not at the top. the top is the old view and bottom of the screen is new satellite view. the shadows of buildings make it so hard to see what you’re looking at.,other,ui_ux_carplay,apple maps uk satellite view update worse does anyone know what’s happening with the update to the satellite view in the uk? it appears to be updating around the country but far worse than it was before. in the image above shows where some has updated not at the top. the top is the old view and bottom of the screen is new satellite view. the shadows of buildings make it so hard to see what you’re looking at.,"{'neg': 0.142, 'neu': 0.858, 'pos': 0.0, 'compound': -0.8827}",-0.8827,negative
1ndsp9s,applemaps,post,1757544507.0,2025-09-10 17:48:27,https://www.reddit.com/r/applemaps/comments/1ndsp9s/reporting/,29.0,7.0,reporting does everyone always report to apple maps ?,other,other,reporting does everyone always report to apple maps ?,"{'neg': 0.0, 'neu': 1.0, 'pos': 0.0, 'compound': 0.0}",0.0,neutral
1nddxpr,applemaps,post,1757510169.0,2025-09-10 08:16:09,https://www.reddit.com/r/applemaps/comments/1nddxpr/did_apple_maps_get_worse_in_ios_26/,3.0,10.0,"did apple maps get worse in ios 26? i’ve pretty religiously used apple maps for a while now, but since the update half the addresses i enter dont show up when they do on google maps. i’m a contractor in a very rural area so maybe thats why? i didnt used to have this issue and was wondering if anyone else did.",comparison_discussion,search_poi_data,"did apple maps get worse in ios 26? i’ve pretty religiously used apple maps for a while now, but since the update half the addresses i enter dont show up when they do on google maps. i’m a contractor in a very rural area so maybe thats why? i didnt used to have this issue and was wondering if anyone else did.","{'neg': 0.034, 'neu': 0.924, 'pos': 0.041, 'compound': 0.1053}",0.1053,neutral
1nc335q,applemaps,post,1757373502.0,2025-09-08 18:18:22,https://www.reddit.com/r/applemaps/comments/1nc335q/apple_maps_gets_a_chief_of_war_tour_guide_with/,24.0,2.0,apple maps gets a ‘chief of war’ tour guide with spots in hawai’i and new zealand,other,ui_ux_carplay,apple maps gets a ‘chief of war’ tour guide with spots in hawai’i and new zealand,"{'neg': 0.0, 'neu': 1.0, 'pos': 0.0, 'compound': 0.0}",0.0,neutral
1nbrqgh,applemaps,post,1757347380.0,2025-09-08 11:03:00,https://www.reddit.com/r/applemaps/comments/1nbrqgh/for_some_reason_apple_maps_has_decided_that_this/,172.0,17.0,"for some reason, apple maps has decided that this station is now called “king’s cross st. pancras ⍰”.",other,other,"for some reason, apple maps has decided that this station is now called “king’s cross st. pancras ⍰”.","{'neg': 0.0, 'neu': 1.0, 'pos': 0.0, 'compound': 0.0}",0.0,neutral
1nbl2vf,applemaps,post,1757330644.0,2025-09-08 06:24:04,https://www.reddit.com/r/applemaps/comments/1nbl2vf/if_apple_really_wants_to_save_the_planet_and_save/,0.0,6.0,"if apple really wants to save the planet and save environment…. then close the apple maps. its not needed in this world, it has helped enough people to get lost and burn more energy in doing so.. and servers required to keep this service or disservice running are wasting the energy.. thank you for your attention to this matter.",other,ui_ux_carplay,"if apple really wants to save the planet and save environment.... then close the apple maps. its not needed in this world, it has helped enough people to get lost and burn more energy in doing so.. and servers required to keep this service or disservice running are wasting the energy.. thank you for your attention to this matter.","{'neg': 0.071, 'neu': 0.743, 'pos': 0.185, 'compound': 0.7873}",0.7873,positive
1n9wzrs,applemaps,post,1757157441.0,2025-09-06 06:17:21,https://www.reddit.com/r/applemaps/comments/1n9wzrs/visited_places_does_anyone_in_uk_have_this/,15.0,10.0,visited places: does anyone in uk have this working in apple maps? (on ios 26).,other,search_poi_data,visited places: does anyone in uk have this working in apple maps? (on ios 26).,"{'neg': 0.0, 'neu': 1.0, 'pos': 0.0, 'compound': 0.0}",0.0,neutral
1n99m6o,applemaps,post,1757089056.0,2025-09-05 11:17:36,https://www.reddit.com/r/applemaps/comments/1n99m6o/apple_maps_consistently_overestimates_elevation/,29.0,6.0,"apple maps consistently overestimates elevation gain for bike routes i've recently been on a bikepacking trip in norway, and one of the apps i used for navigation was apple maps. that's when i discovered that apple maps consistently overestimates the ascent compared to other apps (komoot, google maps and so on) and even the actual elevation gain in real life. i also tested this at home in switzerland, and the same issue persists here. so it seems the problem lies in the calculation method, not the map data. before i send a bug report, has anyone else using bicycle routes experienced this issue?",comparison_discussion,navigation_routing_traffic,"apple maps consistently overestimates elevation gain for bike routes i've recently been on a bikepacking trip in norway, and one of the apps i used for navigation was apple maps. that's when i discovered that apple maps consistently overestimates the ascent compared to other apps (komoot, google maps and so on) and even the actual elevation gain in real life. i also tested this at home in switzerland, and the same issue persists here. so it seems the problem lies in the calculation method, not the map data. before i send a bug report, has anyone else using bicycle routes experienced this issue?","{'neg': 0.052, 'neu': 0.883, 'pos': 0.065, 'compound': 0.3182}",0.3182,positive
1n8ndqa,applemaps,post,1757022792.0,2025-09-04 16:53:12,https://www.reddit.com/r/applemaps/comments/1n8ndqa/other_networks_are_available_in_france_today/,21.0,0.0,"other networks are available in france today well well well… i found valence, foix, , millau, decazevielle, narbonne and le pays de l’or near montpellier activate today. it’s quite interesting because le pays de l’or network is switched in winter schedules at monday 1st september but apple maps, for the first day display (thursday 4th september) the summer schedule. and some bus stops are missing. it apple will update the data’s ? for narbonne, only a part of the network is loaded to maps, i think the rest will be usable in few days cap ferret, villeneuve-sur-lot, fluo grand est 88, popped today lyon restructured their network since monday but apple have not yet apply the update for marseille, some bus stops are added but without bus lines, the update is in progress",other,ui_ux_carplay,"other networks are available in france today well well well... i found valence, foix, , millau, decazevielle, narbonne and le pays de l’or near montpellier activate today. it’s quite interesting because le pays de l’or network is switched in winter schedules at monday 1st september but apple maps, for the first day display (thursday 4th september) the summer schedule. and some bus stops are missing. it apple will update the data’s ? for narbonne, only a part of the network is loaded to maps, i think the rest will be usable in few days cap ferret, villeneuve-sur-lot, fluo grand est 88, popped today lyon restructured their network since monday but apple have not yet apply the update for marseille, some bus stops are added but without bus lines, the update is in progress","{'neg': 0.047, 'neu': 0.861, 'pos': 0.092, 'compound': 0.7349}",0.7349,positive
1n7zna5,applemaps,post,1756956770.0,2025-09-03 22:32:50,https://www.reddit.com/r/applemaps/comments/1n7zna5/look_around_feature_streetview/,0.0,10.0,"look around feature (streetview) i just discovered that apple maps has a streetview equivalent called look around. looks pretty decent. but i can't find a way to tell, looking at the map, whether a particular street is or is not covered by their 'look around'. the only way i've found is to literally 'try it and see' - turn on the feature (click the binocular icon at the top) and try to drag a street under the central binocular icon and it either works or it doesn't. in google's 'streetview', a very solid blue line overlays those streets that are covered (helpful when navigating back-streets / side streets / parking areas, etc which may or may not be covered).",experience_praise,ui_ux_carplay,"look around feature (streetview) i just discovered that apple maps has a streetview equivalent called look around. looks pretty decent. but i can't find a way to tell, looking at the map, whether a particular street is or is not covered by their 'look around'. the only way i've found is to literally 'try it and see' - turn on the feature (click the binocular icon at the top) and try to drag a street under the central binocular icon and it either works or it doesn't. in google's 'streetview', a very solid blue line overlays those streets that are covered (helpful when navigating back-streets / side streets / parking areas, etc which may or may not be covered).","{'neg': 0.021, 'neu': 0.94, 'pos': 0.039, 'compound': 0.2708}",0.2708,positive
1n7wd6b,applemaps,post,1756947348.0,2025-09-03 19:55:48,https://www.reddit.com/r/applemaps/comments/1n7wd6b/very_suboptimal_directions_for_outback_australia/,36.0,10.0,"very suboptimal directions for outback australia i’ve reported this to apple but it bears repeating here for sheer bizarreness. this was for directions from an obscure station to a slightly less obscure roadhouse in outback australia. several odd/bizarre things: 1. there is clearly a road linking the two navigation points shown on the map. 2. that road is national highway 1 that circumnavigates the australian continent. (it’s well known). sure, it’s unsealed in this area but so is a lot of the much longer suggested route. most roads up here are unsealed. 3. the obvious route is not even shown as an option for driving. 4. the obvious route is recommended for walking or cycling but not driving. by contrast, google maps provides the sensible guidance for driving. i think i’ll follow the google guidance this time.",policy_discussion,policy_strategy,"very suboptimal directions for outback australia i’ve reported this to apple but it bears repeating here for sheer bizarreness. this was for directions from an obscure station to a slightly less obscure roadhouse in outback australia. several odd/bizarre things: 1. there is clearly a road linking the two navigation points shown on the map. 2. that road is national highway 1 that circumnavigates the australian continent. (it’s well known). sure, it’s unsealed in this area but so is a lot of the much longer suggested route. most roads up here are unsealed. 3. the obvious route is not even shown as an option for driving. 4. the obvious route is recommended for walking or cycling but not driving. by contrast, google maps provides the sensible guidance for driving. i think i’ll follow the google guidance this time.","{'neg': 0.0, 'neu': 0.919, 'pos': 0.081, 'compound': 0.8847}",0.8847,positive
1n7peoo,applemaps,post,1756929962.0,2025-09-03 15:06:02,https://www.reddit.com/r/applemaps/comments/1n7peoo/i_wish_apple_maps_would_add_an_emergency_feature/,222.0,24.0,i wish apple maps would add an emergency feature like google does terrible accident happened this evening in lisbon portugal (at least 15 dead after iconic tram derails). google put the location of the emergency on its map so you know why the roads are closed and which area to avoid. apple maps just shows the roads as “traffic jammed” (thick red line).,policy_discussion,policy_strategy,i wish apple maps would add an emergency feature like google does terrible accident happened this evening in lisbon portugal (at least 15 dead after iconic tram derails). google put the location of the emergency on its map so you know why the roads are closed and which area to avoid. apple maps just shows the roads as “traffic jammed” (thick red line).,"{'neg': 0.232, 'neu': 0.7, 'pos': 0.067, 'compound': -0.9136}",-0.9136,negative
1n7ch1v,applemaps,post,1756899685.0,2025-09-03 06:41:25,https://www.reddit.com/r/applemaps/comments/1n7ch1v/any_updates_on_apple_maps_look_around_navigation/,15.0,3.0,"any updates on apple maps look around & navigation in cyprus? last year, apple was filming across cyprus (nicosia, paphos, larnaca, limassol). but so far, we still don’t have look around available, and apple maps doesn’t support turn-by-turn directions here. has anyone heard if/when apple is planning to roll out these features for cyprus? do you think they’ll eventually release the imagery they collected, or is the country basically abandoned in apple maps?",other,navigation_routing_traffic,"any updates on apple maps look around & navigation in cyprus? last year, apple was filming across cyprus (nicosia, paphos, larnaca, limassol). but so far, we still don’t have look around available, and apple maps doesn’t support turn-by-turn directions here. has anyone heard if/when apple is planning to roll out these features for cyprus? do you think they’ll eventually release the imagery they collected, or is the country basically abandoned in apple maps?","{'neg': 0.058, 'neu': 0.896, 'pos': 0.045, 'compound': -0.2477}",-0.2477,negative
1n624qf,applemaps,post,1756764110.0,2025-09-01 17:01:50,https://www.reddit.com/r/applemaps/comments/1n624qf/preferred_route_availability/,59.0,10.0,"preferred route availability apple maps new ios 26 feature to learn your preferred routes seems to be a feature limited only to those few countries that will also get ""visited places"" (australia, canada, malaysia, usa, uk and switzerland). i mistakenly thought that this feature will be available everywhere, however when i checked the ios 26 preview page again, the feature was now completely missing on the preview page (for germany). i guess it kind of makes sense, because in order to understand your preferred routes, maps needs to analyse your visited places in the correlation of time etc. on the other hand, i don't understand why visited places is a feature that is restricted to so few countries, since apple or your iphone collects these ""visited places"" anyway, so they might as well show them to me 🙄 i hope that this feature's availability will be expanded in the near future as i was really looking forward to it, especially when it comes to the automated notifications on the eta on your common commuting route for example.",other,navigation_routing_traffic,"preferred route availability apple maps new ios 26 feature to learn your preferred routes seems to be a feature limited only to those few countries that will also get ""visited places"" (australia, canada, malaysia, usa, uk and switzerland). i mistakenly thought that this feature will be available everywhere, however when i checked the ios 26 preview page again, the feature was now completely missing on the preview page (for germany). i guess it kind of makes sense, because in order to understand your preferred routes, maps needs to analyse your visited places in the correlation of time etc. on the other hand, i don't understand why visited places is a feature that is restricted to so few countries, since apple or your iphone collects these ""visited places"" anyway, so they might as well show them to me 🙄 i hope that this feature's availability will be expanded in the near future as i was really looking forward to it, especially when it comes to the automated notifications on the eta on your common commuting route for example.","{'neg': 0.052, 'neu': 0.903, 'pos': 0.046, 'compound': 0.0018}",0.0018,neutral
1n5sh62,applemaps,post,1756742157.0,2025-09-01 10:55:57,https://www.reddit.com/r/applemaps/comments/1n5sh62/wishes/,6.0,7.0,"wishes constantly switch between apple and google for maps. so wish apple maps had the feature that google maps has where the journey time changes colour between green,amber and red depending on issues on the journey.",comparison_discussion,other,"wishes constantly switch between apple and google for maps. so wish apple maps had the feature that google maps has where the journey time changes colour between green,amber and red depending on issues on the journey.","{'neg': 0.0, 'neu': 0.87, 'pos': 0.13, 'compound': 0.6238}",0.6238,positive
1n5s5hr,applemaps,post,1756741422.0,2025-09-01 10:43:42,https://www.reddit.com/r/applemaps/comments/1n5s5hr/contributing_to_apple_maps/,11.0,6.0,"contributing to apple maps i'm in a country where house numbers are not displayed on apple maps. only streets are shown. this makes it difficult to set up geolocation focus, such as for work. especially if you live on the same street. is there a way to add houses to apple maps? if not, where can i contact customer support?",other,ui_ux_carplay,"contributing to apple maps i'm in a country where house numbers are not displayed on apple maps. only streets are shown. this makes it difficult to set up geolocation focus, such as for work. especially if you live on the same street. is there a way to add houses to apple maps? if not, where can i contact customer support?","{'neg': 0.041, 'neu': 0.908, 'pos': 0.051, 'compound': 0.1431}",0.1431,neutral
1n5pzvt,applemaps,post,1756736449.0,2025-09-01 09:20:49,https://www.reddit.com/r/applemaps/comments/1n5pzvt/apple_map_only_showing_written_instructions/,2.0,5.0,"apple map only showing written instructions for the last month or so, when i use apple map, it shows as a normal route with the blue route showing on the map, but when i start the route, the maps goes away and it shows written instructions instead. it’s driving me nuts! i can’t figure out how to get the actual map to show. any help would be much appreciated.",other,navigation_routing_traffic,"apple map only showing written instructions for the last month or so, when i use apple map, it shows as a normal route with the blue route showing on the map, but when i start the route, the maps goes away and it shows written instructions instead. it’s driving me nuts! i can’t figure out how to get the actual map to show. any help would be much appreciated.","{'neg': 0.04, 'neu': 0.847, 'pos': 0.113, 'compound': 0.7463}",0.7463,positive
1n544vi,applemaps,post,1756669605.0,2025-08-31 14:46:45,https://www.reddit.com/r/applemaps/comments/1n544vi/go_home_apple_maps_youre_drunk/,0.0,4.0,"go home apple maps, you’re drunk! this was so wrong i had to grab a screenshot ;)",experience_complaint,ui_ux_carplay,"go home apple maps, you’re drunk! this was so wrong i had to grab a screenshot ;)","{'neg': 0.325, 'neu': 0.583, 'pos': 0.092, 'compound': -0.6988}",-0.6988,negative
1n1wvmj,applemaps,post,1756337946.0,2025-08-27 18:39:06,https://www.reddit.com/r/applemaps/comments/1n1wvmj/eta/,0.0,3.0,"eta i love the ui of apple maps, my tech boyfriend who works for a competitor of apple has tried to switch me to a different platform for years and i refuse. however, i had to delete it from my phone today because of the eta being so completely off lately. it is off by almost 40 minutes in my area. almost every time! what the heckkkkk is the reason! i know how eta is calculated on the backend (several variables)- and i don’t understand why it’s so bad all of the sudden. any answers?!",experience_complaint,ui_ux_carplay,"eta i love the ui of apple maps, my tech boyfriend who works for a competitor of apple has tried to switch me to a different platform for years and i refuse. however, i had to delete it from my phone today because of the eta being so completely off lately. it is off by almost 40 minutes in my area. almost every time! what the heckkkkk is the reason! i know how eta is calculated on the backend (several variables)- and i don’t understand why it’s so bad all of the sudden. any answers?!","{'neg': 0.078, 'neu': 0.878, 'pos': 0.043, 'compound': -0.5215}",-0.5215,negative
1myissg,applemaps,post,1755998738.0,2025-08-23 20:25:38,https://www.reddit.com/r/applemaps/comments/1myissg/how_do_i_see_my_eta_while_using_transit_on_apple/,51.0,14.0,how do i see my eta while using transit on apple maps? am i blind?,other,navigation_routing_traffic,how do i see my eta while using transit on apple maps? am i blind?,"{'neg': 0.203, 'neu': 0.797, 'pos': 0.0, 'compound': -0.4696}",-0.4696,negative
1my8u64,applemaps,post,1755973116.0,2025-08-23 13:18:36,https://www.reddit.com/r/applemaps/comments/1my8u64/how_does_apple_maps_decide_what_font_size_to_use/,19.0,7.0,"how does apple maps decide what font size to use for sub-city district labels? for taiwan, which has the new map data, the district labels are insanely big for taipei (except taishan district, which is somehow smaller). but for hsinchu, another city in taiwan, the district labels are much smaller. i've reported this to apple a while ago to no avail but i'm just curious if there's some logic behind this. tbh the huge labels are rather ugly...",other,other,"how does apple maps decide what font size to use for sub-city district labels? for taiwan, which has the new map data, the district labels are insanely big for taipei (except taishan district, which is somehow smaller). but for hsinchu, another city in taiwan, the district labels are much smaller. i've reported this to apple a while ago to no avail but i'm just curious if there's some logic behind this. tbh the huge labels are rather ugly...","{'neg': 0.034, 'neu': 0.895, 'pos': 0.071, 'compound': 0.4767}",0.4767,positive
1mxyown,applemaps,post,1755947584.0,2025-08-23 06:13:04,https://www.reddit.com/r/applemaps/comments/1mxyown/business_address/,2.0,1.0,business address how do i remove my business address from apple maps? it’s not showing in google maps,comparison_discussion,search_poi_data,business address how do i remove my business address from apple maps? it’s not showing in google maps,"{'neg': 0.0, 'neu': 1.0, 'pos': 0.0, 'compound': 0.0}",0.0,neutral
1mx24d9,applemaps,post,1755856101.0,2025-08-22 04:48:21,https://www.reddit.com/r/applemaps/comments/1mx24d9/with_the_new_apple_maps_in_mexico_stations_of_bus/,26.0,2.0,"with the new apple maps in mexico, stations of bus and light rail in monterey and goadalajara appears, and also for the line k (tren interoceánico). no sign of the stations for the train maya.",other,transit_walk_bike,"with the new apple maps in mexico, stations of bus and light rail in monterey and goadalajara appears, and also for the line k (tren interoceánico). no sign of the stations for the train maya.","{'neg': 0.062, 'neu': 0.937, 'pos': 0.0, 'compound': -0.296}",-0.296,negative
1mwot3t,applemaps,post,1755814078.0,2025-08-21 17:07:58,https://www.reddit.com/r/applemaps/comments/1mwot3t/which_one_is_more_accurate/,13.0,14.0,which one is more accurate? i’m getting widely different times for my eta. apple maps telling me it will take 9.5hrs and google maps telling me 13hrs. attached the screenshots bellow. any thoughts on which one i should prepare for?,comparison_discussion,ui_ux_carplay,which one is more accurate? i’m getting widely different times for my eta. apple maps telling me it will take 9.5hrs and google maps telling me 13hrs. attached the screenshots bellow. any thoughts on which one i should prepare for?,"{'neg': 0.0, 'neu': 1.0, 'pos': 0.0, 'compound': 0.0}",0.0,neutral
1mw8dnw,applemaps,post,1755776005.0,2025-08-21 06:33:25,https://www.reddit.com/r/applemaps/comments/1mw8dnw/update_to_latest_look_around_2025_imagery_in/,29.0,5.0,"update to latest look around 2025 imagery in france and usa the images of lancaster are the most recent on apple maps, dating from june.",other,other,"update to latest look around 2025 imagery in france and usa the images of lancaster are the most recent on apple maps, dating from june.","{'neg': 0.0, 'neu': 1.0, 'pos': 0.0, 'compound': 0.0}",0.0,neutral
1mw73qt,applemaps,post,1755771904.0,2025-08-21 05:25:04,https://www.reddit.com/r/applemaps/comments/1mw73qt/if_i_contribute_to_open_street_maps_updates_could/,3.0,3.0,"if i contribute to open street maps, updates could appear on apple maps as well?",other,other,"if i contribute to open street maps, updates could appear on apple maps as well?","{'neg': 0.0, 'neu': 0.861, 'pos': 0.139, 'compound': 0.2732}",0.2732,positive
1mvzqfm,applemaps,post,1755745881.0,2025-08-20 22:11:21,https://www.reddit.com/r/applemaps/comments/1mvzqfm/apple_is_improving_maps_one_neighborhood_at_a_time/,241.0,11.0,apple is improving maps one neighborhood at a time! in case no one has need an apple maps car here’s one that was near my neighborhood this afternoon.,other,other,apple is improving maps one neighborhood at a time! in case no one has need an apple maps car here’s one that was near my neighborhood this afternoon.,"{'neg': 0.073, 'neu': 0.825, 'pos': 0.102, 'compound': 0.2244}",0.2244,positive
1mvnct2,applemaps,post,1755715197.0,2025-08-20 13:39:57,https://www.reddit.com/r/applemaps/comments/1mvnct2/change_directions_default_from_starting_point/,2.0,2.0,"change directions default ""from"" (starting point)? so, i am finding myself creating guides in apple maps prior to going on a trip to a location. and as part of that planning, i like to see how far certain locations are from one another. but as soon as i click ""directions,"" the map zooms out to globe level and the ""from"" is assumed to be my current location. i am wondering if there might be a way to have the map only zoom out to a fixed radius - like the city's boundaries, for example - so that i can continue to focus on where the ""to"" (destination) location is. in the whole scheme of things, i guess it doesn't matter as you still need to enter the destination, but it sure would help in exploring a city or location from within apple maps.",experience_praise,ui_ux_carplay,"change directions default ""from"" (starting point)? so, i am finding myself creating guides in apple maps prior to going on a trip to a location. and as part of that planning, i like to see how far certain locations are from one another. but as soon as i click ""directions,"" the map zooms out to globe level and the ""from"" is assumed to be my current location. i am wondering if there might be a way to have the map only zoom out to a fixed radius - like the city's boundaries, for example - so that i can continue to focus on where the ""to"" (destination) location is. in the whole scheme of things, i guess it doesn't matter as you still need to enter the destination, but it sure would help in exploring a city or location from within apple maps.","{'neg': 0.008, 'neu': 0.886, 'pos': 0.106, 'compound': 0.9107}",0.9107,positive
1mvc9gi,applemaps,post,1755689658.0,2025-08-20 06:34:18,https://www.reddit.com/r/applemaps/comments/1mvc9gi/has_apple_maps_gotten_worse_at_predicting_etas/,11.0,10.0,"has apple maps gotten worse at predicting eta’s? almost consistently now apple maps will tell me my destination is 40 minutes away, only for me to get halfway there and go “oops, i meant 60 minutes away”",other,navigation_routing_traffic,"has apple maps gotten worse at predicting eta’s? almost consistently now apple maps will tell me my destination is 40 minutes away, only for me to get halfway there and go “oops, i meant 60 minutes away”","{'neg': 0.081, 'neu': 0.919, 'pos': 0.0, 'compound': -0.4767}",-0.4767,negative
1muxw2n,applemaps,post,1755644143.0,2025-08-19 17:55:43,https://www.reddit.com/r/applemaps/comments/1muxw2n/how_to_display_cardinal_direction_of_travel_in/,1.0,1.0,"how to display cardinal direction of travel in carplay i feel like i am overlooking something obvious, but how do i simply display the cardinal direction i am currently traveling when using carplay. i've installed an aftermarket stereo with carplay in an older car that doesn't have a compass. this info would be useful, but i can't find a way to enable it - seems like a oversight to omit this in a map application. google maps does it, but i would prefer to keep using apple maps",comparison_discussion,ui_ux_carplay,"how to display cardinal direction of travel in carplay i feel like i am overlooking something obvious, but how do i simply display the cardinal direction i am currently traveling when using carplay. i've installed an aftermarket stereo with carplay in an older car that doesn't have a compass. this info would be useful, but i can't find a way to enable it - seems like a oversight to omit this in a map application. google maps does it, but i would prefer to keep using apple maps","{'neg': 0.0, 'neu': 0.893, 'pos': 0.107, 'compound': 0.8338}",0.8338,positive
1muqkv2,applemaps,post,1755627819.0,2025-08-19 13:23:39,https://www.reddit.com/r/applemaps/comments/1muqkv2/florida_traffic_has_caused_a_new_apple_maps/,0.0,2.0,florida traffic has caused a new apple maps traffic color to emerge,other,navigation_routing_traffic,florida traffic has caused a new apple maps traffic color to emerge,"{'neg': 0.0, 'neu': 1.0, 'pos': 0.0, 'compound': 0.0}",0.0,neutral
1mujwl6,applemaps,post,1755613452.0,2025-08-19 09:24:12,https://www.reddit.com/r/applemaps/comments/1mujwl6/timed_road_access_bus_gates_implement_in_apple/,11.0,7.0,"timed road access (bus gates) - implement in apple maps i was wondering if it is possible to add timed road access to apple maps. around here (oxford, uk), we have timed bus gates, so during certain hours of the day, you will get fined when driving these routes. currently, apple maps will just ignore this and navigate you through these gates. is it possible to request to get this timed access added to the navigation? i am sure this must be a relatively common issue around the world.",experience_complaint,navigation_routing_traffic,"timed road access (bus gates) - implement in apple maps i was wondering if it is possible to add timed road access to apple maps. around here (oxford, uk), we have timed bus gates, so during certain hours of the day, you will get fined when driving these routes. currently, apple maps will just ignore this and navigate you through these gates. is it possible to request to get this timed access added to the navigation? i am sure this must be a relatively common issue around the world.","{'neg': 0.028, 'neu': 0.92, 'pos': 0.052, 'compound': 0.2911}",0.2911,positive
1mt5446,applemaps,post,1755470901.0,2025-08-17 17:48:21,https://www.reddit.com/r/applemaps/comments/1mt5446/can_i_set_up_apple_maps_to_show_me_km_in_canada/,11.0,5.0,can i set up apple maps to show me km in canada and miles in the us? google maps and wave can be set up to show km in canada and miles in the us. does anyone know how to do that on apple maps?,comparison_discussion,other,can i set up apple maps to show me km in canada and miles in the us? google maps and wave can be set up to show km in canada and miles in the us. does anyone know how to do that on apple maps?,"{'neg': 0.0, 'neu': 1.0, 'pos': 0.0, 'compound': 0.0}",0.0,neutral
1mstn17,applemaps,post,1755443949.0,2025-08-17 10:19:09,https://www.reddit.com/r/applemaps/comments/1mstn17/how_does_apple_decide_when_an_unmapped_country/,7.0,3.0,"how does apple decide when an unmapped country gets map coverage? do they have no desire to map countries that have a lot of unnamed roads? google maps deals with it by using coordinates despite there not being named roads. (i know nothing about how this happens for apple maps, just am tired of google maps and wish apple maps was available)",policy_discussion,policy_strategy,"how does apple decide when an unmapped country gets map coverage? do they have no desire to map countries that have a lot of unnamed roads? google maps deals with it by using coordinates despite there not being named roads. (i know nothing about how this happens for apple maps, just am tired of google maps and wish apple maps was available)","{'neg': 0.075, 'neu': 0.84, 'pos': 0.085, 'compound': 0.168}",0.168,neutral
1msimjg,applemaps,post,1755408827.0,2025-08-17 00:33:47,https://www.reddit.com/r/applemaps/comments/1msimjg/will_we_ever_get_weather_natively/,231.0,19.0,will we ever get weather natively? weather on the way and other navigation apps can be used to offer live radar while navigating on carplay. is there any talk of apple maps getting this? i work in a place with several weather and drive to a lot of work sites. would be helpful.,other,ui_ux_carplay,will we ever get weather natively? weather on the way and other navigation apps can be used to offer live radar while navigating on carplay. is there any talk of apple maps getting this? i work in a place with several weather and drive to a lot of work sites. would be helpful.,"{'neg': 0.0, 'neu': 0.939, 'pos': 0.061, 'compound': 0.4871}",0.4871,positive
1mrsph0,applemaps,post,1755344123.0,2025-08-16 06:35:23,https://www.reddit.com/r/applemaps/comments/1mrsph0/any_chance_we_will_see_satellite_view_in/,14.0,5.0,"any chance we will see satellite view in navigation mode? don't get me wrong, i really like apple maps. the only thing i am missing js satellite view when navigating. any chance we will see this in the future?",experience_complaint,navigation_routing_traffic,"any chance we will see satellite view in navigation mode? don't get me wrong, i really like apple maps. the only thing i am missing js satellite view when navigating. any chance we will see this in the future?","{'neg': 0.05, 'neu': 0.729, 'pos': 0.221, 'compound': 0.7584}",0.7584,positive
1mritmf,applemaps,post,1755313167.0,2025-08-15 21:59:27,https://www.reddit.com/r/applemaps/comments/1mritmf/blue_dot_apple_maps_issue/,12.0,4.0,"blue dot apple maps issue can anyone help me? my apple maps shows my location, but the blue dot isn’t appearing.",experience_complaint,search_poi_data,"blue dot apple maps issue can anyone help me? my apple maps shows my location, but the blue dot isn’t appearing.","{'neg': 0.0, 'neu': 0.915, 'pos': 0.085, 'compound': 0.2144}",0.2144,positive
1mqsse5,applemaps,post,1755250152.0,2025-08-15 04:29:12,https://www.reddit.com/r/applemaps/comments/1mqsse5/blurring/,22.0,13.0,blurring why does apple maps blur out stuff google maps doesn’t? (on satellite),comparison_discussion,other,blurring why does apple maps blur out stuff google maps doesn’t? (on satellite),"{'neg': 0.0, 'neu': 1.0, 'pos': 0.0, 'compound': 0.0}",0.0,neutral
1mqpjs4,applemaps,post,1755238986.0,2025-08-15 01:23:06,https://www.reddit.com/r/applemaps/comments/1mqpjs4/apple_maps_constantly_freezing/,11.0,1.0,apple maps constantly freezing,other,other,apple maps constantly freezing,"{'neg': 0.318, 'neu': 0.682, 'pos': 0.0, 'compound': -0.1027}",-0.1027,neutral
1mpiuio,applemaps,post,1755124308.0,2025-08-13 17:31:48,https://www.reddit.com/r/applemaps/comments/1mpiuio/forcemaps_update/,38.0,14.0,"forcemaps update 🚀 i recently made an app that automatically redirects addresses from google search directly into apple maps (now also supports waze!) and this community gave great feedback. a new version is now live on the appstore with a ton of new features. i added a lot of functionality to increase stability, added the option to hide the google ai overviews, and more also, dropped the price from $4.99 → $.99 based on feedback. app below and let me know what you want to see next 🚀 open to all feedback and will work quickly to make the changes you request :)",comparison_discussion,ui_ux_carplay,"forcemaps update 🚀 i recently made an app that automatically redirects addresses from google search directly into apple maps (now also supports waze!) and this community gave great feedback. a new version is now live on the appstore with a ton of new features. i added a lot of functionality to increase stability, added the option to hide the google ai overviews, and more also, dropped the price from $4.99 → $.99 based on feedback. app below and let me know what you want to see next 🚀 open to all feedback and will work quickly to make the changes you request :)","{'neg': 0.016, 'neu': 0.854, 'pos': 0.129, 'compound': 0.8955}",0.8955,positive
1mpc1fg,applemaps,post,1755108795.0,2025-08-13 13:13:15,https://www.reddit.com/r/applemaps/comments/1mpc1fg/oh_no_roblox_invading_apple_maps/,21.0,1.0,oh no! roblox invading apple maps,other,other,oh no! roblox invading apple maps,"{'neg': 0.333, 'neu': 0.667, 'pos': 0.0, 'compound': -0.3595}",-0.3595,negative
1moeg0k,applemaps,post,1755018304.0,2025-08-12 12:05:04,https://www.reddit.com/r/applemaps/comments/1moeg0k/apple_maps_were_high_on_drgs_or_something/,0.0,1.0,apple maps were high on dr..gs or something —— happened on volvo xc60 ——— hello guys i have a question. i was on 3.5h drive and for some reason my apple maps was showing this “zoom out” view. idk if that was a bug or not but even in the head up display was showing me the “zoom out” display … for the first 1.5h i was like ohh cool how nice a new way of showing zoom out. maybe a bug of a preview of ios26 but then it started bothering me bcs i could not see my next turn on a big screen. the detailed version. so i needed to restart my car and then it get to a normal view. like i know it (last picture) ••• first 1.5-2h it was showing me the first 7 pictures after hard reset of a car it went back to normal view last pic. is there a reason why it happened ? •••,bug_report,ui_ux_carplay,apple maps were high on dr..gs or something —— happened on volvo xc60 ——— hello guys i have a question. i was on 3.5h drive and for some reason my apple maps was showing this “zoom out” view. idk if that was a bug or not but even in the head up display was showing me the “zoom out” display ... for the first 1.5h i was like ohh cool how nice a new way of showing zoom out. maybe a bug of a preview of ios26 but then it started bothering me bcs i could not see my next turn on a big screen. the detailed version. so i needed to restart my car and then it get to a normal view. like i know it (last picture) ••• first 1.5-2h it was showing me the first 7 pictures after hard reset of a car it went back to normal view last pic. is there a reason why it happened ? •••,"{'neg': 0.039, 'neu': 0.878, 'pos': 0.083, 'compound': 0.8381}",0.8381,positive
1moefva,applemaps,post,1755018297.0,2025-08-12 12:04:57,https://www.reddit.com/r/applemaps/comments/1moefva/apple_maps_were_high_on_drgs_or_something/,0.0,9.0,apple maps were high on dr..gs or something —— happened on volvo xc60 ——— hello guys i have a question. i was on 3.5h drive and for some reason my apple maps was showing this “zoom out” view. idk if that was a bug or not but even in the head up display was showing me the “zoom out” display … for the first 1.5h i was like ohh cool how nice a new way of showing zoom out. maybe a bug of a preview of ios26 but then it started bothering me bcs i could not see my next turn on a big screen. the detailed version. so i needed to restart my car and then it get to a normal view. like i know it (last picture) ••• first 1.5-2h it was showing me the first 7 pictures after hard reset of a car it went back to normal view last pic. is there a reason why it happened ? •••,bug_report,ui_ux_carplay,apple maps were high on dr..gs or something —— happened on volvo xc60 ——— hello guys i have a question. i was on 3.5h drive and for some reason my apple maps was showing this “zoom out” view. idk if that was a bug or not but even in the head up display was showing me the “zoom out” display ... for the first 1.5h i was like ohh cool how nice a new way of showing zoom out. maybe a bug of a preview of ios26 but then it started bothering me bcs i could not see my next turn on a big screen. the detailed version. so i needed to restart my car and then it get to a normal view. like i know it (last picture) ••• first 1.5-2h it was showing me the first 7 pictures after hard reset of a car it went back to normal view last pic. is there a reason why it happened ? •••,"{'neg': 0.039, 'neu': 0.878, 'pos': 0.083, 'compound': 0.8381}",0.8381,positive
1moaesa,applemaps,post,1755009279.0,2025-08-12 09:34:39,https://www.reddit.com/r/applemaps/comments/1moaesa/apple_maps_doesnt_recognize_express_lanes_in/,27.0,4.0,apple maps doesn’t recognize express lanes in seattle i had mostly converted to apple maps and started realizing that it never recommends express lanes. used google for 2 weeks and it always recommended express lanes when open. these lanes shave off 15 mins from a 40 min commute at times.,other,navigation_routing_traffic,apple maps doesn’t recognize express lanes in seattle i had mostly converted to apple maps and started realizing that it never recommends express lanes. used google for 2 weeks and it always recommended express lanes when open. these lanes shave off 15 mins from a 40 min commute at times.,"{'neg': 0.034, 'neu': 0.928, 'pos': 0.037, 'compound': 0.0346}",0.0346,neutral
1mnemkm,applemaps,post,1754922812.0,2025-08-11 09:33:32,https://www.reddit.com/r/applemaps/comments/1mnemkm/is_it_time_to_switch_to_apple_maps/,186.0,57.0,"is it time to switch to apple maps? as a google maps user for 6 years, i have found apple maps more appealing to the eye. especially in cities like new york, hong kong, or singapore etc. public transport navigation is also very straight to the point and it can definitely compete with google maps is it time to switch?",comparison_discussion,navigation_routing_traffic,"is it time to switch to apple maps? as a google maps user for 6 years, i have found apple maps more appealing to the eye. especially in cities like new york, hong kong, or singapore etc. public transport navigation is also very straight to the point and it can definitely compete with google maps is it time to switch?","{'neg': 0.0, 'neu': 0.871, 'pos': 0.129, 'compound': 0.7916}",0.7916,positive
1mn3os3,applemaps,post,1754886856.0,2025-08-10 23:34:16,https://www.reddit.com/r/applemaps/comments/1mn3os3/apple_mapss_secret_speedometer/,54.0,16.0,"apple maps’s secret speedometer (confirm to be chinese exclusive on national highways! ) one thing i noticed during my ride is that the speed limit icon on the road is usually a red outer ring with black text on white, but if you’re speeding it will turn into white text on red. but i think it’s better still to look at the car instead of relying on gps speed, and this is way too subtle too. i will add a screenshot when i have the chance",other,ui_ux_carplay,"apple maps’s secret speedometer (confirm to be chinese exclusive on national highways! ) one thing i noticed during my ride is that the speed limit icon on the road is usually a red outer ring with black text on white, but if you’re speeding it will turn into white text on red. but i think it’s better still to look at the car instead of relying on gps speed, and this is way too subtle too. i will add a screenshot when i have the chance","{'neg': 0.0, 'neu': 0.906, 'pos': 0.094, 'compound': 0.784}",0.784,positive
1mm4guo,applemaps,post,1754785048.0,2025-08-09 19:17:28,https://www.reddit.com/r/applemaps/comments/1mm4guo/apple_maps_place_issue/,19.0,7.0,apple maps place issue i’ve added a missing place and the next day i got a notification from apple maps to say they have reviewed and approved my request and it doesn’t show the marker or when i search it in maps i’ve told them lots of information about this missing place,experience_complaint,search_poi_data,apple maps place issue i’ve added a missing place and the next day i got a notification from apple maps to say they have reviewed and approved my request and it doesn’t show the marker or when i search it in maps i’ve told them lots of information about this missing place,"{'neg': 0.084, 'neu': 0.862, 'pos': 0.054, 'compound': -0.1531}",-0.1531,neutral
1mlxoup,applemaps,post,1754766952.0,2025-08-09 14:15:52,https://www.reddit.com/r/applemaps/comments/1mlxoup/help_uk_holiday_coming_from_the_continent/,0.0,9.0,"help: uk holiday coming from the continent. how do i change the driving direction? i usually drive on the right in germany, belgium and france, but need to change apple maps so that the navigation in the uk directs me through traffic correctly on the left side of the road. is there a setting to change the driving direction?",other,navigation_routing_traffic,"help: uk holiday coming from the continent. how do i change the driving direction? i usually drive on the right in germany, belgium and france, but need to change apple maps so that the navigation in the uk directs me through traffic correctly on the left side of the road. is there a setting to change the driving direction?","{'neg': 0.0, 'neu': 0.93, 'pos': 0.07, 'compound': 0.4696}",0.4696,positive
